2026-09-04 01:14:49,515 | INFO | src.embedders.embedding_generator | Loading embedding model: all-MiniLM-L6-v2
2026-09-04 01:14:49,520 | INFO | sentence_transformers.base.model | No device provided, using cpu
2026-09-04 01:14:50,033 | INFO | httpx | HTTP Request: GET https://huggingface.co/api/agent-harnesses "HTTP/1.1 200 OK"
2026-09-04 01:14:50,280 | INFO | httpx | HTTP Request: HEAD https://huggingface.co/sentence-transformers/all-MiniLM-L6-v2/resolve/main/modules.json "HTTP/1.1 307 Temporary Redirect"
2026-09-04 01:14:50,300 | INFO | httpx | HTTP Request: HEAD https://huggingface.co/api/resolve-cache/models/sentence-transformers/all-MiniLM-L6-v2/1110a243fdf4706b3f48f1d95db1a4f5529b4d41/modules.json "HTTP/1.1 200 OK"
2026-09-04 01:14:50,551 | INFO | httpx | HTTP Request: HEAD https://huggingface.co/sentence-transformers/all-MiniLM-L6-v2/resolve/main/config_sentence_transformers.json "HTTP/1.1 307 Temporary Redirect"
2026-09-04 01:14:50,555 | WARNING | huggingface_hub.utils._http | Warning: You are sending unauthenticated requests to the HF Hub. Please set a HF_TOKEN to enable higher rate limits and faster downloads.
2026-09-04 01:14:50,570 | INFO | httpx | HTTP Request: HEAD https://huggingface.co/api/resolve-cache/models/sentence-transformers/all-MiniLM-L6-v2/1110a243fdf4706b3f48f1d95db1a4f5529b4d41/config_sentence_transformers.json "HTTP/1.1 200 OK"
2026-09-04 01:14:50,590 | INFO | sentence_transformers.base.model | Loading SentenceTransformer model from sentence-transformers/all-MiniLM-L6-v2.
2026-09-04 01:14:50,824 | INFO | httpx | HTTP Request: HEAD https://huggingface.co/sentence-transformers/all-MiniLM-L6-v2/resolve/main/config_sentence_transformers.json "HTTP/1.1 307 Temporary Redirect"
2026-09-04 01:14:50,843 | INFO | httpx | HTTP Request: HEAD https://huggingface.co/api/resolve-cache/models/sentence-transformers/all-MiniLM-L6-v2/1110a243fdf4706b3f48f1d95db1a4f5529b4d41/config_sentence_transformers.json "HTTP/1.1 200 OK"
2026-09-04 01:14:51,080 | INFO | httpx | HTTP Request: HEAD https://huggingface.co/sentence-transformers/all-MiniLM-L6-v2/resolve/main/README.md "HTTP/1.1 307 Temporary Redirect"
2026-09-04 01:14:51,100 | INFO | httpx | HTTP Request: HEAD https://huggingface.co/api/resolve-cache/models/sentence-transformers/all-MiniLM-L6-v2/1110a243fdf4706b3f48f1d95db1a4f5529b4d41/README.md "HTTP/1.1 200 OK"
2026-09-04 01:14:51,360 | INFO | httpx | HTTP Request: HEAD https://huggingface.co/sentence-transformers/all-MiniLM-L6-v2/resolve/main/modules.json "HTTP/1.1 307 Temporary Redirect"
2026-09-04 01:14:51,380 | INFO | httpx | HTTP Request: HEAD https://huggingface.co/api/resolve-cache/models/sentence-transformers/all-MiniLM-L6-v2/1110a243fdf4706b3f48f1d95db1a4f5529b4d41/modules.json "HTTP/1.1 200 OK"
2026-09-04 01:14:51,620 | INFO | httpx | HTTP Request: HEAD https://huggingface.co/sentence-transformers/all-MiniLM-L6-v2/resolve/main/sentence_bert_config.json "HTTP/1.1 307 Temporary Redirect"
2026-09-04 01:14:51,651 | INFO | httpx | HTTP Request: HEAD https://huggingface.co/api/resolve-cache/models/sentence-transformers/all-MiniLM-L6-v2/1110a243fdf4706b3f48f1d95db1a4f5529b4d41/sentence_bert_config.json "HTTP/1.1 200 OK"
2026-09-04 01:14:51,900 | INFO | httpx | HTTP Request: HEAD https://huggingface.co/sentence-transformers/all-MiniLM-L6-v2/resolve/main/adapter_config.json "HTTP/1.1 404 Not Found"
2026-09-04 01:14:52,301 | INFO | httpx | HTTP Request: HEAD https://huggingface.co/sentence-transformers/all-MiniLM-L6-v2/resolve/main/config.json "HTTP/1.1 307 Temporary Redirect"
2026-09-04 01:14:52,320 | INFO | httpx | HTTP Request: HEAD https://huggingface.co/api/resolve-cache/models/sentence-transformers/all-MiniLM-L6-v2/1110a243fdf4706b3f48f1d95db1a4f5529b4d41/config.json "HTTP/1.1 200 OK"
2026-09-04 01:14:52,790 | INFO | httpx | HTTP Request: HEAD https://huggingface.co/sentence-transformers/all-MiniLM-L6-v2/resolve/main/processor_config.json "HTTP/1.1 404 Not Found"
2026-09-04 01:14:53,200 | INFO | httpx | HTTP Request: HEAD https://huggingface.co/sentence-transformers/all-MiniLM-L6-v2/resolve/main/preprocessor_config.json "HTTP/1.1 404 Not Found"
2026-09-04 01:14:53,440 | INFO | httpx | HTTP Request: HEAD https://huggingface.co/sentence-transformers/all-MiniLM-L6-v2/resolve/main/video_preprocessor_config.json "HTTP/1.1 404 Not Found"
2026-09-04 01:14:53,682 | INFO | httpx | HTTP Request: HEAD https://huggingface.co/sentence-transformers/all-MiniLM-L6-v2/resolve/main/preprocessor_config.json "HTTP/1.1 404 Not Found"
2026-09-04 01:14:53,920 | INFO | httpx | HTTP Request: HEAD https://huggingface.co/sentence-transformers/all-MiniLM-L6-v2/resolve/main/tokenizer_config.json "HTTP/1.1 307 Temporary Redirect"
2026-09-04 01:14:53,940 | INFO | httpx | HTTP Request: HEAD https://huggingface.co/api/resolve-cache/models/sentence-transformers/all-MiniLM-L6-v2/1110a243fdf4706b3f48f1d95db1a4f5529b4d41/tokenizer_config.json "HTTP/1.1 200 OK"
2026-09-04 01:14:54,211 | INFO | httpx | HTTP Request: HEAD https://huggingface.co/sentence-transformers/all-MiniLM-L6-v2/resolve/main/config.json "HTTP/1.1 307 Temporary Redirect"
2026-09-04 01:14:54,236 | INFO | httpx | HTTP Request: HEAD https://huggingface.co/api/resolve-cache/models/sentence-transformers/all-MiniLM-L6-v2/1110a243fdf4706b3f48f1d95db1a4f5529b4d41/config.json "HTTP/1.1 200 OK"
2026-09-04 01:14:54,476 | INFO | httpx | HTTP Request: HEAD https://huggingface.co/sentence-transformers/all-MiniLM-L6-v2/resolve/main/config.json "HTTP/1.1 307 Temporary Redirect"
2026-09-04 01:14:54,492 | INFO | httpx | HTTP Request: HEAD https://huggingface.co/api/resolve-cache/models/sentence-transformers/all-MiniLM-L6-v2/1110a243fdf4706b3f48f1d95db1a4f5529b4d41/config.json "HTTP/1.1 200 OK"
2026-09-04 01:14:54,734 | INFO | httpx | HTTP Request: HEAD https://huggingface.co/sentence-transformers/all-MiniLM-L6-v2/resolve/main/tokenizer_config.json "HTTP/1.1 307 Temporary Redirect"
2026-09-04 01:14:54,765 | INFO | httpx | HTTP Request: HEAD https://huggingface.co/api/resolve-cache/models/sentence-transformers/all-MiniLM-L6-v2/1110a243fdf4706b3f48f1d95db1a4f5529b4d41/tokenizer_config.json "HTTP/1.1 200 OK"
2026-09-04 01:14:55,188 | INFO | httpx | HTTP Request: GET https://huggingface.co/api/models/sentence-transformers/all-MiniLM-L6-v2/tree/main/additional_chat_templates?recursive=false&expand=false "HTTP/1.1 404 Not Found"
2026-09-04 01:14:55,433 | INFO | httpx | HTTP Request: GET https://huggingface.co/api/models/sentence-transformers/all-MiniLM-L6-v2/tree/main?recursive=true&expand=false "HTTP/1.1 200 OK"
2026-09-04 01:14:55,793 | INFO | httpx | HTTP Request: HEAD https://huggingface.co/sentence-transformers/all-MiniLM-L6-v2/resolve/main/1_Pooling/config.json "HTTP/1.1 307 Temporary Redirect"
2026-09-04 01:14:55,813 | INFO | httpx | HTTP Request: HEAD https://huggingface.co/api/resolve-cache/models/sentence-transformers/all-MiniLM-L6-v2/1110a243fdf4706b3f48f1d95db1a4f5529b4d41/1_Pooling%2Fconfig.json "HTTP/1.1 200 OK"
2026-09-04 01:14:56,240 | INFO | httpx | HTTP Request: GET https://huggingface.co/api/models/sentence-transformers/all-MiniLM-L6-v2 "HTTP/1.1 200 OK"
2026-09-04 01:14:56,410 | INFO | src.embedders.embedding_generator | Embedding model loaded successfully
2026-09-04 01:14:56,410 | INFO | src.storage.jsonl_store | Reading records from data/processed/chunks.jsonl
2026-09-04 01:14:56,410 | INFO | src.storage.jsonl_store | Loaded 0 objects
2026-09-04 01:15:04,570 | INFO | src.pipelines.dataset_pipeline | Processing URL: https://docs.python.org/3/tutorial/
2026-09-04 01:15:04,570 | INFO | src.collectors.docs_collector | Collecting document from https://docs.python.org/3/tutorial/
2026-09-04 01:15:04,770 | INFO | src.collectors.docs_collector | Successfully downloaded page
2026-09-04 01:15:04,945 | INFO | src.collectors.docs_collector | Document created successfully (id=e15df1cc-ee85-4fd2-a3c9-bf1863856c85)
2026-09-04 01:15:04,950 | INFO | src.cleaners.document_cleaner | Cleaning document (id=e15df1cc-ee85-4fd2-a3c9-bf1863856c85)
2026-09-04 01:15:04,950 | INFO | src.cleaners.document_cleaner | Finished cleaning document (id=e15df1cc-ee85-4fd2-a3c9-bf1863856c85)
2026-09-04 01:15:04,950 | INFO | src.validator.document_validator | Validating document (id=e15df1cc-ee85-4fd2-a3c9-bf1863856c85)
2026-09-04 01:15:04,950 | INFO | src.enrichers.document_enricher | Enriching document (id=e15df1cc-ee85-4fd2-a3c9-bf1863856c85)
2026-09-04 01:15:04,950 | INFO | src.enrichers.document_enricher | Enrichment completed (id=e15df1cc-ee85-4fd2-a3c9-bf1863856c85, words=362, chars=2293, quality=0.50)
2026-09-04 01:15:04,950 | INFO | src.storage.jsonl_store | Saving object to data/raw/documents.jsonl
2026-09-04 01:15:04,950 | INFO | src.storage.jsonl_store | Object saved successfully
2026-09-04 01:15:04,950 | INFO | src.pipelines.dataset_pipeline | Saved document (id=e15df1cc-ee85-4fd2-a3c9-bf1863856c85, title='The Python Tutorial — Python 3.14.7 documentation')
2026-09-04 01:15:04,950 | INFO | src.chunkers.document_chunker | Starting chunking for document (id=e15df1cc-ee85-4fd2-a3c9-bf1863856c85)
2026-09-04 01:15:04,950 | INFO | src.chunkers.document_chunker | Chunking completed (id=e15df1cc-ee85-4fd2-a3c9-bf1863856c85, chunks=12)
2026-09-04 01:15:04,950 | INFO | src.storage.jsonl_store | Saving 12 objects
2026-09-04 01:15:04,954 | INFO | src.storage.jsonl_store | Saving object to data/processed/chunks.jsonl
2026-09-04 01:15:04,954 | INFO | src.storage.jsonl_store | Object saved successfully
2026-09-04 01:15:04,954 | INFO | src.storage.jsonl_store | Saving object to data/processed/chunks.jsonl
2026-09-04 01:15:04,955 | INFO | src.storage.jsonl_store | Object saved successfully
2026-09-04 01:15:04,955 | INFO | src.storage.jsonl_store | Saving object to data/processed/chunks.jsonl
2026-09-04 01:15:04,955 | INFO | src.storage.jsonl_store | Object saved successfully
2026-09-04 01:15:04,955 | INFO | src.storage.jsonl_store | Saving object to data/processed/chunks.jsonl
2026-09-04 01:15:04,955 | INFO | src.storage.jsonl_store | Object saved successfully
2026-09-04 01:15:04,955 | INFO | src.storage.jsonl_store | Saving object to data/processed/chunks.jsonl
2026-09-04 01:15:04,955 | INFO | src.storage.jsonl_store | Object saved successfully
2026-09-04 01:15:04,955 | INFO | src.storage.jsonl_store | Saving object to data/processed/chunks.jsonl
2026-09-04 01:15:04,955 | INFO | src.storage.jsonl_store | Object saved successfully
2026-09-04 01:15:04,955 | INFO | src.storage.jsonl_store | Saving object to data/processed/chunks.jsonl
2026-09-04 01:15:04,959 | INFO | src.storage.jsonl_store | Object saved successfully
2026-09-04 01:15:04,959 | INFO | src.storage.jsonl_store | Saving object to data/processed/chunks.jsonl
2026-09-04 01:15:04,960 | INFO | src.storage.jsonl_store | Object saved successfully
2026-09-04 01:15:04,960 | INFO | src.storage.jsonl_store | Saving object to data/processed/chunks.jsonl
2026-09-04 01:15:04,960 | INFO | src.storage.jsonl_store | Object saved successfully
2026-09-04 01:15:04,960 | INFO | src.storage.jsonl_store | Saving object to data/processed/chunks.jsonl
2026-09-04 01:15:04,960 | INFO | src.storage.jsonl_store | Object saved successfully
2026-09-04 01:15:04,960 | INFO | src.storage.jsonl_store | Saving object to data/processed/chunks.jsonl
2026-09-04 01:15:04,962 | INFO | src.storage.jsonl_store | Object saved successfully
2026-09-04 01:15:04,962 | INFO | src.storage.jsonl_store | Saving object to data/processed/chunks.jsonl
2026-09-04 01:15:04,963 | INFO | src.storage.jsonl_store | Object saved successfully
2026-09-04 01:15:04,963 | INFO | src.storage.jsonl_store | Finished saving 12 objects
2026-09-04 01:15:04,963 | INFO | src.pipelines.dataset_pipeline | chunk Length=12
2026-09-04 01:15:04,963 | INFO | src.embedders.embedding_generator | Loading embedding model: all-MiniLM-L6-v2
2026-09-04 01:15:04,963 | INFO | sentence_transformers.base.model | No device provided, using cpu
2026-09-04 01:15:05,250 | INFO | httpx | HTTP Request: HEAD https://huggingface.co/sentence-transformers/all-MiniLM-L6-v2/resolve/main/modules.json "HTTP/1.1 307 Temporary Redirect"
2026-09-04 01:15:05,275 | INFO | httpx | HTTP Request: HEAD https://huggingface.co/api/resolve-cache/models/sentence-transformers/all-MiniLM-L6-v2/1110a243fdf4706b3f48f1d95db1a4f5529b4d41/modules.json "HTTP/1.1 200 OK"
2026-09-04 01:15:05,510 | INFO | httpx | HTTP Request: HEAD https://huggingface.co/sentence-transformers/all-MiniLM-L6-v2/resolve/main/config_sentence_transformers.json "HTTP/1.1 307 Temporary Redirect"
2026-09-04 01:15:05,520 | INFO | httpx | HTTP Request: HEAD https://huggingface.co/api/resolve-cache/models/sentence-transformers/all-MiniLM-L6-v2/1110a243fdf4706b3f48f1d95db1a4f5529b4d41/config_sentence_transformers.json "HTTP/1.1 200 OK"
2026-09-04 01:15:05,532 | INFO | sentence_transformers.base.model | Loading SentenceTransformer model from sentence-transformers/all-MiniLM-L6-v2.
2026-09-04 01:15:05,770 | INFO | httpx | HTTP Request: HEAD https://huggingface.co/sentence-transformers/all-MiniLM-L6-v2/resolve/main/config_sentence_transformers.json "HTTP/1.1 307 Temporary Redirect"
2026-09-04 01:15:05,790 | INFO | httpx | HTTP Request: HEAD https://huggingface.co/api/resolve-cache/models/sentence-transformers/all-MiniLM-L6-v2/1110a243fdf4706b3f48f1d95db1a4f5529b4d41/config_sentence_transformers.json "HTTP/1.1 200 OK"
2026-09-04 01:15:06,030 | INFO | httpx | HTTP Request: HEAD https://huggingface.co/sentence-transformers/all-MiniLM-L6-v2/resolve/main/README.md "HTTP/1.1 307 Temporary Redirect"
2026-09-04 01:15:06,043 | INFO | httpx | HTTP Request: HEAD https://huggingface.co/api/resolve-cache/models/sentence-transformers/all-MiniLM-L6-v2/1110a243fdf4706b3f48f1d95db1a4f5529b4d41/README.md "HTTP/1.1 200 OK"
2026-09-04 01:15:06,282 | INFO | httpx | HTTP Request: HEAD https://huggingface.co/sentence-transformers/all-MiniLM-L6-v2/resolve/main/modules.json "HTTP/1.1 307 Temporary Redirect"
2026-09-04 01:15:06,300 | INFO | httpx | HTTP Request: HEAD https://huggingface.co/api/resolve-cache/models/sentence-transformers/all-MiniLM-L6-v2/1110a243fdf4706b3f48f1d95db1a4f5529b4d41/modules.json "HTTP/1.1 200 OK"
2026-09-04 01:15:06,533 | INFO | httpx | HTTP Request: HEAD https://huggingface.co/sentence-transformers/all-MiniLM-L6-v2/resolve/main/sentence_bert_config.json "HTTP/1.1 307 Temporary Redirect"
2026-09-04 01:15:06,557 | INFO | httpx | HTTP Request: HEAD https://huggingface.co/api/resolve-cache/models/sentence-transformers/all-MiniLM-L6-v2/1110a243fdf4706b3f48f1d95db1a4f5529b4d41/sentence_bert_config.json "HTTP/1.1 200 OK"
2026-09-04 01:15:06,793 | INFO | httpx | HTTP Request: HEAD https://huggingface.co/sentence-transformers/all-MiniLM-L6-v2/resolve/main/adapter_config.json "HTTP/1.1 404 Not Found"
2026-09-04 01:15:07,038 | INFO | httpx | HTTP Request: HEAD https://huggingface.co/sentence-transformers/all-MiniLM-L6-v2/resolve/main/config.json "HTTP/1.1 307 Temporary Redirect"
2026-09-04 01:15:07,053 | INFO | httpx | HTTP Request: HEAD https://huggingface.co/api/resolve-cache/models/sentence-transformers/all-MiniLM-L6-v2/1110a243fdf4706b3f48f1d95db1a4f5529b4d41/config.json "HTTP/1.1 200 OK"
2026-09-04 01:15:07,331 | INFO | httpx | HTTP Request: HEAD https://huggingface.co/sentence-transformers/all-MiniLM-L6-v2/resolve/main/processor_config.json "HTTP/1.1 404 Not Found"
2026-09-04 01:15:07,633 | INFO | httpx | HTTP Request: HEAD https://huggingface.co/sentence-transformers/all-MiniLM-L6-v2/resolve/main/preprocessor_config.json "HTTP/1.1 404 Not Found"
2026-09-04 01:15:07,874 | INFO | httpx | HTTP Request: HEAD https://huggingface.co/sentence-transformers/all-MiniLM-L6-v2/resolve/main/video_preprocessor_config.json "HTTP/1.1 404 Not Found"
2026-09-04 01:15:08,121 | INFO | httpx | HTTP Request: HEAD https://huggingface.co/sentence-transformers/all-MiniLM-L6-v2/resolve/main/preprocessor_config.json "HTTP/1.1 404 Not Found"
2026-09-04 01:15:08,354 | INFO | httpx | HTTP Request: HEAD https://huggingface.co/sentence-transformers/all-MiniLM-L6-v2/resolve/main/tokenizer_config.json "HTTP/1.1 307 Temporary Redirect"
2026-09-04 01:15:08,375 | INFO | httpx | HTTP Request: HEAD https://huggingface.co/api/resolve-cache/models/sentence-transformers/all-MiniLM-L6-v2/1110a243fdf4706b3f48f1d95db1a4f5529b4d41/tokenizer_config.json "HTTP/1.1 200 OK"
2026-09-04 01:15:08,610 | INFO | httpx | HTTP Request: HEAD https://huggingface.co/sentence-transformers/all-MiniLM-L6-v2/resolve/main/config.json "HTTP/1.1 307 Temporary Redirect"
2026-09-04 01:15:08,631 | INFO | httpx | HTTP Request: HEAD https://huggingface.co/api/resolve-cache/models/sentence-transformers/all-MiniLM-L6-v2/1110a243fdf4706b3f48f1d95db1a4f5529b4d41/config.json "HTTP/1.1 200 OK"
2026-09-04 01:15:08,872 | INFO | httpx | HTTP Request: HEAD https://huggingface.co/sentence-transformers/all-MiniLM-L6-v2/resolve/main/config.json "HTTP/1.1 307 Temporary Redirect"
2026-09-04 01:15:08,890 | INFO | httpx | HTTP Request: HEAD https://huggingface.co/api/resolve-cache/models/sentence-transformers/all-MiniLM-L6-v2/1110a243fdf4706b3f48f1d95db1a4f5529b4d41/config.json "HTTP/1.1 200 OK"
2026-09-04 01:15:09,160 | INFO | httpx | HTTP Request: HEAD https://huggingface.co/sentence-transformers/all-MiniLM-L6-v2/resolve/main/tokenizer_config.json "HTTP/1.1 307 Temporary Redirect"
2026-09-04 01:15:09,191 | INFO | httpx | HTTP Request: HEAD https://huggingface.co/api/resolve-cache/models/sentence-transformers/all-MiniLM-L6-v2/1110a243fdf4706b3f48f1d95db1a4f5529b4d41/tokenizer_config.json "HTTP/1.1 200 OK"
2026-09-04 01:15:09,430 | INFO | httpx | HTTP Request: GET https://huggingface.co/api/models/sentence-transformers/all-MiniLM-L6-v2/tree/main/additional_chat_templates?recursive=false&expand=false "HTTP/1.1 404 Not Found"
2026-09-04 01:15:09,681 | INFO | httpx | HTTP Request: GET https://huggingface.co/api/models/sentence-transformers/all-MiniLM-L6-v2/tree/main?recursive=true&expand=false "HTTP/1.1 200 OK"
2026-09-04 01:15:09,960 | INFO | httpx | HTTP Request: HEAD https://huggingface.co/sentence-transformers/all-MiniLM-L6-v2/resolve/main/1_Pooling/config.json "HTTP/1.1 307 Temporary Redirect"
2026-09-04 01:15:09,987 | INFO | httpx | HTTP Request: HEAD https://huggingface.co/api/resolve-cache/models/sentence-transformers/all-MiniLM-L6-v2/1110a243fdf4706b3f48f1d95db1a4f5529b4d41/1_Pooling%2Fconfig.json "HTTP/1.1 200 OK"
2026-09-04 01:15:10,220 | INFO | httpx | HTTP Request: GET https://huggingface.co/api/models/sentence-transformers/all-MiniLM-L6-v2 "HTTP/1.1 200 OK"
2026-09-04 01:15:10,230 | INFO | src.embedders.embedding_generator | Embedding model loaded successfully
2026-09-04 01:15:10,230 | INFO | src.embedders.embedding_generator | Generating embedding for chunk (id=e15df1cc-ee85-4fd2-a3c9-bf1863856c85_chunk_1)
2026-09-04 01:15:10,503 | INFO | src.storage.jsonl_store | Saving object to data/processed/embeddings.jsonl
2026-09-04 01:15:10,506 | INFO | src.storage.jsonl_store | Object saved successfully
2026-09-04 01:15:10,506 | INFO | src.embedders.embedding_generator | Generating embedding for chunk (id=e15df1cc-ee85-4fd2-a3c9-bf1863856c85_chunk_2)
2026-09-04 01:15:10,536 | INFO | src.storage.jsonl_store | Saving object to data/processed/embeddings.jsonl
2026-09-04 01:15:10,536 | INFO | src.storage.jsonl_store | Object saved successfully
2026-09-04 01:15:10,538 | INFO | src.embedders.embedding_generator | Generating embedding for chunk (id=e15df1cc-ee85-4fd2-a3c9-bf1863856c85_chunk_3)
2026-09-04 01:15:10,570 | INFO | src.storage.jsonl_store | Saving object to data/processed/embeddings.jsonl
2026-09-04 01:15:10,570 | INFO | src.storage.jsonl_store | Object saved successfully
2026-09-04 01:15:10,570 | INFO | src.embedders.embedding_generator | Generating embedding for chunk (id=e15df1cc-ee85-4fd2-a3c9-bf1863856c85_chunk_4)
2026-09-04 01:15:10,626 | INFO | src.storage.jsonl_store | Saving object to data/processed/embeddings.jsonl
2026-09-04 01:15:10,632 | INFO | src.storage.jsonl_store | Object saved successfully
2026-09-04 01:15:10,633 | INFO | src.embedders.embedding_generator | Generating embedding for chunk (id=e15df1cc-ee85-4fd2-a3c9-bf1863856c85_chunk_5)
2026-09-04 01:15:10,662 | INFO | src.storage.jsonl_store | Saving object to data/processed/embeddings.jsonl
2026-09-04 01:15:10,664 | INFO | src.storage.jsonl_store | Object saved successfully
2026-09-04 01:15:10,664 | INFO | src.embedders.embedding_generator | Generating embedding for chunk (id=e15df1cc-ee85-4fd2-a3c9-bf1863856c85_chunk_6)
2026-09-04 01:15:10,704 | INFO | src.storage.jsonl_store | Saving object to data/processed/embeddings.jsonl
2026-09-04 01:15:10,709 | INFO | src.storage.jsonl_store | Object saved successfully
2026-09-04 01:15:10,709 | INFO | src.embedders.embedding_generator | Generating embedding for chunk (id=e15df1cc-ee85-4fd2-a3c9-bf1863856c85_chunk_7)
2026-09-04 01:15:10,749 | INFO | src.storage.jsonl_store | Saving object to data/processed/embeddings.jsonl
2026-09-04 01:15:10,752 | INFO | src.storage.jsonl_store | Object saved successfully
2026-09-04 01:15:10,753 | INFO | src.embedders.embedding_generator | Generating embedding for chunk (id=e15df1cc-ee85-4fd2-a3c9-bf1863856c85_chunk_8)
2026-09-04 01:15:10,787 | INFO | src.storage.jsonl_store | Saving object to data/processed/embeddings.jsonl
2026-09-04 01:15:10,789 | INFO | src.storage.jsonl_store | Object saved successfully
2026-09-04 01:15:10,790 | INFO | src.embedders.embedding_generator | Generating embedding for chunk (id=e15df1cc-ee85-4fd2-a3c9-bf1863856c85_chunk_9)
2026-09-04 01:15:10,822 | INFO | src.storage.jsonl_store | Saving object to data/processed/embeddings.jsonl
2026-09-04 01:15:10,825 | INFO | src.storage.jsonl_store | Object saved successfully
2026-09-04 01:15:10,826 | INFO | src.embedders.embedding_generator | Generating embedding for chunk (id=e15df1cc-ee85-4fd2-a3c9-bf1863856c85_chunk_10)
2026-09-04 01:15:10,855 | INFO | src.storage.jsonl_store | Saving object to data/processed/embeddings.jsonl
2026-09-04 01:15:10,857 | INFO | src.storage.jsonl_store | Object saved successfully
2026-09-04 01:15:10,857 | INFO | src.embedders.embedding_generator | Generating embedding for chunk (id=e15df1cc-ee85-4fd2-a3c9-bf1863856c85_chunk_11)
2026-09-04 01:15:10,884 | INFO | src.storage.jsonl_store | Saving object to data/processed/embeddings.jsonl
2026-09-04 01:15:10,884 | INFO | src.storage.jsonl_store | Object saved successfully
2026-09-04 01:15:10,884 | INFO | src.embedders.embedding_generator | Generating embedding for chunk (id=e15df1cc-ee85-4fd2-a3c9-bf1863856c85_chunk_12)
2026-09-04 01:15:10,950 | INFO | src.storage.jsonl_store | Saving object to data/processed/embeddings.jsonl
2026-09-04 01:15:10,954 | INFO | src.storage.jsonl_store | Object saved successfully
2026-09-04 01:15:10,954 | INFO | src.pipelines.dataset_pipeline | embedding Length=12
2026-09-04 01:15:10,954 | INFO | src.pipelines.dataset_pipeline | Processing URL: https://www.programiz.com/python-programming
2026-09-04 01:15:10,954 | INFO | src.collectors.docs_collector | Collecting document from https://www.programiz.com/python-programming
2026-09-04 01:15:11,359 | INFO | src.collectors.docs_collector | Successfully downloaded page
2026-09-04 01:15:11,529 | INFO | src.collectors.docs_collector | Document created successfully (id=5343adfc-69a4-4e0b-839d-adc664619052)
2026-09-04 01:15:11,535 | INFO | src.cleaners.document_cleaner | Cleaning document (id=5343adfc-69a4-4e0b-839d-adc664619052)
2026-09-04 01:15:11,535 | INFO | src.cleaners.document_cleaner | Finished cleaning document (id=5343adfc-69a4-4e0b-839d-adc664619052)
2026-09-04 01:15:11,536 | INFO | src.validator.document_validator | Validating document (id=5343adfc-69a4-4e0b-839d-adc664619052)
2026-09-04 01:15:11,536 | INFO | src.enrichers.document_enricher | Enriching document (id=5343adfc-69a4-4e0b-839d-adc664619052)
2026-09-04 01:15:11,536 | INFO | src.enrichers.document_enricher | Enrichment completed (id=5343adfc-69a4-4e0b-839d-adc664619052, words=539, chars=3053, quality=1.00)
2026-09-04 01:15:11,536 | INFO | src.storage.jsonl_store | Saving object to data/raw/documents.jsonl
2026-09-04 01:15:11,537 | INFO | src.storage.jsonl_store | Object saved successfully
2026-09-04 01:15:11,538 | INFO | src.pipelines.dataset_pipeline | Saved document (id=5343adfc-69a4-4e0b-839d-adc664619052, title='Learn Python: Programming Tutorials for Beginners')
2026-09-04 01:15:11,539 | INFO | src.chunkers.document_chunker | Starting chunking for document (id=5343adfc-69a4-4e0b-839d-adc664619052)
2026-09-04 01:15:11,539 | INFO | src.chunkers.document_chunker | Chunking completed (id=5343adfc-69a4-4e0b-839d-adc664619052, chunks=16)
2026-09-04 01:15:11,540 | INFO | src.storage.jsonl_store | Saving 16 objects
2026-09-04 01:15:11,540 | INFO | src.storage.jsonl_store | Saving object to data/processed/chunks.jsonl
2026-09-04 01:15:11,543 | INFO | src.storage.jsonl_store | Object saved successfully
2026-09-04 01:15:11,543 | INFO | src.storage.jsonl_store | Saving object to data/processed/chunks.jsonl
2026-09-04 01:15:11,544 | INFO | src.storage.jsonl_store | Object saved successfully
2026-09-04 01:15:11,544 | INFO | src.storage.jsonl_store | Saving object to data/processed/chunks.jsonl
2026-09-04 01:15:11,546 | INFO | src.storage.jsonl_store | Object saved successfully
2026-09-04 01:15:11,546 | INFO | src.storage.jsonl_store | Saving object to data/processed/chunks.jsonl
2026-09-04 01:15:11,547 | INFO | src.storage.jsonl_store | Object saved successfully
2026-09-04 01:15:11,547 | INFO | src.storage.jsonl_store | Saving object to data/processed/chunks.jsonl
2026-09-04 01:15:11,548 | INFO | src.storage.jsonl_store | Object saved successfully
2026-09-04 01:15:11,549 | INFO | src.storage.jsonl_store | Saving object to data/processed/chunks.jsonl
2026-09-04 01:15:11,550 | INFO | src.storage.jsonl_store | Object saved successfully
2026-09-04 01:15:11,550 | INFO | src.storage.jsonl_store | Saving object to data/processed/chunks.jsonl
2026-09-04 01:15:11,551 | INFO | src.storage.jsonl_store | Object saved successfully
2026-09-04 01:15:11,551 | INFO | src.storage.jsonl_store | Saving object to data/processed/chunks.jsonl
2026-09-04 01:15:11,552 | INFO | src.storage.jsonl_store | Object saved successfully
2026-09-04 01:15:11,552 | INFO | src.storage.jsonl_store | Saving object to data/processed/chunks.jsonl
2026-09-04 01:15:11,553 | INFO | src.storage.jsonl_store | Object saved successfully
2026-09-04 01:15:11,553 | INFO | src.storage.jsonl_store | Saving object to data/processed/chunks.jsonl
2026-09-04 01:15:11,554 | INFO | src.storage.jsonl_store | Object saved successfully
2026-09-04 01:15:11,554 | INFO | src.storage.jsonl_store | Saving object to data/processed/chunks.jsonl
2026-09-04 01:15:11,555 | INFO | src.storage.jsonl_store | Object saved successfully
2026-09-04 01:15:11,555 | INFO | src.storage.jsonl_store | Saving object to data/processed/chunks.jsonl
2026-09-04 01:15:11,556 | INFO | src.storage.jsonl_store | Object saved successfully
2026-09-04 01:15:11,556 | INFO | src.storage.jsonl_store | Saving object to data/processed/chunks.jsonl
2026-09-04 01:15:11,559 | INFO | src.storage.jsonl_store | Object saved successfully
2026-09-04 01:15:11,560 | INFO | src.storage.jsonl_store | Saving object to data/processed/chunks.jsonl
2026-09-04 01:15:11,561 | INFO | src.storage.jsonl_store | Object saved successfully
2026-09-04 01:15:11,561 | INFO | src.storage.jsonl_store | Saving object to data/processed/chunks.jsonl
2026-09-04 01:15:11,562 | INFO | src.storage.jsonl_store | Object saved successfully
2026-09-04 01:15:11,563 | INFO | src.storage.jsonl_store | Saving object to data/processed/chunks.jsonl
2026-09-04 01:15:11,563 | INFO | src.storage.jsonl_store | Object saved successfully
2026-09-04 01:15:11,563 | INFO | src.storage.jsonl_store | Finished saving 16 objects
2026-09-04 01:15:11,564 | INFO | src.pipelines.dataset_pipeline | chunk Length=16
2026-09-04 01:15:11,564 | INFO | src.embedders.embedding_generator | Loading embedding model: all-MiniLM-L6-v2
2026-09-04 01:15:11,566 | INFO | sentence_transformers.base.model | No device provided, using cpu
2026-09-04 01:15:11,800 | INFO | httpx | HTTP Request: HEAD https://huggingface.co/sentence-transformers/all-MiniLM-L6-v2/resolve/main/modules.json "HTTP/1.1 307 Temporary Redirect"
2026-09-04 01:15:11,818 | INFO | httpx | HTTP Request: HEAD https://huggingface.co/api/resolve-cache/models/sentence-transformers/all-MiniLM-L6-v2/1110a243fdf4706b3f48f1d95db1a4f5529b4d41/modules.json "HTTP/1.1 200 OK"
2026-09-04 01:15:12,055 | INFO | httpx | HTTP Request: HEAD https://huggingface.co/sentence-transformers/all-MiniLM-L6-v2/resolve/main/config_sentence_transformers.json "HTTP/1.1 307 Temporary Redirect"
2026-09-04 01:15:12,075 | INFO | httpx | HTTP Request: HEAD https://huggingface.co/api/resolve-cache/models/sentence-transformers/all-MiniLM-L6-v2/1110a243fdf4706b3f48f1d95db1a4f5529b4d41/config_sentence_transformers.json "HTTP/1.1 200 OK"
2026-09-04 01:15:12,081 | INFO | sentence_transformers.base.model | Loading SentenceTransformer model from sentence-transformers/all-MiniLM-L6-v2.
2026-09-04 01:15:12,314 | INFO | httpx | HTTP Request: HEAD https://huggingface.co/sentence-transformers/all-MiniLM-L6-v2/resolve/main/config_sentence_transformers.json "HTTP/1.1 307 Temporary Redirect"
2026-09-04 01:15:12,335 | INFO | httpx | HTTP Request: HEAD https://huggingface.co/api/resolve-cache/models/sentence-transformers/all-MiniLM-L6-v2/1110a243fdf4706b3f48f1d95db1a4f5529b4d41/config_sentence_transformers.json "HTTP/1.1 200 OK"
2026-09-04 01:15:12,580 | INFO | httpx | HTTP Request: HEAD https://huggingface.co/sentence-transformers/all-MiniLM-L6-v2/resolve/main/README.md "HTTP/1.1 307 Temporary Redirect"
2026-09-04 01:15:12,595 | INFO | httpx | HTTP Request: HEAD https://huggingface.co/api/resolve-cache/models/sentence-transformers/all-MiniLM-L6-v2/1110a243fdf4706b3f48f1d95db1a4f5529b4d41/README.md "HTTP/1.1 200 OK"
2026-09-04 01:15:12,835 | INFO | httpx | HTTP Request: HEAD https://huggingface.co/sentence-transformers/all-MiniLM-L6-v2/resolve/main/modules.json "HTTP/1.1 307 Temporary Redirect"
2026-09-04 01:15:12,854 | INFO | httpx | HTTP Request: HEAD https://huggingface.co/api/resolve-cache/models/sentence-transformers/all-MiniLM-L6-v2/1110a243fdf4706b3f48f1d95db1a4f5529b4d41/modules.json "HTTP/1.1 200 OK"
2026-09-04 01:15:13,090 | INFO | httpx | HTTP Request: HEAD https://huggingface.co/sentence-transformers/all-MiniLM-L6-v2/resolve/main/sentence_bert_config.json "HTTP/1.1 307 Temporary Redirect"
2026-09-04 01:15:13,110 | INFO | httpx | HTTP Request: HEAD https://huggingface.co/api/resolve-cache/models/sentence-transformers/all-MiniLM-L6-v2/1110a243fdf4706b3f48f1d95db1a4f5529b4d41/sentence_bert_config.json "HTTP/1.1 200 OK"
2026-09-04 01:15:13,348 | INFO | httpx | HTTP Request: HEAD https://huggingface.co/sentence-transformers/all-MiniLM-L6-v2/resolve/main/adapter_config.json "HTTP/1.1 404 Not Found"
2026-09-04 01:15:13,586 | INFO | httpx | HTTP Request: HEAD https://huggingface.co/sentence-transformers/all-MiniLM-L6-v2/resolve/main/config.json "HTTP/1.1 307 Temporary Redirect"
2026-09-04 01:15:13,609 | INFO | httpx | HTTP Request: HEAD https://huggingface.co/api/resolve-cache/models/sentence-transformers/all-MiniLM-L6-v2/1110a243fdf4706b3f48f1d95db1a4f5529b4d41/config.json "HTTP/1.1 200 OK"
2026-09-04 01:15:13,890 | INFO | httpx | HTTP Request: HEAD https://huggingface.co/sentence-transformers/all-MiniLM-L6-v2/resolve/main/processor_config.json "HTTP/1.1 404 Not Found"
2026-09-04 01:15:14,152 | INFO | httpx | HTTP Request: HEAD https://huggingface.co/sentence-transformers/all-MiniLM-L6-v2/resolve/main/preprocessor_config.json "HTTP/1.1 404 Not Found"
2026-09-04 01:15:14,410 | INFO | httpx | HTTP Request: HEAD https://huggingface.co/sentence-transformers/all-MiniLM-L6-v2/resolve/main/video_preprocessor_config.json "HTTP/1.1 404 Not Found"
2026-09-04 01:15:14,651 | INFO | httpx | HTTP Request: HEAD https://huggingface.co/sentence-transformers/all-MiniLM-L6-v2/resolve/main/preprocessor_config.json "HTTP/1.1 404 Not Found"
2026-09-04 01:15:14,939 | INFO | httpx | HTTP Request: HEAD https://huggingface.co/sentence-transformers/all-MiniLM-L6-v2/resolve/main/tokenizer_config.json "HTTP/1.1 307 Temporary Redirect"
2026-09-04 01:15:14,963 | INFO | httpx | HTTP Request: HEAD https://huggingface.co/api/resolve-cache/models/sentence-transformers/all-MiniLM-L6-v2/1110a243fdf4706b3f48f1d95db1a4f5529b4d41/tokenizer_config.json "HTTP/1.1 200 OK"
2026-09-04 01:15:15,210 | INFO | httpx | HTTP Request: HEAD https://huggingface.co/sentence-transformers/all-MiniLM-L6-v2/resolve/main/config.json "HTTP/1.1 307 Temporary Redirect"
2026-09-04 01:15:15,241 | INFO | httpx | HTTP Request: HEAD https://huggingface.co/api/resolve-cache/models/sentence-transformers/all-MiniLM-L6-v2/1110a243fdf4706b3f48f1d95db1a4f5529b4d41/config.json "HTTP/1.1 200 OK"
2026-09-04 01:15:15,500 | INFO | httpx | HTTP Request: HEAD https://huggingface.co/sentence-transformers/all-MiniLM-L6-v2/resolve/main/config.json "HTTP/1.1 307 Temporary Redirect"
2026-09-04 01:15:15,525 | INFO | httpx | HTTP Request: HEAD https://huggingface.co/api/resolve-cache/models/sentence-transformers/all-MiniLM-L6-v2/1110a243fdf4706b3f48f1d95db1a4f5529b4d41/config.json "HTTP/1.1 200 OK"
2026-09-04 01:15:15,763 | INFO | httpx | HTTP Request: HEAD https://huggingface.co/sentence-transformers/all-MiniLM-L6-v2/resolve/main/tokenizer_config.json "HTTP/1.1 307 Temporary Redirect"
2026-09-04 01:15:15,783 | INFO | httpx | HTTP Request: HEAD https://huggingface.co/api/resolve-cache/models/sentence-transformers/all-MiniLM-L6-v2/1110a243fdf4706b3f48f1d95db1a4f5529b4d41/tokenizer_config.json "HTTP/1.1 200 OK"
2026-09-04 01:15:16,045 | INFO | httpx | HTTP Request: GET https://huggingface.co/api/models/sentence-transformers/all-MiniLM-L6-v2/tree/main/additional_chat_templates?recursive=false&expand=false "HTTP/1.1 404 Not Found"
2026-09-04 01:15:16,294 | INFO | httpx | HTTP Request: GET https://huggingface.co/api/models/sentence-transformers/all-MiniLM-L6-v2/tree/main?recursive=true&expand=false "HTTP/1.1 200 OK"
2026-09-04 01:15:16,613 | INFO | httpx | HTTP Request: HEAD https://huggingface.co/sentence-transformers/all-MiniLM-L6-v2/resolve/main/1_Pooling/config.json "HTTP/1.1 307 Temporary Redirect"
2026-09-04 01:15:16,633 | INFO | httpx | HTTP Request: HEAD https://huggingface.co/api/resolve-cache/models/sentence-transformers/all-MiniLM-L6-v2/1110a243fdf4706b3f48f1d95db1a4f5529b4d41/1_Pooling%2Fconfig.json "HTTP/1.1 200 OK"
2026-09-04 01:15:16,972 | INFO | httpx | HTTP Request: GET https://huggingface.co/api/models/sentence-transformers/all-MiniLM-L6-v2 "HTTP/1.1 200 OK"
2026-09-04 01:15:16,980 | INFO | src.embedders.embedding_generator | Embedding model loaded successfully
2026-09-04 01:15:16,980 | INFO | src.embedders.embedding_generator | Generating embedding for chunk (id=5343adfc-69a4-4e0b-839d-adc664619052_chunk_1)
2026-09-04 01:15:17,028 | INFO | src.storage.jsonl_store | Saving object to data/processed/embeddings.jsonl
2026-09-04 01:15:17,030 | INFO | src.storage.jsonl_store | Object saved successfully
2026-09-04 01:15:17,030 | INFO | src.embedders.embedding_generator | Generating embedding for chunk (id=5343adfc-69a4-4e0b-839d-adc664619052_chunk_2)
2026-09-04 01:15:17,065 | INFO | src.storage.jsonl_store | Saving object to data/processed/embeddings.jsonl
2026-09-04 01:15:17,065 | INFO | src.storage.jsonl_store | Object saved successfully
2026-09-04 01:15:17,067 | INFO | src.embedders.embedding_generator | Generating embedding for chunk (id=5343adfc-69a4-4e0b-839d-adc664619052_chunk_3)
2026-09-04 01:15:17,102 | INFO | src.storage.jsonl_store | Saving object to data/processed/embeddings.jsonl
2026-09-04 01:15:17,102 | INFO | src.storage.jsonl_store | Object saved successfully
2026-09-04 01:15:17,102 | INFO | src.embedders.embedding_generator | Generating embedding for chunk (id=5343adfc-69a4-4e0b-839d-adc664619052_chunk_4)
2026-09-04 01:15:17,156 | INFO | src.storage.jsonl_store | Saving object to data/processed/embeddings.jsonl
2026-09-04 01:15:17,160 | INFO | src.storage.jsonl_store | Object saved successfully
2026-09-04 01:15:17,160 | INFO | src.embedders.embedding_generator | Generating embedding for chunk (id=5343adfc-69a4-4e0b-839d-adc664619052_chunk_5)
2026-09-04 01:15:17,188 | INFO | src.storage.jsonl_store | Saving object to data/processed/embeddings.jsonl
2026-09-04 01:15:17,192 | INFO | src.storage.jsonl_store | Object saved successfully
2026-09-04 01:15:17,192 | INFO | src.embedders.embedding_generator | Generating embedding for chunk (id=5343adfc-69a4-4e0b-839d-adc664619052_chunk_6)
2026-09-04 01:15:17,227 | INFO | src.storage.jsonl_store | Saving object to data/processed/embeddings.jsonl
2026-09-04 01:15:17,230 | INFO | src.storage.jsonl_store | Object saved successfully
2026-09-04 01:15:17,230 | INFO | src.embedders.embedding_generator | Generating embedding for chunk (id=5343adfc-69a4-4e0b-839d-adc664619052_chunk_7)
2026-09-04 01:15:17,279 | INFO | src.storage.jsonl_store | Saving object to data/processed/embeddings.jsonl
2026-09-04 01:15:17,284 | INFO | src.storage.jsonl_store | Object saved successfully
2026-09-04 01:15:17,284 | INFO | src.embedders.embedding_generator | Generating embedding for chunk (id=5343adfc-69a4-4e0b-839d-adc664619052_chunk_8)
2026-09-04 01:15:17,325 | INFO | src.storage.jsonl_store | Saving object to data/processed/embeddings.jsonl
2026-09-04 01:15:17,330 | INFO | src.storage.jsonl_store | Object saved successfully
2026-09-04 01:15:17,333 | INFO | src.embedders.embedding_generator | Generating embedding for chunk (id=5343adfc-69a4-4e0b-839d-adc664619052_chunk_9)
2026-09-04 01:15:17,391 | INFO | src.storage.jsonl_store | Saving object to data/processed/embeddings.jsonl
2026-09-04 01:15:17,395 | INFO | src.storage.jsonl_store | Object saved successfully
2026-09-04 01:15:17,395 | INFO | src.embedders.embedding_generator | Generating embedding for chunk (id=5343adfc-69a4-4e0b-839d-adc664619052_chunk_10)
2026-09-04 01:15:17,431 | INFO | src.storage.jsonl_store | Saving object to data/processed/embeddings.jsonl
2026-09-04 01:15:17,433 | INFO | src.storage.jsonl_store | Object saved successfully
2026-09-04 01:15:17,433 | INFO | src.embedders.embedding_generator | Generating embedding for chunk (id=5343adfc-69a4-4e0b-839d-adc664619052_chunk_11)
2026-09-04 01:15:17,468 | INFO | src.storage.jsonl_store | Saving object to data/processed/embeddings.jsonl
2026-09-04 01:15:17,471 | INFO | src.storage.jsonl_store | Object saved successfully
2026-09-04 01:15:17,471 | INFO | src.embedders.embedding_generator | Generating embedding for chunk (id=5343adfc-69a4-4e0b-839d-adc664619052_chunk_12)
2026-09-04 01:15:17,513 | INFO | src.storage.jsonl_store | Saving object to data/processed/embeddings.jsonl
2026-09-04 01:15:17,516 | INFO | src.storage.jsonl_store | Object saved successfully
2026-09-04 01:15:17,517 | INFO | src.embedders.embedding_generator | Generating embedding for chunk (id=5343adfc-69a4-4e0b-839d-adc664619052_chunk_13)
2026-09-04 01:15:17,543 | INFO | src.storage.jsonl_store | Saving object to data/processed/embeddings.jsonl
2026-09-04 01:15:17,546 | INFO | src.storage.jsonl_store | Object saved successfully
2026-09-04 01:15:17,548 | INFO | src.embedders.embedding_generator | Generating embedding for chunk (id=5343adfc-69a4-4e0b-839d-adc664619052_chunk_14)
2026-09-04 01:15:17,577 | INFO | src.storage.jsonl_store | Saving object to data/processed/embeddings.jsonl
2026-09-04 01:15:17,581 | INFO | src.storage.jsonl_store | Object saved successfully
2026-09-04 01:15:17,584 | INFO | src.embedders.embedding_generator | Generating embedding for chunk (id=5343adfc-69a4-4e0b-839d-adc664619052_chunk_15)
2026-09-04 01:15:17,620 | INFO | src.storage.jsonl_store | Saving object to data/processed/embeddings.jsonl
2026-09-04 01:15:17,625 | INFO | src.storage.jsonl_store | Object saved successfully
2026-09-04 01:15:17,627 | INFO | src.embedders.embedding_generator | Generating embedding for chunk (id=5343adfc-69a4-4e0b-839d-adc664619052_chunk_16)
2026-09-04 01:15:17,655 | INFO | src.storage.jsonl_store | Saving object to data/processed/embeddings.jsonl
2026-09-04 01:15:17,658 | INFO | src.storage.jsonl_store | Object saved successfully
2026-09-04 01:15:17,659 | INFO | src.pipelines.dataset_pipeline | embedding Length=16
2026-09-04 01:15:17,659 | INFO | src.pipelines.dataset_pipeline | Processing URL: https://developer.mozilla.org/en-US/docs/Glossary/Python
2026-09-04 01:15:17,659 | INFO | src.collectors.docs_collector | Collecting document from https://developer.mozilla.org/en-US/docs/Glossary/Python
2026-09-04 01:15:18,661 | INFO | src.collectors.docs_collector | Successfully downloaded page
2026-09-04 01:15:18,762 | INFO | src.collectors.docs_collector | Document created successfully (id=7427e30c-b96f-4b04-ba89-81ddf4314be3)
2026-09-04 01:15:18,769 | INFO | src.cleaners.document_cleaner | Cleaning document (id=7427e30c-b96f-4b04-ba89-81ddf4314be3)
2026-09-04 01:15:18,769 | INFO | src.cleaners.document_cleaner | Finished cleaning document (id=7427e30c-b96f-4b04-ba89-81ddf4314be3)
2026-09-04 01:15:18,769 | INFO | src.validator.document_validator | Validating document (id=7427e30c-b96f-4b04-ba89-81ddf4314be3)
2026-09-04 01:15:18,769 | INFO | src.enrichers.document_enricher | Enriching document (id=7427e30c-b96f-4b04-ba89-81ddf4314be3)
2026-09-04 01:15:18,769 | INFO | src.enrichers.document_enricher | Enrichment completed (id=7427e30c-b96f-4b04-ba89-81ddf4314be3, words=104, chars=705, quality=0.50)
2026-09-04 01:15:18,769 | INFO | src.storage.jsonl_store | Saving object to data/raw/documents.jsonl
2026-09-04 01:15:18,770 | INFO | src.storage.jsonl_store | Object saved successfully
2026-09-04 01:15:18,770 | INFO | src.pipelines.dataset_pipeline | Saved document (id=7427e30c-b96f-4b04-ba89-81ddf4314be3, title='Python - Glossary | MDN')
2026-09-04 01:15:18,770 | INFO | src.chunkers.document_chunker | Starting chunking for document (id=7427e30c-b96f-4b04-ba89-81ddf4314be3)
2026-09-04 01:15:18,770 | INFO | src.chunkers.document_chunker | Chunking completed (id=7427e30c-b96f-4b04-ba89-81ddf4314be3, chunks=4)
2026-09-04 01:15:18,770 | INFO | src.storage.jsonl_store | Saving 4 objects
2026-09-04 01:15:18,770 | INFO | src.storage.jsonl_store | Saving object to data/processed/chunks.jsonl
2026-09-04 01:15:18,772 | INFO | src.storage.jsonl_store | Object saved successfully
2026-09-04 01:15:18,773 | INFO | src.storage.jsonl_store | Saving object to data/processed/chunks.jsonl
2026-09-04 01:15:18,773 | INFO | src.storage.jsonl_store | Object saved successfully
2026-09-04 01:15:18,773 | INFO | src.storage.jsonl_store | Saving object to data/processed/chunks.jsonl
2026-09-04 01:15:18,775 | INFO | src.storage.jsonl_store | Object saved successfully
2026-09-04 01:15:18,775 | INFO | src.storage.jsonl_store | Saving object to data/processed/chunks.jsonl
2026-09-04 01:15:18,776 | INFO | src.storage.jsonl_store | Object saved successfully
2026-09-04 01:15:18,776 | INFO | src.storage.jsonl_store | Finished saving 4 objects
2026-09-04 01:15:18,776 | INFO | src.pipelines.dataset_pipeline | chunk Length=4
2026-09-04 01:15:18,776 | INFO | src.embedders.embedding_generator | Loading embedding model: all-MiniLM-L6-v2
2026-09-04 01:15:18,780 | INFO | sentence_transformers.base.model | No device provided, using cpu
2026-09-04 01:15:19,013 | INFO | httpx | HTTP Request: HEAD https://huggingface.co/sentence-transformers/all-MiniLM-L6-v2/resolve/main/modules.json "HTTP/1.1 307 Temporary Redirect"
2026-09-04 01:15:19,030 | INFO | httpx | HTTP Request: HEAD https://huggingface.co/api/resolve-cache/models/sentence-transformers/all-MiniLM-L6-v2/1110a243fdf4706b3f48f1d95db1a4f5529b4d41/modules.json "HTTP/1.1 200 OK"
2026-09-04 01:15:19,292 | INFO | httpx | HTTP Request: HEAD https://huggingface.co/sentence-transformers/all-MiniLM-L6-v2/resolve/main/config_sentence_transformers.json "HTTP/1.1 307 Temporary Redirect"
2026-09-04 01:15:19,311 | INFO | httpx | HTTP Request: HEAD https://huggingface.co/api/resolve-cache/models/sentence-transformers/all-MiniLM-L6-v2/1110a243fdf4706b3f48f1d95db1a4f5529b4d41/config_sentence_transformers.json "HTTP/1.1 200 OK"
2026-09-04 01:15:19,311 | INFO | sentence_transformers.base.model | Loading SentenceTransformer model from sentence-transformers/all-MiniLM-L6-v2.
2026-09-04 01:15:19,544 | INFO | httpx | HTTP Request: HEAD https://huggingface.co/sentence-transformers/all-MiniLM-L6-v2/resolve/main/config_sentence_transformers.json "HTTP/1.1 307 Temporary Redirect"
2026-09-04 01:15:19,560 | INFO | httpx | HTTP Request: HEAD https://huggingface.co/api/resolve-cache/models/sentence-transformers/all-MiniLM-L6-v2/1110a243fdf4706b3f48f1d95db1a4f5529b4d41/config_sentence_transformers.json "HTTP/1.1 200 OK"
2026-09-04 01:15:19,824 | INFO | httpx | HTTP Request: HEAD https://huggingface.co/sentence-transformers/all-MiniLM-L6-v2/resolve/main/README.md "HTTP/1.1 307 Temporary Redirect"
2026-09-04 01:15:19,840 | INFO | httpx | HTTP Request: HEAD https://huggingface.co/api/resolve-cache/models/sentence-transformers/all-MiniLM-L6-v2/1110a243fdf4706b3f48f1d95db1a4f5529b4d41/README.md "HTTP/1.1 200 OK"
2026-09-04 01:15:20,088 | INFO | httpx | HTTP Request: HEAD https://huggingface.co/sentence-transformers/all-MiniLM-L6-v2/resolve/main/modules.json "HTTP/1.1 307 Temporary Redirect"
2026-09-04 01:15:20,110 | INFO | httpx | HTTP Request: HEAD https://huggingface.co/api/resolve-cache/models/sentence-transformers/all-MiniLM-L6-v2/1110a243fdf4706b3f48f1d95db1a4f5529b4d41/modules.json "HTTP/1.1 200 OK"
2026-09-04 01:15:20,350 | INFO | httpx | HTTP Request: HEAD https://huggingface.co/sentence-transformers/all-MiniLM-L6-v2/resolve/main/sentence_bert_config.json "HTTP/1.1 307 Temporary Redirect"
2026-09-04 01:15:20,364 | INFO | httpx | HTTP Request: HEAD https://huggingface.co/api/resolve-cache/models/sentence-transformers/all-MiniLM-L6-v2/1110a243fdf4706b3f48f1d95db1a4f5529b4d41/sentence_bert_config.json "HTTP/1.1 200 OK"
2026-09-04 01:15:20,604 | INFO | httpx | HTTP Request: HEAD https://huggingface.co/sentence-transformers/all-MiniLM-L6-v2/resolve/main/adapter_config.json "HTTP/1.1 404 Not Found"
2026-09-04 01:15:20,850 | INFO | httpx | HTTP Request: HEAD https://huggingface.co/sentence-transformers/all-MiniLM-L6-v2/resolve/main/config.json "HTTP/1.1 307 Temporary Redirect"
2026-09-04 01:15:20,871 | INFO | httpx | HTTP Request: HEAD https://huggingface.co/api/resolve-cache/models/sentence-transformers/all-MiniLM-L6-v2/1110a243fdf4706b3f48f1d95db1a4f5529b4d41/config.json "HTTP/1.1 200 OK"
2026-09-04 01:15:21,168 | INFO | httpx | HTTP Request: HEAD https://huggingface.co/sentence-transformers/all-MiniLM-L6-v2/resolve/main/processor_config.json "HTTP/1.1 404 Not Found"
2026-09-04 01:15:21,413 | INFO | httpx | HTTP Request: HEAD https://huggingface.co/sentence-transformers/all-MiniLM-L6-v2/resolve/main/preprocessor_config.json "HTTP/1.1 404 Not Found"
2026-09-04 01:15:21,660 | INFO | httpx | HTTP Request: HEAD https://huggingface.co/sentence-transformers/all-MiniLM-L6-v2/resolve/main/video_preprocessor_config.json "HTTP/1.1 404 Not Found"
2026-09-04 01:15:21,904 | INFO | httpx | HTTP Request: HEAD https://huggingface.co/sentence-transformers/all-MiniLM-L6-v2/resolve/main/preprocessor_config.json "HTTP/1.1 404 Not Found"
2026-09-04 01:15:22,143 | INFO | httpx | HTTP Request: HEAD https://huggingface.co/sentence-transformers/all-MiniLM-L6-v2/resolve/main/tokenizer_config.json "HTTP/1.1 307 Temporary Redirect"
2026-09-04 01:15:22,163 | INFO | httpx | HTTP Request: HEAD https://huggingface.co/api/resolve-cache/models/sentence-transformers/all-MiniLM-L6-v2/1110a243fdf4706b3f48f1d95db1a4f5529b4d41/tokenizer_config.json "HTTP/1.1 200 OK"
2026-09-04 01:15:22,415 | INFO | httpx | HTTP Request: HEAD https://huggingface.co/sentence-transformers/all-MiniLM-L6-v2/resolve/main/config.json "HTTP/1.1 307 Temporary Redirect"
2026-09-04 01:15:22,434 | INFO | httpx | HTTP Request: HEAD https://huggingface.co/api/resolve-cache/models/sentence-transformers/all-MiniLM-L6-v2/1110a243fdf4706b3f48f1d95db1a4f5529b4d41/config.json "HTTP/1.1 200 OK"
2026-09-04 01:15:22,671 | INFO | httpx | HTTP Request: HEAD https://huggingface.co/sentence-transformers/all-MiniLM-L6-v2/resolve/main/config.json "HTTP/1.1 307 Temporary Redirect"
2026-09-04 01:15:22,690 | INFO | httpx | HTTP Request: HEAD https://huggingface.co/api/resolve-cache/models/sentence-transformers/all-MiniLM-L6-v2/1110a243fdf4706b3f48f1d95db1a4f5529b4d41/config.json "HTTP/1.1 200 OK"
2026-09-04 01:15:22,935 | INFO | httpx | HTTP Request: HEAD https://huggingface.co/sentence-transformers/all-MiniLM-L6-v2/resolve/main/tokenizer_config.json "HTTP/1.1 307 Temporary Redirect"
2026-09-04 01:15:22,956 | INFO | httpx | HTTP Request: HEAD https://huggingface.co/api/resolve-cache/models/sentence-transformers/all-MiniLM-L6-v2/1110a243fdf4706b3f48f1d95db1a4f5529b4d41/tokenizer_config.json "HTTP/1.1 200 OK"
2026-09-04 01:15:23,218 | INFO | httpx | HTTP Request: GET https://huggingface.co/api/models/sentence-transformers/all-MiniLM-L6-v2/tree/main/additional_chat_templates?recursive=false&expand=false "HTTP/1.1 404 Not Found"
2026-09-04 01:15:23,461 | INFO | httpx | HTTP Request: GET https://huggingface.co/api/models/sentence-transformers/all-MiniLM-L6-v2/tree/main?recursive=true&expand=false "HTTP/1.1 200 OK"
2026-09-04 01:15:23,770 | INFO | httpx | HTTP Request: HEAD https://huggingface.co/sentence-transformers/all-MiniLM-L6-v2/resolve/main/1_Pooling/config.json "HTTP/1.1 307 Temporary Redirect"
2026-09-04 01:15:23,795 | INFO | httpx | HTTP Request: HEAD https://huggingface.co/api/resolve-cache/models/sentence-transformers/all-MiniLM-L6-v2/1110a243fdf4706b3f48f1d95db1a4f5529b4d41/1_Pooling%2Fconfig.json "HTTP/1.1 200 OK"
2026-09-04 01:15:24,037 | INFO | httpx | HTTP Request: GET https://huggingface.co/api/models/sentence-transformers/all-MiniLM-L6-v2 "HTTP/1.1 200 OK"
2026-09-04 01:15:24,046 | INFO | src.embedders.embedding_generator | Embedding model loaded successfully
2026-09-04 01:15:24,046 | INFO | src.embedders.embedding_generator | Generating embedding for chunk (id=7427e30c-b96f-4b04-ba89-81ddf4314be3_chunk_1)
2026-09-04 01:15:24,275 | INFO | src.storage.jsonl_store | Saving object to data/processed/embeddings.jsonl
2026-09-04 01:15:24,275 | INFO | src.storage.jsonl_store | Object saved successfully
2026-09-04 01:15:24,275 | INFO | src.embedders.embedding_generator | Generating embedding for chunk (id=7427e30c-b96f-4b04-ba89-81ddf4314be3_chunk_2)
2026-09-04 01:15:24,316 | INFO | src.storage.jsonl_store | Saving object to data/processed/embeddings.jsonl
2026-09-04 01:15:24,318 | INFO | src.storage.jsonl_store | Object saved successfully
2026-09-04 01:15:24,319 | INFO | src.embedders.embedding_generator | Generating embedding for chunk (id=7427e30c-b96f-4b04-ba89-81ddf4314be3_chunk_3)
2026-09-04 01:15:24,363 | INFO | src.storage.jsonl_store | Saving object to data/processed/embeddings.jsonl
2026-09-04 01:15:24,365 | INFO | src.storage.jsonl_store | Object saved successfully
2026-09-04 01:15:24,366 | INFO | src.embedders.embedding_generator | Generating embedding for chunk (id=7427e30c-b96f-4b04-ba89-81ddf4314be3_chunk_4)
2026-09-04 01:15:24,387 | INFO | src.storage.jsonl_store | Saving object to data/processed/embeddings.jsonl
2026-09-04 01:15:24,387 | INFO | src.storage.jsonl_store | Object saved successfully
2026-09-04 01:15:24,387 | INFO | src.pipelines.dataset_pipeline | embedding Length=4
2026-09-04 01:15:24,387 | INFO | src.pipelines.dataset_pipeline | Processing URL: https://codehs.com/textbook/intropython_textbook/
2026-09-04 01:15:24,387 | INFO | src.collectors.docs_collector | Collecting document from https://codehs.com/textbook/intropython_textbook/
2026-09-04 01:15:24,862 | INFO | src.collectors.docs_collector | Successfully downloaded page
2026-09-04 01:15:24,960 | INFO | src.collectors.docs_collector | Document created successfully (id=323ec77f-b84a-4f7b-990a-dac7d4d1078a)
2026-09-04 01:15:24,970 | INFO | src.cleaners.document_cleaner | Cleaning document (id=323ec77f-b84a-4f7b-990a-dac7d4d1078a)
2026-09-04 01:15:24,970 | INFO | src.cleaners.document_cleaner | Finished cleaning document (id=323ec77f-b84a-4f7b-990a-dac7d4d1078a)
2026-09-04 01:15:24,970 | INFO | src.validator.document_validator | Validating document (id=323ec77f-b84a-4f7b-990a-dac7d4d1078a)
2026-09-04 01:15:24,970 | INFO | src.enrichers.document_enricher | Enriching document (id=323ec77f-b84a-4f7b-990a-dac7d4d1078a)
2026-09-04 01:15:24,970 | INFO | src.enrichers.document_enricher | Enrichment completed (id=323ec77f-b84a-4f7b-990a-dac7d4d1078a, words=45, chars=275, quality=0.50)
2026-09-04 01:15:24,970 | INFO | src.storage.jsonl_store | Saving object to data/raw/documents.jsonl
2026-09-04 01:15:24,970 | INFO | src.storage.jsonl_store | Object saved successfully
2026-09-04 01:15:24,970 | INFO | src.pipelines.dataset_pipeline | Saved document (id=323ec77f-b84a-4f7b-990a-dac7d4d1078a, title='Textbook: Intro to Python Textbook | CodeHS')
2026-09-04 01:15:24,970 | INFO | src.chunkers.document_chunker | Starting chunking for document (id=323ec77f-b84a-4f7b-990a-dac7d4d1078a)
2026-09-04 01:15:24,970 | INFO | src.chunkers.document_chunker | Chunking completed (id=323ec77f-b84a-4f7b-990a-dac7d4d1078a, chunks=2)
2026-09-04 01:15:24,970 | INFO | src.storage.jsonl_store | Saving 2 objects
2026-09-04 01:15:24,970 | INFO | src.storage.jsonl_store | Saving object to data/processed/chunks.jsonl
2026-09-04 01:15:24,970 | INFO | src.storage.jsonl_store | Object saved successfully
2026-09-04 01:15:24,970 | INFO | src.storage.jsonl_store | Saving object to data/processed/chunks.jsonl
2026-09-04 01:15:24,970 | INFO | src.storage.jsonl_store | Object saved successfully
2026-09-04 01:15:24,970 | INFO | src.storage.jsonl_store | Finished saving 2 objects
2026-09-04 01:15:24,970 | INFO | src.pipelines.dataset_pipeline | chunk Length=2
2026-09-04 01:15:24,970 | INFO | src.embedders.embedding_generator | Loading embedding model: all-MiniLM-L6-v2
2026-09-04 01:15:24,970 | INFO | sentence_transformers.base.model | No device provided, using cpu
2026-09-04 01:15:25,213 | INFO | httpx | HTTP Request: HEAD https://huggingface.co/sentence-transformers/all-MiniLM-L6-v2/resolve/main/modules.json "HTTP/1.1 307 Temporary Redirect"
2026-09-04 01:15:25,242 | INFO | httpx | HTTP Request: HEAD https://huggingface.co/api/resolve-cache/models/sentence-transformers/all-MiniLM-L6-v2/1110a243fdf4706b3f48f1d95db1a4f5529b4d41/modules.json "HTTP/1.1 200 OK"
2026-09-04 01:15:25,480 | INFO | httpx | HTTP Request: HEAD https://huggingface.co/sentence-transformers/all-MiniLM-L6-v2/resolve/main/config_sentence_transformers.json "HTTP/1.1 307 Temporary Redirect"
2026-09-04 01:15:25,502 | INFO | httpx | HTTP Request: HEAD https://huggingface.co/api/resolve-cache/models/sentence-transformers/all-MiniLM-L6-v2/1110a243fdf4706b3f48f1d95db1a4f5529b4d41/config_sentence_transformers.json "HTTP/1.1 200 OK"
2026-09-04 01:15:25,507 | INFO | sentence_transformers.base.model | Loading SentenceTransformer model from sentence-transformers/all-MiniLM-L6-v2.
2026-09-04 01:15:25,741 | INFO | httpx | HTTP Request: HEAD https://huggingface.co/sentence-transformers/all-MiniLM-L6-v2/resolve/main/config_sentence_transformers.json "HTTP/1.1 307 Temporary Redirect"
2026-09-04 01:15:25,760 | INFO | httpx | HTTP Request: HEAD https://huggingface.co/api/resolve-cache/models/sentence-transformers/all-MiniLM-L6-v2/1110a243fdf4706b3f48f1d95db1a4f5529b4d41/config_sentence_transformers.json "HTTP/1.1 200 OK"
2026-09-04 01:15:26,003 | INFO | httpx | HTTP Request: HEAD https://huggingface.co/sentence-transformers/all-MiniLM-L6-v2/resolve/main/README.md "HTTP/1.1 307 Temporary Redirect"
2026-09-04 01:15:26,019 | INFO | httpx | HTTP Request: HEAD https://huggingface.co/api/resolve-cache/models/sentence-transformers/all-MiniLM-L6-v2/1110a243fdf4706b3f48f1d95db1a4f5529b4d41/README.md "HTTP/1.1 200 OK"
2026-09-04 01:15:26,263 | INFO | httpx | HTTP Request: HEAD https://huggingface.co/sentence-transformers/all-MiniLM-L6-v2/resolve/main/modules.json "HTTP/1.1 307 Temporary Redirect"
2026-09-04 01:15:26,284 | INFO | httpx | HTTP Request: HEAD https://huggingface.co/api/resolve-cache/models/sentence-transformers/all-MiniLM-L6-v2/1110a243fdf4706b3f48f1d95db1a4f5529b4d41/modules.json "HTTP/1.1 200 OK"
2026-09-04 01:15:26,525 | INFO | httpx | HTTP Request: HEAD https://huggingface.co/sentence-transformers/all-MiniLM-L6-v2/resolve/main/sentence_bert_config.json "HTTP/1.1 307 Temporary Redirect"
2026-09-04 01:15:26,543 | INFO | httpx | HTTP Request: HEAD https://huggingface.co/api/resolve-cache/models/sentence-transformers/all-MiniLM-L6-v2/1110a243fdf4706b3f48f1d95db1a4f5529b4d41/sentence_bert_config.json "HTTP/1.1 200 OK"
2026-09-04 01:15:26,780 | INFO | httpx | HTTP Request: HEAD https://huggingface.co/sentence-transformers/all-MiniLM-L6-v2/resolve/main/adapter_config.json "HTTP/1.1 404 Not Found"
2026-09-04 01:15:27,032 | INFO | httpx | HTTP Request: HEAD https://huggingface.co/sentence-transformers/all-MiniLM-L6-v2/resolve/main/config.json "HTTP/1.1 307 Temporary Redirect"
2026-09-04 01:15:27,050 | INFO | httpx | HTTP Request: HEAD https://huggingface.co/api/resolve-cache/models/sentence-transformers/all-MiniLM-L6-v2/1110a243fdf4706b3f48f1d95db1a4f5529b4d41/config.json "HTTP/1.1 200 OK"
2026-09-04 01:15:27,380 | INFO | httpx | HTTP Request: HEAD https://huggingface.co/sentence-transformers/all-MiniLM-L6-v2/resolve/main/processor_config.json "HTTP/1.1 404 Not Found"
2026-09-04 01:15:27,625 | INFO | httpx | HTTP Request: HEAD https://huggingface.co/sentence-transformers/all-MiniLM-L6-v2/resolve/main/preprocessor_config.json "HTTP/1.1 404 Not Found"
2026-09-04 01:15:27,890 | INFO | httpx | HTTP Request: HEAD https://huggingface.co/sentence-transformers/all-MiniLM-L6-v2/resolve/main/video_preprocessor_config.json "HTTP/1.1 404 Not Found"
2026-09-04 01:15:28,140 | INFO | httpx | HTTP Request: HEAD https://huggingface.co/sentence-transformers/all-MiniLM-L6-v2/resolve/main/preprocessor_config.json "HTTP/1.1 404 Not Found"
2026-09-04 01:15:28,380 | INFO | httpx | HTTP Request: HEAD https://huggingface.co/sentence-transformers/all-MiniLM-L6-v2/resolve/main/tokenizer_config.json "HTTP/1.1 307 Temporary Redirect"
2026-09-04 01:15:28,405 | INFO | httpx | HTTP Request: HEAD https://huggingface.co/api/resolve-cache/models/sentence-transformers/all-MiniLM-L6-v2/1110a243fdf4706b3f48f1d95db1a4f5529b4d41/tokenizer_config.json "HTTP/1.1 200 OK"
2026-09-04 01:15:28,660 | INFO | httpx | HTTP Request: HEAD https://huggingface.co/sentence-transformers/all-MiniLM-L6-v2/resolve/main/config.json "HTTP/1.1 307 Temporary Redirect"
2026-09-04 01:15:28,680 | INFO | httpx | HTTP Request: HEAD https://huggingface.co/api/resolve-cache/models/sentence-transformers/all-MiniLM-L6-v2/1110a243fdf4706b3f48f1d95db1a4f5529b4d41/config.json "HTTP/1.1 200 OK"
2026-09-04 01:15:28,923 | INFO | httpx | HTTP Request: HEAD https://huggingface.co/sentence-transformers/all-MiniLM-L6-v2/resolve/main/config.json "HTTP/1.1 307 Temporary Redirect"
2026-09-04 01:15:28,940 | INFO | httpx | HTTP Request: HEAD https://huggingface.co/api/resolve-cache/models/sentence-transformers/all-MiniLM-L6-v2/1110a243fdf4706b3f48f1d95db1a4f5529b4d41/config.json "HTTP/1.1 200 OK"
2026-09-04 01:15:29,192 | INFO | httpx | HTTP Request: HEAD https://huggingface.co/sentence-transformers/all-MiniLM-L6-v2/resolve/main/tokenizer_config.json "HTTP/1.1 307 Temporary Redirect"
2026-09-04 01:15:29,210 | INFO | httpx | HTTP Request: HEAD https://huggingface.co/api/resolve-cache/models/sentence-transformers/all-MiniLM-L6-v2/1110a243fdf4706b3f48f1d95db1a4f5529b4d41/tokenizer_config.json "HTTP/1.1 200 OK"
2026-09-04 01:15:29,465 | INFO | httpx | HTTP Request: GET https://huggingface.co/api/models/sentence-transformers/all-MiniLM-L6-v2/tree/main/additional_chat_templates?recursive=false&expand=false "HTTP/1.1 404 Not Found"
2026-09-04 01:15:29,710 | INFO | httpx | HTTP Request: GET https://huggingface.co/api/models/sentence-transformers/all-MiniLM-L6-v2/tree/main?recursive=true&expand=false "HTTP/1.1 200 OK"
2026-09-04 01:15:30,002 | INFO | httpx | HTTP Request: HEAD https://huggingface.co/sentence-transformers/all-MiniLM-L6-v2/resolve/main/1_Pooling/config.json "HTTP/1.1 307 Temporary Redirect"
2026-09-04 01:15:30,021 | INFO | httpx | HTTP Request: HEAD https://huggingface.co/api/resolve-cache/models/sentence-transformers/all-MiniLM-L6-v2/1110a243fdf4706b3f48f1d95db1a4f5529b4d41/1_Pooling%2Fconfig.json "HTTP/1.1 200 OK"
2026-09-04 01:15:30,262 | INFO | httpx | HTTP Request: GET https://huggingface.co/api/models/sentence-transformers/all-MiniLM-L6-v2 "HTTP/1.1 200 OK"
2026-09-04 01:15:30,273 | INFO | src.embedders.embedding_generator | Embedding model loaded successfully
2026-09-04 01:15:30,273 | INFO | src.embedders.embedding_generator | Generating embedding for chunk (id=323ec77f-b84a-4f7b-990a-dac7d4d1078a_chunk_1)
2026-09-04 01:15:30,312 | INFO | src.storage.jsonl_store | Saving object to data/processed/embeddings.jsonl
2026-09-04 01:15:30,312 | INFO | src.storage.jsonl_store | Object saved successfully
2026-09-04 01:15:30,312 | INFO | src.embedders.embedding_generator | Generating embedding for chunk (id=323ec77f-b84a-4f7b-990a-dac7d4d1078a_chunk_2)
2026-09-04 01:15:30,330 | INFO | src.storage.jsonl_store | Saving object to data/processed/embeddings.jsonl
2026-09-04 01:15:30,330 | INFO | src.storage.jsonl_store | Object saved successfully
2026-09-04 01:15:30,330 | INFO | src.pipelines.dataset_pipeline | embedding Length=2
2026-09-04 01:15:30,330 | INFO | src.pipelines.dataset_pipeline | Processing URL: https://coddy.tech/docs/python/input-and-print
2026-09-04 01:15:30,330 | INFO | src.collectors.docs_collector | Collecting document from https://coddy.tech/docs/python/input-and-print
2026-09-04 01:15:30,905 | INFO | src.collectors.docs_collector | Successfully downloaded page
2026-09-04 01:15:30,984 | INFO | src.collectors.docs_collector | Document created successfully (id=364a5299-c4e7-4b64-a19b-5a698d12d41a)
2026-09-04 01:15:30,984 | INFO | src.cleaners.document_cleaner | Cleaning document (id=364a5299-c4e7-4b64-a19b-5a698d12d41a)
2026-09-04 01:15:30,990 | INFO | src.cleaners.document_cleaner | Finished cleaning document (id=364a5299-c4e7-4b64-a19b-5a698d12d41a)
2026-09-04 01:15:30,990 | INFO | src.validator.document_validator | Validating document (id=364a5299-c4e7-4b64-a19b-5a698d12d41a)
2026-09-04 01:15:30,990 | INFO | src.enrichers.document_enricher | Enriching document (id=364a5299-c4e7-4b64-a19b-5a698d12d41a)
2026-09-04 01:15:30,990 | INFO | src.enrichers.document_enricher | Enrichment completed (id=364a5299-c4e7-4b64-a19b-5a698d12d41a, words=629, chars=3601, quality=1.00)
2026-09-04 01:15:30,990 | INFO | src.storage.jsonl_store | Saving object to data/raw/documents.jsonl
2026-09-04 01:15:30,990 | INFO | src.storage.jsonl_store | Object saved successfully
2026-09-04 01:15:30,990 | INFO | src.pipelines.dataset_pipeline | Saved document (id=364a5299-c4e7-4b64-a19b-5a698d12d41a, title='Runnable Python Docs: Input & Print | Coddy')
2026-09-04 01:15:30,990 | INFO | src.chunkers.document_chunker | Starting chunking for document (id=364a5299-c4e7-4b64-a19b-5a698d12d41a)
2026-09-04 01:15:30,990 | INFO | src.chunkers.document_chunker | Chunking completed (id=364a5299-c4e7-4b64-a19b-5a698d12d41a, chunks=19)
2026-09-04 01:15:30,990 | INFO | src.storage.jsonl_store | Saving 19 objects
2026-09-04 01:15:30,990 | INFO | src.storage.jsonl_store | Saving object to data/processed/chunks.jsonl
2026-09-04 01:15:30,990 | INFO | src.storage.jsonl_store | Object saved successfully
2026-09-04 01:15:30,990 | INFO | src.storage.jsonl_store | Saving object to data/processed/chunks.jsonl
2026-09-04 01:15:30,990 | INFO | src.storage.jsonl_store | Object saved successfully
2026-09-04 01:15:30,990 | INFO | src.storage.jsonl_store | Saving object to data/processed/chunks.jsonl
2026-09-04 01:15:30,990 | INFO | src.storage.jsonl_store | Object saved successfully
2026-09-04 01:15:30,990 | INFO | src.storage.jsonl_store | Saving object to data/processed/chunks.jsonl
2026-09-04 01:15:30,990 | INFO | src.storage.jsonl_store | Object saved successfully
2026-09-04 01:15:30,990 | INFO | src.storage.jsonl_store | Saving object to data/processed/chunks.jsonl
2026-09-04 01:15:30,990 | INFO | src.storage.jsonl_store | Object saved successfully
2026-09-04 01:15:30,990 | INFO | src.storage.jsonl_store | Saving object to data/processed/chunks.jsonl
2026-09-04 01:15:30,990 | INFO | src.storage.jsonl_store | Object saved successfully
2026-09-04 01:15:30,996 | INFO | src.storage.jsonl_store | Saving object to data/processed/chunks.jsonl
2026-09-04 01:15:30,996 | INFO | src.storage.jsonl_store | Object saved successfully
2026-09-04 01:15:30,996 | INFO | src.storage.jsonl_store | Saving object to data/processed/chunks.jsonl
2026-09-04 01:15:30,996 | INFO | src.storage.jsonl_store | Object saved successfully
2026-09-04 01:15:30,997 | INFO | src.storage.jsonl_store | Saving object to data/processed/chunks.jsonl
2026-09-04 01:15:30,997 | INFO | src.storage.jsonl_store | Object saved successfully
2026-09-04 01:15:30,997 | INFO | src.storage.jsonl_store | Saving object to data/processed/chunks.jsonl
2026-09-04 01:15:30,997 | INFO | src.storage.jsonl_store | Object saved successfully
2026-09-04 01:15:30,997 | INFO | src.storage.jsonl_store | Saving object to data/processed/chunks.jsonl
2026-09-04 01:15:30,997 | INFO | src.storage.jsonl_store | Object saved successfully
2026-09-04 01:15:30,997 | INFO | src.storage.jsonl_store | Saving object to data/processed/chunks.jsonl
2026-09-04 01:15:31,000 | INFO | src.storage.jsonl_store | Object saved successfully
2026-09-04 01:15:31,000 | INFO | src.storage.jsonl_store | Saving object to data/processed/chunks.jsonl
2026-09-04 01:15:31,000 | INFO | src.storage.jsonl_store | Object saved successfully
2026-09-04 01:15:31,000 | INFO | src.storage.jsonl_store | Saving object to data/processed/chunks.jsonl
2026-09-04 01:15:31,000 | INFO | src.storage.jsonl_store | Object saved successfully
2026-09-04 01:15:31,000 | INFO | src.storage.jsonl_store | Saving object to data/processed/chunks.jsonl
2026-09-04 01:15:31,000 | INFO | src.storage.jsonl_store | Object saved successfully
2026-09-04 01:15:31,002 | INFO | src.storage.jsonl_store | Saving object to data/processed/chunks.jsonl
2026-09-04 01:15:31,002 | INFO | src.storage.jsonl_store | Object saved successfully
2026-09-04 01:15:31,002 | INFO | src.storage.jsonl_store | Saving object to data/processed/chunks.jsonl
2026-09-04 01:15:31,003 | INFO | src.storage.jsonl_store | Object saved successfully
2026-09-04 01:15:31,003 | INFO | src.storage.jsonl_store | Saving object to data/processed/chunks.jsonl
2026-09-04 01:15:31,004 | INFO | src.storage.jsonl_store | Object saved successfully
2026-09-04 01:15:31,004 | INFO | src.storage.jsonl_store | Saving object to data/processed/chunks.jsonl
2026-09-04 01:15:31,004 | INFO | src.storage.jsonl_store | Object saved successfully
2026-09-04 01:15:31,004 | INFO | src.storage.jsonl_store | Finished saving 19 objects
2026-09-04 01:15:31,004 | INFO | src.pipelines.dataset_pipeline | chunk Length=19
2026-09-04 01:15:31,004 | INFO | src.embedders.embedding_generator | Loading embedding model: all-MiniLM-L6-v2
2026-09-04 01:15:31,004 | INFO | sentence_transformers.base.model | No device provided, using cpu
2026-09-04 01:15:31,240 | INFO | httpx | HTTP Request: HEAD https://huggingface.co/sentence-transformers/all-MiniLM-L6-v2/resolve/main/modules.json "HTTP/1.1 307 Temporary Redirect"
2026-09-04 01:15:31,260 | INFO | httpx | HTTP Request: HEAD https://huggingface.co/api/resolve-cache/models/sentence-transformers/all-MiniLM-L6-v2/1110a243fdf4706b3f48f1d95db1a4f5529b4d41/modules.json "HTTP/1.1 200 OK"
2026-09-04 01:15:31,506 | INFO | httpx | HTTP Request: HEAD https://huggingface.co/sentence-transformers/all-MiniLM-L6-v2/resolve/main/config_sentence_transformers.json "HTTP/1.1 307 Temporary Redirect"
2026-09-04 01:15:31,522 | INFO | httpx | HTTP Request: HEAD https://huggingface.co/api/resolve-cache/models/sentence-transformers/all-MiniLM-L6-v2/1110a243fdf4706b3f48f1d95db1a4f5529b4d41/config_sentence_transformers.json "HTTP/1.1 200 OK"
2026-09-04 01:15:31,533 | INFO | sentence_transformers.base.model | Loading SentenceTransformer model from sentence-transformers/all-MiniLM-L6-v2.
2026-09-04 01:15:31,790 | INFO | httpx | HTTP Request: HEAD https://huggingface.co/sentence-transformers/all-MiniLM-L6-v2/resolve/main/config_sentence_transformers.json "HTTP/1.1 307 Temporary Redirect"
2026-09-04 01:15:31,810 | INFO | httpx | HTTP Request: HEAD https://huggingface.co/api/resolve-cache/models/sentence-transformers/all-MiniLM-L6-v2/1110a243fdf4706b3f48f1d95db1a4f5529b4d41/config_sentence_transformers.json "HTTP/1.1 200 OK"
2026-09-04 01:15:32,055 | INFO | httpx | HTTP Request: HEAD https://huggingface.co/sentence-transformers/all-MiniLM-L6-v2/resolve/main/README.md "HTTP/1.1 307 Temporary Redirect"
2026-09-04 01:15:32,074 | INFO | httpx | HTTP Request: HEAD https://huggingface.co/api/resolve-cache/models/sentence-transformers/all-MiniLM-L6-v2/1110a243fdf4706b3f48f1d95db1a4f5529b4d41/README.md "HTTP/1.1 200 OK"
2026-09-04 01:15:32,310 | INFO | httpx | HTTP Request: HEAD https://huggingface.co/sentence-transformers/all-MiniLM-L6-v2/resolve/main/modules.json "HTTP/1.1 307 Temporary Redirect"
2026-09-04 01:15:32,330 | INFO | httpx | HTTP Request: HEAD https://huggingface.co/api/resolve-cache/models/sentence-transformers/all-MiniLM-L6-v2/1110a243fdf4706b3f48f1d95db1a4f5529b4d41/modules.json "HTTP/1.1 200 OK"
2026-09-04 01:15:32,570 | INFO | httpx | HTTP Request: HEAD https://huggingface.co/sentence-transformers/all-MiniLM-L6-v2/resolve/main/sentence_bert_config.json "HTTP/1.1 307 Temporary Redirect"
2026-09-04 01:15:32,580 | INFO | httpx | HTTP Request: HEAD https://huggingface.co/api/resolve-cache/models/sentence-transformers/all-MiniLM-L6-v2/1110a243fdf4706b3f48f1d95db1a4f5529b4d41/sentence_bert_config.json "HTTP/1.1 200 OK"
2026-09-04 01:15:32,826 | INFO | httpx | HTTP Request: HEAD https://huggingface.co/sentence-transformers/all-MiniLM-L6-v2/resolve/main/adapter_config.json "HTTP/1.1 404 Not Found"
2026-09-04 01:15:33,070 | INFO | httpx | HTTP Request: HEAD https://huggingface.co/sentence-transformers/all-MiniLM-L6-v2/resolve/main/config.json "HTTP/1.1 307 Temporary Redirect"
2026-09-04 01:15:33,090 | INFO | httpx | HTTP Request: HEAD https://huggingface.co/api/resolve-cache/models/sentence-transformers/all-MiniLM-L6-v2/1110a243fdf4706b3f48f1d95db1a4f5529b4d41/config.json "HTTP/1.1 200 OK"
2026-09-04 01:15:33,392 | INFO | httpx | HTTP Request: HEAD https://huggingface.co/sentence-transformers/all-MiniLM-L6-v2/resolve/main/processor_config.json "HTTP/1.1 404 Not Found"
2026-09-04 01:15:33,632 | INFO | httpx | HTTP Request: HEAD https://huggingface.co/sentence-transformers/all-MiniLM-L6-v2/resolve/main/preprocessor_config.json "HTTP/1.1 404 Not Found"
2026-09-04 01:15:33,888 | INFO | httpx | HTTP Request: HEAD https://huggingface.co/sentence-transformers/all-MiniLM-L6-v2/resolve/main/video_preprocessor_config.json "HTTP/1.1 404 Not Found"
2026-09-04 01:15:34,127 | INFO | httpx | HTTP Request: HEAD https://huggingface.co/sentence-transformers/all-MiniLM-L6-v2/resolve/main/preprocessor_config.json "HTTP/1.1 404 Not Found"
2026-09-04 01:15:34,362 | INFO | httpx | HTTP Request: HEAD https://huggingface.co/sentence-transformers/all-MiniLM-L6-v2/resolve/main/tokenizer_config.json "HTTP/1.1 307 Temporary Redirect"
2026-09-04 01:15:34,380 | INFO | httpx | HTTP Request: HEAD https://huggingface.co/api/resolve-cache/models/sentence-transformers/all-MiniLM-L6-v2/1110a243fdf4706b3f48f1d95db1a4f5529b4d41/tokenizer_config.json "HTTP/1.1 200 OK"
2026-09-04 01:15:34,627 | INFO | httpx | HTTP Request: HEAD https://huggingface.co/sentence-transformers/all-MiniLM-L6-v2/resolve/main/config.json "HTTP/1.1 307 Temporary Redirect"
2026-09-04 01:15:34,650 | INFO | httpx | HTTP Request: HEAD https://huggingface.co/api/resolve-cache/models/sentence-transformers/all-MiniLM-L6-v2/1110a243fdf4706b3f48f1d95db1a4f5529b4d41/config.json "HTTP/1.1 200 OK"
2026-09-04 01:15:34,891 | INFO | httpx | HTTP Request: HEAD https://huggingface.co/sentence-transformers/all-MiniLM-L6-v2/resolve/main/config.json "HTTP/1.1 307 Temporary Redirect"
2026-09-04 01:15:34,910 | INFO | httpx | HTTP Request: HEAD https://huggingface.co/api/resolve-cache/models/sentence-transformers/all-MiniLM-L6-v2/1110a243fdf4706b3f48f1d95db1a4f5529b4d41/config.json "HTTP/1.1 200 OK"
2026-09-04 01:15:35,160 | INFO | httpx | HTTP Request: HEAD https://huggingface.co/sentence-transformers/all-MiniLM-L6-v2/resolve/main/tokenizer_config.json "HTTP/1.1 307 Temporary Redirect"
2026-09-04 01:15:35,193 | INFO | httpx | HTTP Request: HEAD https://huggingface.co/api/resolve-cache/models/sentence-transformers/all-MiniLM-L6-v2/1110a243fdf4706b3f48f1d95db1a4f5529b4d41/tokenizer_config.json "HTTP/1.1 200 OK"
2026-09-04 01:15:35,433 | INFO | httpx | HTTP Request: GET https://huggingface.co/api/models/sentence-transformers/all-MiniLM-L6-v2/tree/main/additional_chat_templates?recursive=false&expand=false "HTTP/1.1 404 Not Found"
2026-09-04 01:15:35,675 | INFO | httpx | HTTP Request: GET https://huggingface.co/api/models/sentence-transformers/all-MiniLM-L6-v2/tree/main?recursive=true&expand=false "HTTP/1.1 200 OK"
2026-09-04 01:15:36,000 | INFO | httpx | HTTP Request: HEAD https://huggingface.co/sentence-transformers/all-MiniLM-L6-v2/resolve/main/1_Pooling/config.json "HTTP/1.1 307 Temporary Redirect"
2026-09-04 01:15:36,010 | INFO | httpx | HTTP Request: HEAD https://huggingface.co/api/resolve-cache/models/sentence-transformers/all-MiniLM-L6-v2/1110a243fdf4706b3f48f1d95db1a4f5529b4d41/1_Pooling%2Fconfig.json "HTTP/1.1 200 OK"
2026-09-04 01:15:36,259 | INFO | httpx | HTTP Request: GET https://huggingface.co/api/models/sentence-transformers/all-MiniLM-L6-v2 "HTTP/1.1 200 OK"
2026-09-04 01:15:36,268 | INFO | src.embedders.embedding_generator | Embedding model loaded successfully
2026-09-04 01:15:36,269 | INFO | src.embedders.embedding_generator | Generating embedding for chunk (id=364a5299-c4e7-4b64-a19b-5a698d12d41a_chunk_1)
2026-09-04 01:15:36,313 | INFO | src.storage.jsonl_store | Saving object to data/processed/embeddings.jsonl
2026-09-04 01:15:36,315 | INFO | src.storage.jsonl_store | Object saved successfully
2026-09-04 01:15:36,315 | INFO | src.embedders.embedding_generator | Generating embedding for chunk (id=364a5299-c4e7-4b64-a19b-5a698d12d41a_chunk_2)
2026-09-04 01:15:36,344 | INFO | src.storage.jsonl_store | Saving object to data/processed/embeddings.jsonl
2026-09-04 01:15:36,346 | INFO | src.storage.jsonl_store | Object saved successfully
2026-09-04 01:15:36,346 | INFO | src.embedders.embedding_generator | Generating embedding for chunk (id=364a5299-c4e7-4b64-a19b-5a698d12d41a_chunk_3)
2026-09-04 01:15:36,376 | INFO | src.storage.jsonl_store | Saving object to data/processed/embeddings.jsonl
2026-09-04 01:15:36,378 | INFO | src.storage.jsonl_store | Object saved successfully
2026-09-04 01:15:36,380 | INFO | src.embedders.embedding_generator | Generating embedding for chunk (id=364a5299-c4e7-4b64-a19b-5a698d12d41a_chunk_4)
2026-09-04 01:15:36,413 | INFO | src.storage.jsonl_store | Saving object to data/processed/embeddings.jsonl
2026-09-04 01:15:36,415 | INFO | src.storage.jsonl_store | Object saved successfully
2026-09-04 01:15:36,415 | INFO | src.embedders.embedding_generator | Generating embedding for chunk (id=364a5299-c4e7-4b64-a19b-5a698d12d41a_chunk_5)
2026-09-04 01:15:36,450 | INFO | src.storage.jsonl_store | Saving object to data/processed/embeddings.jsonl
2026-09-04 01:15:36,450 | INFO | src.storage.jsonl_store | Object saved successfully
2026-09-04 01:15:36,456 | INFO | src.embedders.embedding_generator | Generating embedding for chunk (id=364a5299-c4e7-4b64-a19b-5a698d12d41a_chunk_6)
2026-09-04 01:15:36,487 | INFO | src.storage.jsonl_store | Saving object to data/processed/embeddings.jsonl
2026-09-04 01:15:36,487 | INFO | src.storage.jsonl_store | Object saved successfully
2026-09-04 01:15:36,487 | INFO | src.embedders.embedding_generator | Generating embedding for chunk (id=364a5299-c4e7-4b64-a19b-5a698d12d41a_chunk_7)
2026-09-04 01:15:36,519 | INFO | src.storage.jsonl_store | Saving object to data/processed/embeddings.jsonl
2026-09-04 01:15:36,519 | INFO | src.storage.jsonl_store | Object saved successfully
2026-09-04 01:15:36,519 | INFO | src.embedders.embedding_generator | Generating embedding for chunk (id=364a5299-c4e7-4b64-a19b-5a698d12d41a_chunk_8)
2026-09-04 01:15:36,561 | INFO | src.storage.jsonl_store | Saving object to data/processed/embeddings.jsonl
2026-09-04 01:15:36,561 | INFO | src.storage.jsonl_store | Object saved successfully
2026-09-04 01:15:36,567 | INFO | src.embedders.embedding_generator | Generating embedding for chunk (id=364a5299-c4e7-4b64-a19b-5a698d12d41a_chunk_9)
2026-09-04 01:15:36,594 | INFO | src.storage.jsonl_store | Saving object to data/processed/embeddings.jsonl
2026-09-04 01:15:36,599 | INFO | src.storage.jsonl_store | Object saved successfully
2026-09-04 01:15:36,599 | INFO | src.embedders.embedding_generator | Generating embedding for chunk (id=364a5299-c4e7-4b64-a19b-5a698d12d41a_chunk_10)
2026-09-04 01:15:36,630 | INFO | src.storage.jsonl_store | Saving object to data/processed/embeddings.jsonl
2026-09-04 01:15:36,630 | INFO | src.storage.jsonl_store | Object saved successfully
2026-09-04 01:15:36,630 | INFO | src.embedders.embedding_generator | Generating embedding for chunk (id=364a5299-c4e7-4b64-a19b-5a698d12d41a_chunk_11)
2026-09-04 01:15:36,664 | INFO | src.storage.jsonl_store | Saving object to data/processed/embeddings.jsonl
2026-09-04 01:15:36,664 | INFO | src.storage.jsonl_store | Object saved successfully
2026-09-04 01:15:36,664 | INFO | src.embedders.embedding_generator | Generating embedding for chunk (id=364a5299-c4e7-4b64-a19b-5a698d12d41a_chunk_12)
2026-09-04 01:15:36,690 | INFO | src.storage.jsonl_store | Saving object to data/processed/embeddings.jsonl
2026-09-04 01:15:36,691 | INFO | src.storage.jsonl_store | Object saved successfully
2026-09-04 01:15:36,691 | INFO | src.embedders.embedding_generator | Generating embedding for chunk (id=364a5299-c4e7-4b64-a19b-5a698d12d41a_chunk_13)
2026-09-04 01:15:36,717 | INFO | src.storage.jsonl_store | Saving object to data/processed/embeddings.jsonl
2026-09-04 01:15:36,718 | INFO | src.storage.jsonl_store | Object saved successfully
2026-09-04 01:15:36,720 | INFO | src.embedders.embedding_generator | Generating embedding for chunk (id=364a5299-c4e7-4b64-a19b-5a698d12d41a_chunk_14)
2026-09-04 01:15:36,744 | INFO | src.storage.jsonl_store | Saving object to data/processed/embeddings.jsonl
2026-09-04 01:15:36,749 | INFO | src.storage.jsonl_store | Object saved successfully
2026-09-04 01:15:36,749 | INFO | src.embedders.embedding_generator | Generating embedding for chunk (id=364a5299-c4e7-4b64-a19b-5a698d12d41a_chunk_15)
2026-09-04 01:15:36,780 | INFO | src.storage.jsonl_store | Saving object to data/processed/embeddings.jsonl
2026-09-04 01:15:36,780 | INFO | src.storage.jsonl_store | Object saved successfully
2026-09-04 01:15:36,780 | INFO | src.embedders.embedding_generator | Generating embedding for chunk (id=364a5299-c4e7-4b64-a19b-5a698d12d41a_chunk_16)
2026-09-04 01:15:36,813 | INFO | src.storage.jsonl_store | Saving object to data/processed/embeddings.jsonl
2026-09-04 01:15:36,813 | INFO | src.storage.jsonl_store | Object saved successfully
2026-09-04 01:15:36,813 | INFO | src.embedders.embedding_generator | Generating embedding for chunk (id=364a5299-c4e7-4b64-a19b-5a698d12d41a_chunk_17)
2026-09-04 01:15:36,849 | INFO | src.storage.jsonl_store | Saving object to data/processed/embeddings.jsonl
2026-09-04 01:15:36,851 | INFO | src.storage.jsonl_store | Object saved successfully
2026-09-04 01:15:36,851 | INFO | src.embedders.embedding_generator | Generating embedding for chunk (id=364a5299-c4e7-4b64-a19b-5a698d12d41a_chunk_18)
2026-09-04 01:15:36,879 | INFO | src.storage.jsonl_store | Saving object to data/processed/embeddings.jsonl
2026-09-04 01:15:36,880 | INFO | src.storage.jsonl_store | Object saved successfully
2026-09-04 01:15:36,880 | INFO | src.embedders.embedding_generator | Generating embedding for chunk (id=364a5299-c4e7-4b64-a19b-5a698d12d41a_chunk_19)
2026-09-04 01:15:36,898 | INFO | src.storage.jsonl_store | Saving object to data/processed/embeddings.jsonl
2026-09-04 01:15:36,898 | INFO | src.storage.jsonl_store | Object saved successfully
2026-09-04 01:15:36,899 | INFO | src.pipelines.dataset_pipeline | embedding Length=19
2026-09-04 01:15:36,899 | INFO | src.storage.jsonl_store | Reading records from data/processed/embeddings.jsonl
2026-09-04 01:15:36,927 | INFO | src.storage.jsonl_store | Loaded 53 objects
2026-09-04 01:15:36,936 | INFO | src.pipelines.dataset_pipeline | FAISS index contains 53 vectors
2026-09-11 22:51:32,402 | INFO | src.embedders.embedding_generator | Loading embedding model: all-MiniLM-L6-v2
2026-09-11 22:51:32,412 | INFO | sentence_transformers.base.model | No device provided, using cpu
2026-09-11 22:51:32,752 | INFO | httpx | HTTP Request: GET https://huggingface.co/api/agent-harnesses "HTTP/1.1 200 OK"
2026-09-11 22:51:33,002 | INFO | httpx | HTTP Request: HEAD https://huggingface.co/sentence-transformers/all-MiniLM-L6-v2/resolve/main/modules.json "HTTP/1.1 307 Temporary Redirect"
2026-09-11 22:51:33,055 | INFO | httpx | HTTP Request: HEAD https://huggingface.co/api/resolve-cache/models/sentence-transformers/all-MiniLM-L6-v2/1110a243fdf4706b3f48f1d95db1a4f5529b4d41/modules.json "HTTP/1.1 200 OK"
2026-09-11 22:51:33,390 | INFO | httpx | HTTP Request: HEAD https://huggingface.co/sentence-transformers/all-MiniLM-L6-v2/resolve/main/config_sentence_transformers.json "HTTP/1.1 307 Temporary Redirect"
2026-09-11 22:51:33,394 | WARNING | huggingface_hub.utils._http | Warning: You are sending unauthenticated requests to the HF Hub. Please set a HF_TOKEN to enable higher rate limits and faster downloads.
2026-09-11 22:51:33,422 | INFO | httpx | HTTP Request: HEAD https://huggingface.co/api/resolve-cache/models/sentence-transformers/all-MiniLM-L6-v2/1110a243fdf4706b3f48f1d95db1a4f5529b4d41/config_sentence_transformers.json "HTTP/1.1 200 OK"
2026-09-11 22:51:33,434 | INFO | sentence_transformers.base.model | Loading SentenceTransformer model from sentence-transformers/all-MiniLM-L6-v2.
2026-09-11 22:51:33,665 | INFO | httpx | HTTP Request: HEAD https://huggingface.co/sentence-transformers/all-MiniLM-L6-v2/resolve/main/config_sentence_transformers.json "HTTP/1.1 307 Temporary Redirect"
2026-09-11 22:51:33,702 | INFO | httpx | HTTP Request: HEAD https://huggingface.co/api/resolve-cache/models/sentence-transformers/all-MiniLM-L6-v2/1110a243fdf4706b3f48f1d95db1a4f5529b4d41/config_sentence_transformers.json "HTTP/1.1 200 OK"
2026-09-11 22:51:33,961 | INFO | httpx | HTTP Request: HEAD https://huggingface.co/sentence-transformers/all-MiniLM-L6-v2/resolve/main/README.md "HTTP/1.1 307 Temporary Redirect"
2026-09-11 22:51:33,993 | INFO | httpx | HTTP Request: HEAD https://huggingface.co/api/resolve-cache/models/sentence-transformers/all-MiniLM-L6-v2/1110a243fdf4706b3f48f1d95db1a4f5529b4d41/README.md "HTTP/1.1 200 OK"
2026-09-11 22:51:34,517 | INFO | httpx | HTTP Request: HEAD https://huggingface.co/sentence-transformers/all-MiniLM-L6-v2/resolve/main/modules.json "HTTP/1.1 307 Temporary Redirect"
2026-09-11 22:51:34,549 | INFO | httpx | HTTP Request: HEAD https://huggingface.co/api/resolve-cache/models/sentence-transformers/all-MiniLM-L6-v2/1110a243fdf4706b3f48f1d95db1a4f5529b4d41/modules.json "HTTP/1.1 200 OK"
2026-09-11 22:51:34,801 | INFO | httpx | HTTP Request: HEAD https://huggingface.co/sentence-transformers/all-MiniLM-L6-v2/resolve/main/sentence_bert_config.json "HTTP/1.1 307 Temporary Redirect"
2026-09-11 22:51:34,833 | INFO | httpx | HTTP Request: HEAD https://huggingface.co/api/resolve-cache/models/sentence-transformers/all-MiniLM-L6-v2/1110a243fdf4706b3f48f1d95db1a4f5529b4d41/sentence_bert_config.json "HTTP/1.1 200 OK"
2026-09-11 22:51:35,085 | INFO | httpx | HTTP Request: HEAD https://huggingface.co/sentence-transformers/all-MiniLM-L6-v2/resolve/main/adapter_config.json "HTTP/1.1 404 Not Found"
2026-09-11 22:51:35,362 | INFO | httpx | HTTP Request: HEAD https://huggingface.co/sentence-transformers/all-MiniLM-L6-v2/resolve/main/config.json "HTTP/1.1 307 Temporary Redirect"
2026-09-11 22:51:35,403 | INFO | httpx | HTTP Request: HEAD https://huggingface.co/api/resolve-cache/models/sentence-transformers/all-MiniLM-L6-v2/1110a243fdf4706b3f48f1d95db1a4f5529b4d41/config.json "HTTP/1.1 200 OK"
2026-09-11 22:51:35,965 | INFO | httpx | HTTP Request: HEAD https://huggingface.co/sentence-transformers/all-MiniLM-L6-v2/resolve/main/processor_config.json "HTTP/1.1 404 Not Found"
2026-09-11 22:51:36,213 | INFO | httpx | HTTP Request: HEAD https://huggingface.co/sentence-transformers/all-MiniLM-L6-v2/resolve/main/preprocessor_config.json "HTTP/1.1 404 Not Found"
2026-09-11 22:51:36,475 | INFO | httpx | HTTP Request: HEAD https://huggingface.co/sentence-transformers/all-MiniLM-L6-v2/resolve/main/video_preprocessor_config.json "HTTP/1.1 404 Not Found"
2026-09-11 22:51:36,722 | INFO | httpx | HTTP Request: HEAD https://huggingface.co/sentence-transformers/all-MiniLM-L6-v2/resolve/main/preprocessor_config.json "HTTP/1.1 404 Not Found"
2026-09-11 22:51:36,993 | INFO | httpx | HTTP Request: HEAD https://huggingface.co/sentence-transformers/all-MiniLM-L6-v2/resolve/main/tokenizer_config.json "HTTP/1.1 307 Temporary Redirect"
2026-09-11 22:51:37,043 | INFO | httpx | HTTP Request: HEAD https://huggingface.co/api/resolve-cache/models/sentence-transformers/all-MiniLM-L6-v2/1110a243fdf4706b3f48f1d95db1a4f5529b4d41/tokenizer_config.json "HTTP/1.1 200 OK"
2026-09-11 22:51:37,342 | INFO | httpx | HTTP Request: HEAD https://huggingface.co/sentence-transformers/all-MiniLM-L6-v2/resolve/main/config.json "HTTP/1.1 307 Temporary Redirect"
2026-09-11 22:51:37,436 | INFO | httpx | HTTP Request: HEAD https://huggingface.co/api/resolve-cache/models/sentence-transformers/all-MiniLM-L6-v2/1110a243fdf4706b3f48f1d95db1a4f5529b4d41/config.json "HTTP/1.1 200 OK"
2026-09-11 22:51:37,662 | INFO | httpx | HTTP Request: HEAD https://huggingface.co/sentence-transformers/all-MiniLM-L6-v2/resolve/main/config.json "HTTP/1.1 307 Temporary Redirect"
2026-09-11 22:51:37,700 | INFO | httpx | HTTP Request: HEAD https://huggingface.co/api/resolve-cache/models/sentence-transformers/all-MiniLM-L6-v2/1110a243fdf4706b3f48f1d95db1a4f5529b4d41/config.json "HTTP/1.1 200 OK"
2026-09-11 22:51:37,940 | INFO | httpx | HTTP Request: HEAD https://huggingface.co/sentence-transformers/all-MiniLM-L6-v2/resolve/main/tokenizer_config.json "HTTP/1.1 307 Temporary Redirect"
2026-09-11 22:51:37,977 | INFO | httpx | HTTP Request: HEAD https://huggingface.co/api/resolve-cache/models/sentence-transformers/all-MiniLM-L6-v2/1110a243fdf4706b3f48f1d95db1a4f5529b4d41/tokenizer_config.json "HTTP/1.1 200 OK"
2026-09-11 22:51:38,254 | INFO | httpx | HTTP Request: GET https://huggingface.co/api/models/sentence-transformers/all-MiniLM-L6-v2/tree/main/additional_chat_templates?recursive=false&expand=false "HTTP/1.1 404 Not Found"
2026-09-11 22:51:38,490 | INFO | httpx | HTTP Request: GET https://huggingface.co/api/models/sentence-transformers/all-MiniLM-L6-v2/tree/main?recursive=true&expand=false "HTTP/1.1 200 OK"
2026-09-11 22:51:38,882 | INFO | httpx | HTTP Request: HEAD https://huggingface.co/sentence-transformers/all-MiniLM-L6-v2/resolve/main/1_Pooling/config.json "HTTP/1.1 307 Temporary Redirect"
2026-09-11 22:51:38,932 | INFO | httpx | HTTP Request: HEAD https://huggingface.co/api/resolve-cache/models/sentence-transformers/all-MiniLM-L6-v2/1110a243fdf4706b3f48f1d95db1a4f5529b4d41/1_Pooling%2Fconfig.json "HTTP/1.1 200 OK"
2026-09-11 22:51:39,202 | INFO | httpx | HTTP Request: GET https://huggingface.co/api/models/sentence-transformers/all-MiniLM-L6-v2 "HTTP/1.1 200 OK"
2026-09-11 22:51:39,215 | INFO | src.embedders.embedding_generator | Embedding model loaded successfully
2026-09-11 22:51:39,217 | INFO | src.storage.jsonl_store | Reading records from data/processed/chunks.jsonl
2026-09-11 22:51:39,242 | INFO | src.storage.jsonl_store | Loaded 53 objects
2026-09-11 22:52:14,005 | INFO | src.pipelines.dataset_pipeline | Processing URL: https://docs.python.org/3/tutorial/
2026-09-11 22:52:14,005 | INFO | src.collectors.docs_collector | Collecting document from https://docs.python.org/3/tutorial/
2026-09-11 22:52:14,175 | INFO | src.collectors.docs_collector | Successfully downloaded page
2026-09-11 22:52:14,357 | INFO | src.collectors.docs_collector | Document created successfully (id=30efaace-42bb-4f20-a0e4-c60ec15483d9)
2026-09-11 22:52:14,357 | INFO | src.cleaners.document_cleaner | Cleaning document (id=30efaace-42bb-4f20-a0e4-c60ec15483d9)
2026-09-11 22:52:14,357 | INFO | src.cleaners.document_cleaner | Finished cleaning document (id=30efaace-42bb-4f20-a0e4-c60ec15483d9)
2026-09-11 22:52:14,357 | INFO | src.validator.document_validator | Validating document (id=30efaace-42bb-4f20-a0e4-c60ec15483d9)
2026-09-11 22:52:14,357 | INFO | src.enrichers.document_enricher | Enriching document (id=30efaace-42bb-4f20-a0e4-c60ec15483d9)
2026-09-11 22:52:14,357 | INFO | src.enrichers.document_enricher | Enrichment completed (id=30efaace-42bb-4f20-a0e4-c60ec15483d9, words=362, chars=2293, quality=0.50)
2026-09-11 22:52:14,357 | INFO | src.storage.jsonl_store | Saving object to data/raw/documents.jsonl
2026-09-11 22:52:14,365 | INFO | src.storage.jsonl_store | Object saved successfully
2026-09-11 22:52:14,365 | INFO | src.pipelines.dataset_pipeline | Saved document (id=30efaace-42bb-4f20-a0e4-c60ec15483d9, title='The Python Tutorial — Python 3.14.7 documentation')
2026-09-11 22:52:14,365 | INFO | src.chunkers.document_chunker | Starting chunking for document (id=30efaace-42bb-4f20-a0e4-c60ec15483d9)
2026-09-11 22:52:14,365 | INFO | src.chunkers.document_chunker | Chunking completed (id=30efaace-42bb-4f20-a0e4-c60ec15483d9, chunks=12)
2026-09-11 22:52:14,365 | INFO | src.storage.jsonl_store | Saving 12 objects
2026-09-11 22:52:14,365 | INFO | src.storage.jsonl_store | Saving object to data/processed/chunks.jsonl
2026-09-11 22:52:14,365 | INFO | src.storage.jsonl_store | Object saved successfully
2026-09-11 22:52:14,365 | INFO | src.storage.jsonl_store | Saving object to data/processed/chunks.jsonl
2026-09-11 22:52:14,367 | INFO | src.storage.jsonl_store | Object saved successfully
2026-09-11 22:52:14,367 | INFO | src.storage.jsonl_store | Saving object to data/processed/chunks.jsonl
2026-09-11 22:52:14,367 | INFO | src.storage.jsonl_store | Object saved successfully
2026-09-11 22:52:14,367 | INFO | src.storage.jsonl_store | Saving object to data/processed/chunks.jsonl
2026-09-11 22:52:14,369 | INFO | src.storage.jsonl_store | Object saved successfully
2026-09-11 22:52:14,369 | INFO | src.storage.jsonl_store | Saving object to data/processed/chunks.jsonl
2026-09-11 22:52:14,369 | INFO | src.storage.jsonl_store | Object saved successfully
2026-09-11 22:52:14,369 | INFO | src.storage.jsonl_store | Saving object to data/processed/chunks.jsonl
2026-09-11 22:52:14,369 | INFO | src.storage.jsonl_store | Object saved successfully
2026-09-11 22:52:14,369 | INFO | src.storage.jsonl_store | Saving object to data/processed/chunks.jsonl
2026-09-11 22:52:14,369 | INFO | src.storage.jsonl_store | Object saved successfully
2026-09-11 22:52:14,369 | INFO | src.storage.jsonl_store | Saving object to data/processed/chunks.jsonl
2026-09-11 22:52:14,369 | INFO | src.storage.jsonl_store | Object saved successfully
2026-09-11 22:52:14,369 | INFO | src.storage.jsonl_store | Saving object to data/processed/chunks.jsonl
2026-09-11 22:52:14,369 | INFO | src.storage.jsonl_store | Object saved successfully
2026-09-11 22:52:14,369 | INFO | src.storage.jsonl_store | Saving object to data/processed/chunks.jsonl
2026-09-11 22:52:14,369 | INFO | src.storage.jsonl_store | Object saved successfully
2026-09-11 22:52:14,369 | INFO | src.storage.jsonl_store | Saving object to data/processed/chunks.jsonl
2026-09-11 22:52:14,369 | INFO | src.storage.jsonl_store | Object saved successfully
2026-09-11 22:52:14,369 | INFO | src.storage.jsonl_store | Saving object to data/processed/chunks.jsonl
2026-09-11 22:52:14,373 | INFO | src.storage.jsonl_store | Object saved successfully
2026-09-11 22:52:14,373 | INFO | src.storage.jsonl_store | Finished saving 12 objects
2026-09-11 22:52:14,373 | INFO | src.pipelines.dataset_pipeline | chunk Length=12
2026-09-11 22:52:14,373 | INFO | src.embedders.embedding_generator | Loading embedding model: all-MiniLM-L6-v2
2026-09-11 22:52:14,375 | INFO | sentence_transformers.base.model | No device provided, using cpu
2026-09-11 22:52:14,663 | INFO | httpx | HTTP Request: HEAD https://huggingface.co/sentence-transformers/all-MiniLM-L6-v2/resolve/main/modules.json "HTTP/1.1 307 Temporary Redirect"
2026-09-11 22:52:14,696 | INFO | httpx | HTTP Request: HEAD https://huggingface.co/api/resolve-cache/models/sentence-transformers/all-MiniLM-L6-v2/1110a243fdf4706b3f48f1d95db1a4f5529b4d41/modules.json "HTTP/1.1 200 OK"
2026-09-11 22:52:14,925 | INFO | httpx | HTTP Request: HEAD https://huggingface.co/sentence-transformers/all-MiniLM-L6-v2/resolve/main/config_sentence_transformers.json "HTTP/1.1 307 Temporary Redirect"
2026-09-11 22:52:14,958 | INFO | httpx | HTTP Request: HEAD https://huggingface.co/api/resolve-cache/models/sentence-transformers/all-MiniLM-L6-v2/1110a243fdf4706b3f48f1d95db1a4f5529b4d41/config_sentence_transformers.json "HTTP/1.1 200 OK"
2026-09-11 22:52:14,963 | INFO | sentence_transformers.base.model | Loading SentenceTransformer model from sentence-transformers/all-MiniLM-L6-v2.
2026-09-11 22:52:15,212 | INFO | httpx | HTTP Request: HEAD https://huggingface.co/sentence-transformers/all-MiniLM-L6-v2/resolve/main/config_sentence_transformers.json "HTTP/1.1 307 Temporary Redirect"
2026-09-11 22:52:15,244 | INFO | httpx | HTTP Request: HEAD https://huggingface.co/api/resolve-cache/models/sentence-transformers/all-MiniLM-L6-v2/1110a243fdf4706b3f48f1d95db1a4f5529b4d41/config_sentence_transformers.json "HTTP/1.1 200 OK"
2026-09-11 22:52:15,475 | INFO | httpx | HTTP Request: HEAD https://huggingface.co/sentence-transformers/all-MiniLM-L6-v2/resolve/main/README.md "HTTP/1.1 307 Temporary Redirect"
2026-09-11 22:52:15,505 | INFO | httpx | HTTP Request: HEAD https://huggingface.co/api/resolve-cache/models/sentence-transformers/all-MiniLM-L6-v2/1110a243fdf4706b3f48f1d95db1a4f5529b4d41/README.md "HTTP/1.1 200 OK"
2026-09-11 22:52:15,728 | INFO | httpx | HTTP Request: HEAD https://huggingface.co/sentence-transformers/all-MiniLM-L6-v2/resolve/main/modules.json "HTTP/1.1 307 Temporary Redirect"
2026-09-11 22:52:15,765 | INFO | httpx | HTTP Request: HEAD https://huggingface.co/api/resolve-cache/models/sentence-transformers/all-MiniLM-L6-v2/1110a243fdf4706b3f48f1d95db1a4f5529b4d41/modules.json "HTTP/1.1 200 OK"
2026-09-11 22:52:16,022 | INFO | httpx | HTTP Request: HEAD https://huggingface.co/sentence-transformers/all-MiniLM-L6-v2/resolve/main/sentence_bert_config.json "HTTP/1.1 307 Temporary Redirect"
2026-09-11 22:52:16,063 | INFO | httpx | HTTP Request: HEAD https://huggingface.co/api/resolve-cache/models/sentence-transformers/all-MiniLM-L6-v2/1110a243fdf4706b3f48f1d95db1a4f5529b4d41/sentence_bert_config.json "HTTP/1.1 200 OK"
2026-09-11 22:52:16,295 | INFO | httpx | HTTP Request: HEAD https://huggingface.co/sentence-transformers/all-MiniLM-L6-v2/resolve/main/adapter_config.json "HTTP/1.1 404 Not Found"
2026-09-11 22:52:16,529 | INFO | httpx | HTTP Request: HEAD https://huggingface.co/sentence-transformers/all-MiniLM-L6-v2/resolve/main/config.json "HTTP/1.1 307 Temporary Redirect"
2026-09-11 22:52:16,561 | INFO | httpx | HTTP Request: HEAD https://huggingface.co/api/resolve-cache/models/sentence-transformers/all-MiniLM-L6-v2/1110a243fdf4706b3f48f1d95db1a4f5529b4d41/config.json "HTTP/1.1 200 OK"
2026-09-11 22:52:16,835 | INFO | httpx | HTTP Request: HEAD https://huggingface.co/sentence-transformers/all-MiniLM-L6-v2/resolve/main/processor_config.json "HTTP/1.1 404 Not Found"
2026-09-11 22:52:17,065 | INFO | httpx | HTTP Request: HEAD https://huggingface.co/sentence-transformers/all-MiniLM-L6-v2/resolve/main/preprocessor_config.json "HTTP/1.1 404 Not Found"
2026-09-11 22:52:17,314 | INFO | httpx | HTTP Request: HEAD https://huggingface.co/sentence-transformers/all-MiniLM-L6-v2/resolve/main/video_preprocessor_config.json "HTTP/1.1 404 Not Found"
2026-09-11 22:52:17,557 | INFO | httpx | HTTP Request: HEAD https://huggingface.co/sentence-transformers/all-MiniLM-L6-v2/resolve/main/preprocessor_config.json "HTTP/1.1 404 Not Found"
2026-09-11 22:52:17,799 | INFO | httpx | HTTP Request: HEAD https://huggingface.co/sentence-transformers/all-MiniLM-L6-v2/resolve/main/tokenizer_config.json "HTTP/1.1 307 Temporary Redirect"
2026-09-11 22:52:17,836 | INFO | httpx | HTTP Request: HEAD https://huggingface.co/api/resolve-cache/models/sentence-transformers/all-MiniLM-L6-v2/1110a243fdf4706b3f48f1d95db1a4f5529b4d41/tokenizer_config.json "HTTP/1.1 200 OK"
2026-09-11 22:52:18,075 | INFO | httpx | HTTP Request: HEAD https://huggingface.co/sentence-transformers/all-MiniLM-L6-v2/resolve/main/config.json "HTTP/1.1 307 Temporary Redirect"
2026-09-11 22:52:18,146 | INFO | httpx | HTTP Request: HEAD https://huggingface.co/api/resolve-cache/models/sentence-transformers/all-MiniLM-L6-v2/1110a243fdf4706b3f48f1d95db1a4f5529b4d41/config.json "HTTP/1.1 200 OK"
2026-09-11 22:52:18,385 | INFO | httpx | HTTP Request: HEAD https://huggingface.co/sentence-transformers/all-MiniLM-L6-v2/resolve/main/config.json "HTTP/1.1 307 Temporary Redirect"
2026-09-11 22:52:18,464 | INFO | httpx | HTTP Request: HEAD https://huggingface.co/api/resolve-cache/models/sentence-transformers/all-MiniLM-L6-v2/1110a243fdf4706b3f48f1d95db1a4f5529b4d41/config.json "HTTP/1.1 200 OK"
2026-09-11 22:52:18,705 | INFO | httpx | HTTP Request: HEAD https://huggingface.co/sentence-transformers/all-MiniLM-L6-v2/resolve/main/tokenizer_config.json "HTTP/1.1 307 Temporary Redirect"
2026-09-11 22:52:18,735 | INFO | httpx | HTTP Request: HEAD https://huggingface.co/api/resolve-cache/models/sentence-transformers/all-MiniLM-L6-v2/1110a243fdf4706b3f48f1d95db1a4f5529b4d41/tokenizer_config.json "HTTP/1.1 200 OK"
2026-09-11 22:52:18,972 | INFO | httpx | HTTP Request: GET https://huggingface.co/api/models/sentence-transformers/all-MiniLM-L6-v2/tree/main/additional_chat_templates?recursive=false&expand=false "HTTP/1.1 404 Not Found"
2026-09-11 22:52:19,209 | INFO | httpx | HTTP Request: GET https://huggingface.co/api/models/sentence-transformers/all-MiniLM-L6-v2/tree/main?recursive=true&expand=false "HTTP/1.1 200 OK"
2026-09-11 22:52:19,827 | INFO | httpx | HTTP Request: HEAD https://huggingface.co/sentence-transformers/all-MiniLM-L6-v2/resolve/main/1_Pooling/config.json "HTTP/1.1 307 Temporary Redirect"
2026-09-11 22:52:19,861 | INFO | httpx | HTTP Request: HEAD https://huggingface.co/api/resolve-cache/models/sentence-transformers/all-MiniLM-L6-v2/1110a243fdf4706b3f48f1d95db1a4f5529b4d41/1_Pooling%2Fconfig.json "HTTP/1.1 200 OK"
2026-09-11 22:52:20,113 | INFO | httpx | HTTP Request: GET https://huggingface.co/api/models/sentence-transformers/all-MiniLM-L6-v2 "HTTP/1.1 200 OK"
2026-09-11 22:52:20,118 | INFO | src.embedders.embedding_generator | Embedding model loaded successfully
2026-09-11 22:52:20,118 | INFO | src.embedders.embedding_generator | Generating embedding for chunk (id=30efaace-42bb-4f20-a0e4-c60ec15483d9_chunk_1)
2026-09-11 22:52:20,380 | INFO | src.storage.jsonl_store | Saving object to data/processed/embeddings.jsonl
2026-09-11 22:52:20,382 | INFO | src.storage.jsonl_store | Object saved successfully
2026-09-11 22:52:20,382 | INFO | src.embedders.embedding_generator | Generating embedding for chunk (id=30efaace-42bb-4f20-a0e4-c60ec15483d9_chunk_2)
2026-09-11 22:52:20,411 | INFO | src.storage.jsonl_store | Saving object to data/processed/embeddings.jsonl
2026-09-11 22:52:20,412 | INFO | src.storage.jsonl_store | Object saved successfully
2026-09-11 22:52:20,414 | INFO | src.embedders.embedding_generator | Generating embedding for chunk (id=30efaace-42bb-4f20-a0e4-c60ec15483d9_chunk_3)
2026-09-11 22:52:20,437 | INFO | src.storage.jsonl_store | Saving object to data/processed/embeddings.jsonl
2026-09-11 22:52:20,440 | INFO | src.storage.jsonl_store | Object saved successfully
2026-09-11 22:52:20,440 | INFO | src.embedders.embedding_generator | Generating embedding for chunk (id=30efaace-42bb-4f20-a0e4-c60ec15483d9_chunk_4)
2026-09-11 22:52:20,472 | INFO | src.storage.jsonl_store | Saving object to data/processed/embeddings.jsonl
2026-09-11 22:52:20,475 | INFO | src.storage.jsonl_store | Object saved successfully
2026-09-11 22:52:20,475 | INFO | src.embedders.embedding_generator | Generating embedding for chunk (id=30efaace-42bb-4f20-a0e4-c60ec15483d9_chunk_5)
2026-09-11 22:52:20,505 | INFO | src.storage.jsonl_store | Saving object to data/processed/embeddings.jsonl
2026-09-11 22:52:20,505 | INFO | src.storage.jsonl_store | Object saved successfully
2026-09-11 22:52:20,505 | INFO | src.embedders.embedding_generator | Generating embedding for chunk (id=30efaace-42bb-4f20-a0e4-c60ec15483d9_chunk_6)
2026-09-11 22:52:20,528 | INFO | src.storage.jsonl_store | Saving object to data/processed/embeddings.jsonl
2026-09-11 22:52:20,535 | INFO | src.storage.jsonl_store | Object saved successfully
2026-09-11 22:52:20,535 | INFO | src.embedders.embedding_generator | Generating embedding for chunk (id=30efaace-42bb-4f20-a0e4-c60ec15483d9_chunk_7)
2026-09-11 22:52:20,585 | INFO | src.storage.jsonl_store | Saving object to data/processed/embeddings.jsonl
2026-09-11 22:52:20,587 | INFO | src.storage.jsonl_store | Object saved successfully
2026-09-11 22:52:20,587 | INFO | src.embedders.embedding_generator | Generating embedding for chunk (id=30efaace-42bb-4f20-a0e4-c60ec15483d9_chunk_8)
2026-09-11 22:52:20,605 | INFO | src.storage.jsonl_store | Saving object to data/processed/embeddings.jsonl
2026-09-11 22:52:20,616 | INFO | src.storage.jsonl_store | Object saved successfully
2026-09-11 22:52:20,617 | INFO | src.embedders.embedding_generator | Generating embedding for chunk (id=30efaace-42bb-4f20-a0e4-c60ec15483d9_chunk_9)
2026-09-11 22:52:20,712 | INFO | src.storage.jsonl_store | Saving object to data/processed/embeddings.jsonl
2026-09-11 22:52:20,713 | INFO | src.storage.jsonl_store | Object saved successfully
2026-09-11 22:52:20,715 | INFO | src.embedders.embedding_generator | Generating embedding for chunk (id=30efaace-42bb-4f20-a0e4-c60ec15483d9_chunk_10)
2026-09-11 22:52:20,918 | INFO | src.storage.jsonl_store | Saving object to data/processed/embeddings.jsonl
2026-09-11 22:52:20,922 | INFO | src.storage.jsonl_store | Object saved successfully
2026-09-11 22:52:20,922 | INFO | src.embedders.embedding_generator | Generating embedding for chunk (id=30efaace-42bb-4f20-a0e4-c60ec15483d9_chunk_11)
2026-09-11 22:52:21,035 | INFO | src.storage.jsonl_store | Saving object to data/processed/embeddings.jsonl
2026-09-11 22:52:21,035 | INFO | src.storage.jsonl_store | Object saved successfully
2026-09-11 22:52:21,035 | INFO | src.embedders.embedding_generator | Generating embedding for chunk (id=30efaace-42bb-4f20-a0e4-c60ec15483d9_chunk_12)
2026-09-11 22:52:21,065 | INFO | src.storage.jsonl_store | Saving object to data/processed/embeddings.jsonl
2026-09-11 22:52:21,069 | INFO | src.storage.jsonl_store | Object saved successfully
2026-09-11 22:52:21,069 | INFO | src.pipelines.dataset_pipeline | embedding Length=12
2026-09-11 22:52:21,069 | INFO | src.pipelines.dataset_pipeline | Processing URL: https://www.programiz.com/python-programming
2026-09-11 22:52:21,070 | INFO | src.collectors.docs_collector | Collecting document from https://www.programiz.com/python-programming
2026-09-11 22:52:21,415 | INFO | src.collectors.docs_collector | Successfully downloaded page
2026-09-11 22:52:21,482 | INFO | src.collectors.docs_collector | Document created successfully (id=c4fa2ea1-d8ca-4d0a-8714-f3ba1d9e59a9)
2026-09-11 22:52:21,482 | INFO | src.cleaners.document_cleaner | Cleaning document (id=c4fa2ea1-d8ca-4d0a-8714-f3ba1d9e59a9)
2026-09-11 22:52:21,485 | INFO | src.cleaners.document_cleaner | Finished cleaning document (id=c4fa2ea1-d8ca-4d0a-8714-f3ba1d9e59a9)
2026-09-11 22:52:21,485 | INFO | src.validator.document_validator | Validating document (id=c4fa2ea1-d8ca-4d0a-8714-f3ba1d9e59a9)
2026-09-11 22:52:21,485 | INFO | src.enrichers.document_enricher | Enriching document (id=c4fa2ea1-d8ca-4d0a-8714-f3ba1d9e59a9)
2026-09-11 22:52:21,485 | INFO | src.enrichers.document_enricher | Enrichment completed (id=c4fa2ea1-d8ca-4d0a-8714-f3ba1d9e59a9, words=539, chars=3053, quality=1.00)
2026-09-11 22:52:21,485 | INFO | src.storage.jsonl_store | Saving object to data/raw/documents.jsonl
2026-09-11 22:52:21,487 | INFO | src.storage.jsonl_store | Object saved successfully
2026-09-11 22:52:21,487 | INFO | src.pipelines.dataset_pipeline | Saved document (id=c4fa2ea1-d8ca-4d0a-8714-f3ba1d9e59a9, title='Learn Python: Programming Tutorials for Beginners')
2026-09-11 22:52:21,487 | INFO | src.chunkers.document_chunker | Starting chunking for document (id=c4fa2ea1-d8ca-4d0a-8714-f3ba1d9e59a9)
2026-09-11 22:52:21,487 | INFO | src.chunkers.document_chunker | Chunking completed (id=c4fa2ea1-d8ca-4d0a-8714-f3ba1d9e59a9, chunks=16)
2026-09-11 22:52:21,487 | INFO | src.storage.jsonl_store | Saving 16 objects
2026-09-11 22:52:21,487 | INFO | src.storage.jsonl_store | Saving object to data/processed/chunks.jsonl
2026-09-11 22:52:21,487 | INFO | src.storage.jsonl_store | Object saved successfully
2026-09-11 22:52:21,487 | INFO | src.storage.jsonl_store | Saving object to data/processed/chunks.jsonl
2026-09-11 22:52:21,489 | INFO | src.storage.jsonl_store | Object saved successfully
2026-09-11 22:52:21,489 | INFO | src.storage.jsonl_store | Saving object to data/processed/chunks.jsonl
2026-09-11 22:52:21,489 | INFO | src.storage.jsonl_store | Object saved successfully
2026-09-11 22:52:21,489 | INFO | src.storage.jsonl_store | Saving object to data/processed/chunks.jsonl
2026-09-11 22:52:21,489 | INFO | src.storage.jsonl_store | Object saved successfully
2026-09-11 22:52:21,489 | INFO | src.storage.jsonl_store | Saving object to data/processed/chunks.jsonl
2026-09-11 22:52:21,489 | INFO | src.storage.jsonl_store | Object saved successfully
2026-09-11 22:52:21,489 | INFO | src.storage.jsonl_store | Saving object to data/processed/chunks.jsonl
2026-09-11 22:52:21,489 | INFO | src.storage.jsonl_store | Object saved successfully
2026-09-11 22:52:21,489 | INFO | src.storage.jsonl_store | Saving object to data/processed/chunks.jsonl
2026-09-11 22:52:21,489 | INFO | src.storage.jsonl_store | Object saved successfully
2026-09-11 22:52:21,489 | INFO | src.storage.jsonl_store | Saving object to data/processed/chunks.jsonl
2026-09-11 22:52:21,493 | INFO | src.storage.jsonl_store | Object saved successfully
2026-09-11 22:52:21,494 | INFO | src.storage.jsonl_store | Saving object to data/processed/chunks.jsonl
2026-09-11 22:52:21,495 | INFO | src.storage.jsonl_store | Object saved successfully
2026-09-11 22:52:21,495 | INFO | src.storage.jsonl_store | Saving object to data/processed/chunks.jsonl
2026-09-11 22:52:21,496 | INFO | src.storage.jsonl_store | Object saved successfully
2026-09-11 22:52:21,496 | INFO | src.storage.jsonl_store | Saving object to data/processed/chunks.jsonl
2026-09-11 22:52:21,496 | INFO | src.storage.jsonl_store | Object saved successfully
2026-09-11 22:52:21,497 | INFO | src.storage.jsonl_store | Saving object to data/processed/chunks.jsonl
2026-09-11 22:52:21,497 | INFO | src.storage.jsonl_store | Object saved successfully
2026-09-11 22:52:21,497 | INFO | src.storage.jsonl_store | Saving object to data/processed/chunks.jsonl
2026-09-11 22:52:21,498 | INFO | src.storage.jsonl_store | Object saved successfully
2026-09-11 22:52:21,498 | INFO | src.storage.jsonl_store | Saving object to data/processed/chunks.jsonl
2026-09-11 22:52:21,498 | INFO | src.storage.jsonl_store | Object saved successfully
2026-09-11 22:52:21,498 | INFO | src.storage.jsonl_store | Saving object to data/processed/chunks.jsonl
2026-09-11 22:52:21,498 | INFO | src.storage.jsonl_store | Object saved successfully
2026-09-11 22:52:21,498 | INFO | src.storage.jsonl_store | Saving object to data/processed/chunks.jsonl
2026-09-11 22:52:21,500 | INFO | src.storage.jsonl_store | Object saved successfully
2026-09-11 22:52:21,500 | INFO | src.storage.jsonl_store | Finished saving 16 objects
2026-09-11 22:52:21,500 | INFO | src.pipelines.dataset_pipeline | chunk Length=16
2026-09-11 22:52:21,500 | INFO | src.embedders.embedding_generator | Loading embedding model: all-MiniLM-L6-v2
2026-09-11 22:52:21,501 | INFO | sentence_transformers.base.model | No device provided, using cpu
2026-09-11 22:52:21,735 | INFO | httpx | HTTP Request: HEAD https://huggingface.co/sentence-transformers/all-MiniLM-L6-v2/resolve/main/modules.json "HTTP/1.1 307 Temporary Redirect"
2026-09-11 22:52:21,767 | INFO | httpx | HTTP Request: HEAD https://huggingface.co/api/resolve-cache/models/sentence-transformers/all-MiniLM-L6-v2/1110a243fdf4706b3f48f1d95db1a4f5529b4d41/modules.json "HTTP/1.1 200 OK"
2026-09-11 22:52:22,018 | INFO | httpx | HTTP Request: HEAD https://huggingface.co/sentence-transformers/all-MiniLM-L6-v2/resolve/main/config_sentence_transformers.json "HTTP/1.1 307 Temporary Redirect"
2026-09-11 22:52:22,052 | INFO | httpx | HTTP Request: HEAD https://huggingface.co/api/resolve-cache/models/sentence-transformers/all-MiniLM-L6-v2/1110a243fdf4706b3f48f1d95db1a4f5529b4d41/config_sentence_transformers.json "HTTP/1.1 200 OK"
2026-09-11 22:52:22,055 | INFO | sentence_transformers.base.model | Loading SentenceTransformer model from sentence-transformers/all-MiniLM-L6-v2.
2026-09-11 22:52:22,298 | INFO | httpx | HTTP Request: HEAD https://huggingface.co/sentence-transformers/all-MiniLM-L6-v2/resolve/main/config_sentence_transformers.json "HTTP/1.1 307 Temporary Redirect"
2026-09-11 22:52:22,328 | INFO | httpx | HTTP Request: HEAD https://huggingface.co/api/resolve-cache/models/sentence-transformers/all-MiniLM-L6-v2/1110a243fdf4706b3f48f1d95db1a4f5529b4d41/config_sentence_transformers.json "HTTP/1.1 200 OK"
2026-09-11 22:52:22,566 | INFO | httpx | HTTP Request: HEAD https://huggingface.co/sentence-transformers/all-MiniLM-L6-v2/resolve/main/README.md "HTTP/1.1 307 Temporary Redirect"
2026-09-11 22:52:22,605 | INFO | httpx | HTTP Request: HEAD https://huggingface.co/api/resolve-cache/models/sentence-transformers/all-MiniLM-L6-v2/1110a243fdf4706b3f48f1d95db1a4f5529b4d41/README.md "HTTP/1.1 200 OK"
2026-09-11 22:52:22,875 | INFO | httpx | HTTP Request: HEAD https://huggingface.co/sentence-transformers/all-MiniLM-L6-v2/resolve/main/modules.json "HTTP/1.1 307 Temporary Redirect"
2026-09-11 22:52:22,905 | INFO | httpx | HTTP Request: HEAD https://huggingface.co/api/resolve-cache/models/sentence-transformers/all-MiniLM-L6-v2/1110a243fdf4706b3f48f1d95db1a4f5529b4d41/modules.json "HTTP/1.1 200 OK"
2026-09-11 22:52:23,137 | INFO | httpx | HTTP Request: HEAD https://huggingface.co/sentence-transformers/all-MiniLM-L6-v2/resolve/main/sentence_bert_config.json "HTTP/1.1 307 Temporary Redirect"
2026-09-11 22:52:23,170 | INFO | httpx | HTTP Request: HEAD https://huggingface.co/api/resolve-cache/models/sentence-transformers/all-MiniLM-L6-v2/1110a243fdf4706b3f48f1d95db1a4f5529b4d41/sentence_bert_config.json "HTTP/1.1 200 OK"
2026-09-11 22:52:23,405 | INFO | httpx | HTTP Request: HEAD https://huggingface.co/sentence-transformers/all-MiniLM-L6-v2/resolve/main/adapter_config.json "HTTP/1.1 404 Not Found"
2026-09-11 22:52:23,647 | INFO | httpx | HTTP Request: HEAD https://huggingface.co/sentence-transformers/all-MiniLM-L6-v2/resolve/main/config.json "HTTP/1.1 307 Temporary Redirect"
2026-09-11 22:52:23,682 | INFO | httpx | HTTP Request: HEAD https://huggingface.co/api/resolve-cache/models/sentence-transformers/all-MiniLM-L6-v2/1110a243fdf4706b3f48f1d95db1a4f5529b4d41/config.json "HTTP/1.1 200 OK"
2026-09-11 22:52:24,027 | INFO | httpx | HTTP Request: HEAD https://huggingface.co/sentence-transformers/all-MiniLM-L6-v2/resolve/main/processor_config.json "HTTP/1.1 404 Not Found"
2026-09-11 22:52:24,278 | INFO | httpx | HTTP Request: HEAD https://huggingface.co/sentence-transformers/all-MiniLM-L6-v2/resolve/main/preprocessor_config.json "HTTP/1.1 404 Not Found"
2026-09-11 22:52:24,517 | INFO | httpx | HTTP Request: HEAD https://huggingface.co/sentence-transformers/all-MiniLM-L6-v2/resolve/main/video_preprocessor_config.json "HTTP/1.1 404 Not Found"
2026-09-11 22:52:24,754 | INFO | httpx | HTTP Request: HEAD https://huggingface.co/sentence-transformers/all-MiniLM-L6-v2/resolve/main/preprocessor_config.json "HTTP/1.1 404 Not Found"
2026-09-11 22:52:24,987 | INFO | httpx | HTTP Request: HEAD https://huggingface.co/sentence-transformers/all-MiniLM-L6-v2/resolve/main/tokenizer_config.json "HTTP/1.1 307 Temporary Redirect"
2026-09-11 22:52:25,025 | INFO | httpx | HTTP Request: HEAD https://huggingface.co/api/resolve-cache/models/sentence-transformers/all-MiniLM-L6-v2/1110a243fdf4706b3f48f1d95db1a4f5529b4d41/tokenizer_config.json "HTTP/1.1 200 OK"
2026-09-11 22:52:25,276 | INFO | httpx | HTTP Request: HEAD https://huggingface.co/sentence-transformers/all-MiniLM-L6-v2/resolve/main/config.json "HTTP/1.1 307 Temporary Redirect"
2026-09-11 22:52:25,313 | INFO | httpx | HTTP Request: HEAD https://huggingface.co/api/resolve-cache/models/sentence-transformers/all-MiniLM-L6-v2/1110a243fdf4706b3f48f1d95db1a4f5529b4d41/config.json "HTTP/1.1 200 OK"
2026-09-11 22:52:25,556 | INFO | httpx | HTTP Request: HEAD https://huggingface.co/sentence-transformers/all-MiniLM-L6-v2/resolve/main/config.json "HTTP/1.1 307 Temporary Redirect"
2026-09-11 22:52:25,585 | INFO | httpx | HTTP Request: HEAD https://huggingface.co/api/resolve-cache/models/sentence-transformers/all-MiniLM-L6-v2/1110a243fdf4706b3f48f1d95db1a4f5529b4d41/config.json "HTTP/1.1 200 OK"
2026-09-11 22:52:25,842 | INFO | httpx | HTTP Request: HEAD https://huggingface.co/sentence-transformers/all-MiniLM-L6-v2/resolve/main/tokenizer_config.json "HTTP/1.1 307 Temporary Redirect"
2026-09-11 22:52:25,878 | INFO | httpx | HTTP Request: HEAD https://huggingface.co/api/resolve-cache/models/sentence-transformers/all-MiniLM-L6-v2/1110a243fdf4706b3f48f1d95db1a4f5529b4d41/tokenizer_config.json "HTTP/1.1 200 OK"
2026-09-11 22:52:26,125 | INFO | httpx | HTTP Request: GET https://huggingface.co/api/models/sentence-transformers/all-MiniLM-L6-v2/tree/main/additional_chat_templates?recursive=false&expand=false "HTTP/1.1 404 Not Found"
2026-09-11 22:52:26,368 | INFO | httpx | HTTP Request: GET https://huggingface.co/api/models/sentence-transformers/all-MiniLM-L6-v2/tree/main?recursive=true&expand=false "HTTP/1.1 200 OK"
2026-09-11 22:52:26,655 | INFO | httpx | HTTP Request: HEAD https://huggingface.co/sentence-transformers/all-MiniLM-L6-v2/resolve/main/1_Pooling/config.json "HTTP/1.1 307 Temporary Redirect"
2026-09-11 22:52:26,685 | INFO | httpx | HTTP Request: HEAD https://huggingface.co/api/resolve-cache/models/sentence-transformers/all-MiniLM-L6-v2/1110a243fdf4706b3f48f1d95db1a4f5529b4d41/1_Pooling%2Fconfig.json "HTTP/1.1 200 OK"
2026-09-11 22:52:26,928 | INFO | httpx | HTTP Request: GET https://huggingface.co/api/models/sentence-transformers/all-MiniLM-L6-v2 "HTTP/1.1 200 OK"
2026-09-11 22:52:26,935 | INFO | src.embedders.embedding_generator | Embedding model loaded successfully
2026-09-11 22:52:26,935 | INFO | src.embedders.embedding_generator | Generating embedding for chunk (id=c4fa2ea1-d8ca-4d0a-8714-f3ba1d9e59a9_chunk_1)
2026-09-11 22:52:26,975 | INFO | src.storage.jsonl_store | Saving object to data/processed/embeddings.jsonl
2026-09-11 22:52:26,975 | INFO | src.storage.jsonl_store | Object saved successfully
2026-09-11 22:52:26,975 | INFO | src.embedders.embedding_generator | Generating embedding for chunk (id=c4fa2ea1-d8ca-4d0a-8714-f3ba1d9e59a9_chunk_2)
2026-09-11 22:52:27,010 | INFO | src.storage.jsonl_store | Saving object to data/processed/embeddings.jsonl
2026-09-11 22:52:27,010 | INFO | src.storage.jsonl_store | Object saved successfully
2026-09-11 22:52:27,010 | INFO | src.embedders.embedding_generator | Generating embedding for chunk (id=c4fa2ea1-d8ca-4d0a-8714-f3ba1d9e59a9_chunk_3)
2026-09-11 22:52:27,035 | INFO | src.storage.jsonl_store | Saving object to data/processed/embeddings.jsonl
2026-09-11 22:52:27,035 | INFO | src.storage.jsonl_store | Object saved successfully
2026-09-11 22:52:27,035 | INFO | src.embedders.embedding_generator | Generating embedding for chunk (id=c4fa2ea1-d8ca-4d0a-8714-f3ba1d9e59a9_chunk_4)
2026-09-11 22:52:27,077 | INFO | src.storage.jsonl_store | Saving object to data/processed/embeddings.jsonl
2026-09-11 22:52:27,077 | INFO | src.storage.jsonl_store | Object saved successfully
2026-09-11 22:52:27,077 | INFO | src.embedders.embedding_generator | Generating embedding for chunk (id=c4fa2ea1-d8ca-4d0a-8714-f3ba1d9e59a9_chunk_5)
2026-09-11 22:52:27,111 | INFO | src.storage.jsonl_store | Saving object to data/processed/embeddings.jsonl
2026-09-11 22:52:27,115 | INFO | src.storage.jsonl_store | Object saved successfully
2026-09-11 22:52:27,115 | INFO | src.embedders.embedding_generator | Generating embedding for chunk (id=c4fa2ea1-d8ca-4d0a-8714-f3ba1d9e59a9_chunk_6)
2026-09-11 22:52:27,142 | INFO | src.storage.jsonl_store | Saving object to data/processed/embeddings.jsonl
2026-09-11 22:52:27,146 | INFO | src.storage.jsonl_store | Object saved successfully
2026-09-11 22:52:27,146 | INFO | src.embedders.embedding_generator | Generating embedding for chunk (id=c4fa2ea1-d8ca-4d0a-8714-f3ba1d9e59a9_chunk_7)
2026-09-11 22:52:27,169 | INFO | src.storage.jsonl_store | Saving object to data/processed/embeddings.jsonl
2026-09-11 22:52:27,171 | INFO | src.storage.jsonl_store | Object saved successfully
2026-09-11 22:52:27,171 | INFO | src.embedders.embedding_generator | Generating embedding for chunk (id=c4fa2ea1-d8ca-4d0a-8714-f3ba1d9e59a9_chunk_8)
2026-09-11 22:52:27,190 | INFO | src.storage.jsonl_store | Saving object to data/processed/embeddings.jsonl
2026-09-11 22:52:27,193 | INFO | src.storage.jsonl_store | Object saved successfully
2026-09-11 22:52:27,193 | INFO | src.embedders.embedding_generator | Generating embedding for chunk (id=c4fa2ea1-d8ca-4d0a-8714-f3ba1d9e59a9_chunk_9)
2026-09-11 22:52:27,220 | INFO | src.storage.jsonl_store | Saving object to data/processed/embeddings.jsonl
2026-09-11 22:52:27,226 | INFO | src.storage.jsonl_store | Object saved successfully
2026-09-11 22:52:27,226 | INFO | src.embedders.embedding_generator | Generating embedding for chunk (id=c4fa2ea1-d8ca-4d0a-8714-f3ba1d9e59a9_chunk_10)
2026-09-11 22:52:27,257 | INFO | src.storage.jsonl_store | Saving object to data/processed/embeddings.jsonl
2026-09-11 22:52:27,257 | INFO | src.storage.jsonl_store | Object saved successfully
2026-09-11 22:52:27,257 | INFO | src.embedders.embedding_generator | Generating embedding for chunk (id=c4fa2ea1-d8ca-4d0a-8714-f3ba1d9e59a9_chunk_11)
2026-09-11 22:52:27,285 | INFO | src.storage.jsonl_store | Saving object to data/processed/embeddings.jsonl
2026-09-11 22:52:27,290 | INFO | src.storage.jsonl_store | Object saved successfully
2026-09-11 22:52:27,290 | INFO | src.embedders.embedding_generator | Generating embedding for chunk (id=c4fa2ea1-d8ca-4d0a-8714-f3ba1d9e59a9_chunk_12)
2026-09-11 22:52:27,321 | INFO | src.storage.jsonl_store | Saving object to data/processed/embeddings.jsonl
2026-09-11 22:52:27,325 | INFO | src.storage.jsonl_store | Object saved successfully
2026-09-11 22:52:27,325 | INFO | src.embedders.embedding_generator | Generating embedding for chunk (id=c4fa2ea1-d8ca-4d0a-8714-f3ba1d9e59a9_chunk_13)
2026-09-11 22:52:27,354 | INFO | src.storage.jsonl_store | Saving object to data/processed/embeddings.jsonl
2026-09-11 22:52:27,355 | INFO | src.storage.jsonl_store | Object saved successfully
2026-09-11 22:52:27,356 | INFO | src.embedders.embedding_generator | Generating embedding for chunk (id=c4fa2ea1-d8ca-4d0a-8714-f3ba1d9e59a9_chunk_14)
2026-09-11 22:52:27,377 | INFO | src.storage.jsonl_store | Saving object to data/processed/embeddings.jsonl
2026-09-11 22:52:27,377 | INFO | src.storage.jsonl_store | Object saved successfully
2026-09-11 22:52:27,377 | INFO | src.embedders.embedding_generator | Generating embedding for chunk (id=c4fa2ea1-d8ca-4d0a-8714-f3ba1d9e59a9_chunk_15)
2026-09-11 22:52:27,413 | INFO | src.storage.jsonl_store | Saving object to data/processed/embeddings.jsonl
2026-09-11 22:52:27,416 | INFO | src.storage.jsonl_store | Object saved successfully
2026-09-11 22:52:27,416 | INFO | src.embedders.embedding_generator | Generating embedding for chunk (id=c4fa2ea1-d8ca-4d0a-8714-f3ba1d9e59a9_chunk_16)
2026-09-11 22:52:27,435 | INFO | src.storage.jsonl_store | Saving object to data/processed/embeddings.jsonl
2026-09-11 22:52:27,435 | INFO | src.storage.jsonl_store | Object saved successfully
2026-09-11 22:52:27,435 | INFO | src.pipelines.dataset_pipeline | embedding Length=16
2026-09-11 22:52:27,435 | INFO | src.pipelines.dataset_pipeline | Processing URL: https://developer.mozilla.org/en-US/docs/Glossary/Python
2026-09-11 22:52:27,435 | INFO | src.collectors.docs_collector | Collecting document from https://developer.mozilla.org/en-US/docs/Glossary/Python
2026-09-11 22:52:27,942 | INFO | src.collectors.docs_collector | Successfully downloaded page
2026-09-11 22:52:28,025 | INFO | src.collectors.docs_collector | Document created successfully (id=1c66a73f-37fe-4b76-b657-170bc8e686d3)
2026-09-11 22:52:28,025 | INFO | src.cleaners.document_cleaner | Cleaning document (id=1c66a73f-37fe-4b76-b657-170bc8e686d3)
2026-09-11 22:52:28,025 | INFO | src.cleaners.document_cleaner | Finished cleaning document (id=1c66a73f-37fe-4b76-b657-170bc8e686d3)
2026-09-11 22:52:28,025 | INFO | src.validator.document_validator | Validating document (id=1c66a73f-37fe-4b76-b657-170bc8e686d3)
2026-09-11 22:52:28,025 | INFO | src.enrichers.document_enricher | Enriching document (id=1c66a73f-37fe-4b76-b657-170bc8e686d3)
2026-09-11 22:52:28,025 | INFO | src.enrichers.document_enricher | Enrichment completed (id=1c66a73f-37fe-4b76-b657-170bc8e686d3, words=104, chars=705, quality=0.50)
2026-09-11 22:52:28,025 | INFO | src.storage.jsonl_store | Saving object to data/raw/documents.jsonl
2026-09-11 22:52:28,025 | INFO | src.storage.jsonl_store | Object saved successfully
2026-09-11 22:52:28,025 | INFO | src.pipelines.dataset_pipeline | Saved document (id=1c66a73f-37fe-4b76-b657-170bc8e686d3, title='Python - Glossary | MDN')
2026-09-11 22:52:28,025 | INFO | src.chunkers.document_chunker | Starting chunking for document (id=1c66a73f-37fe-4b76-b657-170bc8e686d3)
2026-09-11 22:52:28,025 | INFO | src.chunkers.document_chunker | Chunking completed (id=1c66a73f-37fe-4b76-b657-170bc8e686d3, chunks=4)
2026-09-11 22:52:28,025 | INFO | src.storage.jsonl_store | Saving 4 objects
2026-09-11 22:52:28,025 | INFO | src.storage.jsonl_store | Saving object to data/processed/chunks.jsonl
2026-09-11 22:52:28,025 | INFO | src.storage.jsonl_store | Object saved successfully
2026-09-11 22:52:28,025 | INFO | src.storage.jsonl_store | Saving object to data/processed/chunks.jsonl
2026-09-11 22:52:28,025 | INFO | src.storage.jsonl_store | Object saved successfully
2026-09-11 22:52:28,025 | INFO | src.storage.jsonl_store | Saving object to data/processed/chunks.jsonl
2026-09-11 22:52:28,025 | INFO | src.storage.jsonl_store | Object saved successfully
2026-09-11 22:52:28,025 | INFO | src.storage.jsonl_store | Saving object to data/processed/chunks.jsonl
2026-09-11 22:52:28,025 | INFO | src.storage.jsonl_store | Object saved successfully
2026-09-11 22:52:28,025 | INFO | src.storage.jsonl_store | Finished saving 4 objects
2026-09-11 22:52:28,025 | INFO | src.pipelines.dataset_pipeline | chunk Length=4
2026-09-11 22:52:28,025 | INFO | src.embedders.embedding_generator | Loading embedding model: all-MiniLM-L6-v2
2026-09-11 22:52:28,035 | INFO | sentence_transformers.base.model | No device provided, using cpu
2026-09-11 22:52:28,275 | INFO | httpx | HTTP Request: HEAD https://huggingface.co/sentence-transformers/all-MiniLM-L6-v2/resolve/main/modules.json "HTTP/1.1 307 Temporary Redirect"
2026-09-11 22:52:28,305 | INFO | httpx | HTTP Request: HEAD https://huggingface.co/api/resolve-cache/models/sentence-transformers/all-MiniLM-L6-v2/1110a243fdf4706b3f48f1d95db1a4f5529b4d41/modules.json "HTTP/1.1 200 OK"
2026-09-11 22:52:28,538 | INFO | httpx | HTTP Request: HEAD https://huggingface.co/sentence-transformers/all-MiniLM-L6-v2/resolve/main/config_sentence_transformers.json "HTTP/1.1 307 Temporary Redirect"
2026-09-11 22:52:28,565 | INFO | httpx | HTTP Request: HEAD https://huggingface.co/api/resolve-cache/models/sentence-transformers/all-MiniLM-L6-v2/1110a243fdf4706b3f48f1d95db1a4f5529b4d41/config_sentence_transformers.json "HTTP/1.1 200 OK"
2026-09-11 22:52:28,572 | INFO | sentence_transformers.base.model | Loading SentenceTransformer model from sentence-transformers/all-MiniLM-L6-v2.
2026-09-11 22:52:28,798 | INFO | httpx | HTTP Request: HEAD https://huggingface.co/sentence-transformers/all-MiniLM-L6-v2/resolve/main/config_sentence_transformers.json "HTTP/1.1 307 Temporary Redirect"
2026-09-11 22:52:28,832 | INFO | httpx | HTTP Request: HEAD https://huggingface.co/api/resolve-cache/models/sentence-transformers/all-MiniLM-L6-v2/1110a243fdf4706b3f48f1d95db1a4f5529b4d41/config_sentence_transformers.json "HTTP/1.1 200 OK"
2026-09-11 22:52:29,064 | INFO | httpx | HTTP Request: HEAD https://huggingface.co/sentence-transformers/all-MiniLM-L6-v2/resolve/main/README.md "HTTP/1.1 307 Temporary Redirect"
2026-09-11 22:52:29,096 | INFO | httpx | HTTP Request: HEAD https://huggingface.co/api/resolve-cache/models/sentence-transformers/all-MiniLM-L6-v2/1110a243fdf4706b3f48f1d95db1a4f5529b4d41/README.md "HTTP/1.1 200 OK"
2026-09-11 22:52:29,340 | INFO | httpx | HTTP Request: HEAD https://huggingface.co/sentence-transformers/all-MiniLM-L6-v2/resolve/main/modules.json "HTTP/1.1 307 Temporary Redirect"
2026-09-11 22:52:29,376 | INFO | httpx | HTTP Request: HEAD https://huggingface.co/api/resolve-cache/models/sentence-transformers/all-MiniLM-L6-v2/1110a243fdf4706b3f48f1d95db1a4f5529b4d41/modules.json "HTTP/1.1 200 OK"
2026-09-11 22:52:29,628 | INFO | httpx | HTTP Request: HEAD https://huggingface.co/sentence-transformers/all-MiniLM-L6-v2/resolve/main/sentence_bert_config.json "HTTP/1.1 307 Temporary Redirect"
2026-09-11 22:52:29,655 | INFO | httpx | HTTP Request: HEAD https://huggingface.co/api/resolve-cache/models/sentence-transformers/all-MiniLM-L6-v2/1110a243fdf4706b3f48f1d95db1a4f5529b4d41/sentence_bert_config.json "HTTP/1.1 200 OK"
2026-09-11 22:52:29,903 | INFO | httpx | HTTP Request: HEAD https://huggingface.co/sentence-transformers/all-MiniLM-L6-v2/resolve/main/adapter_config.json "HTTP/1.1 404 Not Found"
2026-09-11 22:52:30,133 | INFO | httpx | HTTP Request: HEAD https://huggingface.co/sentence-transformers/all-MiniLM-L6-v2/resolve/main/config.json "HTTP/1.1 307 Temporary Redirect"
2026-09-11 22:52:30,166 | INFO | httpx | HTTP Request: HEAD https://huggingface.co/api/resolve-cache/models/sentence-transformers/all-MiniLM-L6-v2/1110a243fdf4706b3f48f1d95db1a4f5529b4d41/config.json "HTTP/1.1 200 OK"
2026-09-11 22:52:30,504 | INFO | httpx | HTTP Request: HEAD https://huggingface.co/sentence-transformers/all-MiniLM-L6-v2/resolve/main/processor_config.json "HTTP/1.1 404 Not Found"
2026-09-11 22:52:30,755 | INFO | httpx | HTTP Request: HEAD https://huggingface.co/sentence-transformers/all-MiniLM-L6-v2/resolve/main/preprocessor_config.json "HTTP/1.1 404 Not Found"
2026-09-11 22:52:31,010 | INFO | httpx | HTTP Request: HEAD https://huggingface.co/sentence-transformers/all-MiniLM-L6-v2/resolve/main/video_preprocessor_config.json "HTTP/1.1 404 Not Found"
2026-09-11 22:52:31,244 | INFO | httpx | HTTP Request: HEAD https://huggingface.co/sentence-transformers/all-MiniLM-L6-v2/resolve/main/preprocessor_config.json "HTTP/1.1 404 Not Found"
2026-09-11 22:52:31,479 | INFO | httpx | HTTP Request: HEAD https://huggingface.co/sentence-transformers/all-MiniLM-L6-v2/resolve/main/tokenizer_config.json "HTTP/1.1 307 Temporary Redirect"
2026-09-11 22:52:31,510 | INFO | httpx | HTTP Request: HEAD https://huggingface.co/api/resolve-cache/models/sentence-transformers/all-MiniLM-L6-v2/1110a243fdf4706b3f48f1d95db1a4f5529b4d41/tokenizer_config.json "HTTP/1.1 200 OK"
2026-09-11 22:52:31,755 | INFO | httpx | HTTP Request: HEAD https://huggingface.co/sentence-transformers/all-MiniLM-L6-v2/resolve/main/config.json "HTTP/1.1 307 Temporary Redirect"
2026-09-11 22:52:31,795 | INFO | httpx | HTTP Request: HEAD https://huggingface.co/api/resolve-cache/models/sentence-transformers/all-MiniLM-L6-v2/1110a243fdf4706b3f48f1d95db1a4f5529b4d41/config.json "HTTP/1.1 200 OK"
2026-09-11 22:52:32,093 | INFO | httpx | HTTP Request: HEAD https://huggingface.co/sentence-transformers/all-MiniLM-L6-v2/resolve/main/config.json "HTTP/1.1 307 Temporary Redirect"
2026-09-11 22:52:32,143 | INFO | httpx | HTTP Request: HEAD https://huggingface.co/api/resolve-cache/models/sentence-transformers/all-MiniLM-L6-v2/1110a243fdf4706b3f48f1d95db1a4f5529b4d41/config.json "HTTP/1.1 200 OK"
2026-09-11 22:52:32,410 | INFO | httpx | HTTP Request: HEAD https://huggingface.co/sentence-transformers/all-MiniLM-L6-v2/resolve/main/tokenizer_config.json "HTTP/1.1 307 Temporary Redirect"
2026-09-11 22:52:32,454 | INFO | httpx | HTTP Request: HEAD https://huggingface.co/api/resolve-cache/models/sentence-transformers/all-MiniLM-L6-v2/1110a243fdf4706b3f48f1d95db1a4f5529b4d41/tokenizer_config.json "HTTP/1.1 200 OK"
2026-09-11 22:52:32,715 | INFO | httpx | HTTP Request: GET https://huggingface.co/api/models/sentence-transformers/all-MiniLM-L6-v2/tree/main/additional_chat_templates?recursive=false&expand=false "HTTP/1.1 404 Not Found"
2026-09-11 22:52:32,945 | INFO | httpx | HTTP Request: GET https://huggingface.co/api/models/sentence-transformers/all-MiniLM-L6-v2/tree/main?recursive=true&expand=false "HTTP/1.1 200 OK"
2026-09-11 22:52:33,255 | INFO | httpx | HTTP Request: HEAD https://huggingface.co/sentence-transformers/all-MiniLM-L6-v2/resolve/main/1_Pooling/config.json "HTTP/1.1 307 Temporary Redirect"
2026-09-11 22:52:33,368 | INFO | httpx | HTTP Request: HEAD https://huggingface.co/api/resolve-cache/models/sentence-transformers/all-MiniLM-L6-v2/1110a243fdf4706b3f48f1d95db1a4f5529b4d41/1_Pooling%2Fconfig.json "HTTP/1.1 200 OK"
2026-09-11 22:52:33,610 | INFO | httpx | HTTP Request: GET https://huggingface.co/api/models/sentence-transformers/all-MiniLM-L6-v2 "HTTP/1.1 200 OK"
2026-09-11 22:52:33,615 | INFO | src.embedders.embedding_generator | Embedding model loaded successfully
2026-09-11 22:52:33,615 | INFO | src.embedders.embedding_generator | Generating embedding for chunk (id=1c66a73f-37fe-4b76-b657-170bc8e686d3_chunk_1)
2026-09-11 22:52:33,665 | INFO | src.storage.jsonl_store | Saving object to data/processed/embeddings.jsonl
2026-09-11 22:52:33,665 | INFO | src.storage.jsonl_store | Object saved successfully
2026-09-11 22:52:33,665 | INFO | src.embedders.embedding_generator | Generating embedding for chunk (id=1c66a73f-37fe-4b76-b657-170bc8e686d3_chunk_2)
2026-09-11 22:52:33,695 | INFO | src.storage.jsonl_store | Saving object to data/processed/embeddings.jsonl
2026-09-11 22:52:33,697 | INFO | src.storage.jsonl_store | Object saved successfully
2026-09-11 22:52:33,698 | INFO | src.embedders.embedding_generator | Generating embedding for chunk (id=1c66a73f-37fe-4b76-b657-170bc8e686d3_chunk_3)
2026-09-11 22:52:33,728 | INFO | src.storage.jsonl_store | Saving object to data/processed/embeddings.jsonl
2026-09-11 22:52:33,729 | INFO | src.storage.jsonl_store | Object saved successfully
2026-09-11 22:52:33,729 | INFO | src.embedders.embedding_generator | Generating embedding for chunk (id=1c66a73f-37fe-4b76-b657-170bc8e686d3_chunk_4)
2026-09-11 22:52:33,755 | INFO | src.storage.jsonl_store | Saving object to data/processed/embeddings.jsonl
2026-09-11 22:52:33,756 | INFO | src.storage.jsonl_store | Object saved successfully
2026-09-11 22:52:33,756 | INFO | src.pipelines.dataset_pipeline | embedding Length=4
2026-09-11 22:52:33,756 | INFO | src.pipelines.dataset_pipeline | Processing URL: https://codehs.com/textbook/intropython_textbook/
2026-09-11 22:52:33,756 | INFO | src.collectors.docs_collector | Collecting document from https://codehs.com/textbook/intropython_textbook/
2026-09-11 22:52:34,301 | INFO | src.collectors.docs_collector | Successfully downloaded page
2026-09-11 22:52:34,385 | INFO | src.collectors.docs_collector | Document created successfully (id=6168e541-9c83-47ab-8843-930c964bb60c)
2026-09-11 22:52:34,385 | INFO | src.cleaners.document_cleaner | Cleaning document (id=6168e541-9c83-47ab-8843-930c964bb60c)
2026-09-11 22:52:34,385 | INFO | src.cleaners.document_cleaner | Finished cleaning document (id=6168e541-9c83-47ab-8843-930c964bb60c)
2026-09-11 22:52:34,385 | INFO | src.validator.document_validator | Validating document (id=6168e541-9c83-47ab-8843-930c964bb60c)
2026-09-11 22:52:34,385 | INFO | src.enrichers.document_enricher | Enriching document (id=6168e541-9c83-47ab-8843-930c964bb60c)
2026-09-11 22:52:34,385 | INFO | src.enrichers.document_enricher | Enrichment completed (id=6168e541-9c83-47ab-8843-930c964bb60c, words=45, chars=275, quality=0.50)
2026-09-11 22:52:34,385 | INFO | src.storage.jsonl_store | Saving object to data/raw/documents.jsonl
2026-09-11 22:52:34,390 | INFO | src.storage.jsonl_store | Object saved successfully
2026-09-11 22:52:34,390 | INFO | src.pipelines.dataset_pipeline | Saved document (id=6168e541-9c83-47ab-8843-930c964bb60c, title='Textbook: Intro to Python Textbook | CodeHS')
2026-09-11 22:52:34,390 | INFO | src.chunkers.document_chunker | Starting chunking for document (id=6168e541-9c83-47ab-8843-930c964bb60c)
2026-09-11 22:52:34,390 | INFO | src.chunkers.document_chunker | Chunking completed (id=6168e541-9c83-47ab-8843-930c964bb60c, chunks=2)
2026-09-11 22:52:34,390 | INFO | src.storage.jsonl_store | Saving 2 objects
2026-09-11 22:52:34,390 | INFO | src.storage.jsonl_store | Saving object to data/processed/chunks.jsonl
2026-09-11 22:52:34,390 | INFO | src.storage.jsonl_store | Object saved successfully
2026-09-11 22:52:34,392 | INFO | src.storage.jsonl_store | Saving object to data/processed/chunks.jsonl
2026-09-11 22:52:34,393 | INFO | src.storage.jsonl_store | Object saved successfully
2026-09-11 22:52:34,394 | INFO | src.storage.jsonl_store | Finished saving 2 objects
2026-09-11 22:52:34,394 | INFO | src.pipelines.dataset_pipeline | chunk Length=2
2026-09-11 22:52:34,394 | INFO | src.embedders.embedding_generator | Loading embedding model: all-MiniLM-L6-v2
2026-09-11 22:52:34,395 | INFO | sentence_transformers.base.model | No device provided, using cpu
2026-09-11 22:52:34,644 | INFO | httpx | HTTP Request: HEAD https://huggingface.co/sentence-transformers/all-MiniLM-L6-v2/resolve/main/modules.json "HTTP/1.1 307 Temporary Redirect"
2026-09-11 22:52:34,677 | INFO | httpx | HTTP Request: HEAD https://huggingface.co/api/resolve-cache/models/sentence-transformers/all-MiniLM-L6-v2/1110a243fdf4706b3f48f1d95db1a4f5529b4d41/modules.json "HTTP/1.1 200 OK"
2026-09-11 22:52:34,932 | INFO | httpx | HTTP Request: HEAD https://huggingface.co/sentence-transformers/all-MiniLM-L6-v2/resolve/main/config_sentence_transformers.json "HTTP/1.1 307 Temporary Redirect"
2026-09-11 22:52:34,966 | INFO | httpx | HTTP Request: HEAD https://huggingface.co/api/resolve-cache/models/sentence-transformers/all-MiniLM-L6-v2/1110a243fdf4706b3f48f1d95db1a4f5529b4d41/config_sentence_transformers.json "HTTP/1.1 200 OK"
2026-09-11 22:52:34,970 | INFO | sentence_transformers.base.model | Loading SentenceTransformer model from sentence-transformers/all-MiniLM-L6-v2.
2026-09-11 22:52:35,210 | INFO | httpx | HTTP Request: HEAD https://huggingface.co/sentence-transformers/all-MiniLM-L6-v2/resolve/main/config_sentence_transformers.json "HTTP/1.1 307 Temporary Redirect"
2026-09-11 22:52:35,242 | INFO | httpx | HTTP Request: HEAD https://huggingface.co/api/resolve-cache/models/sentence-transformers/all-MiniLM-L6-v2/1110a243fdf4706b3f48f1d95db1a4f5529b4d41/config_sentence_transformers.json "HTTP/1.1 200 OK"
2026-09-11 22:52:35,498 | INFO | httpx | HTTP Request: HEAD https://huggingface.co/sentence-transformers/all-MiniLM-L6-v2/resolve/main/README.md "HTTP/1.1 307 Temporary Redirect"
2026-09-11 22:52:35,537 | INFO | httpx | HTTP Request: HEAD https://huggingface.co/api/resolve-cache/models/sentence-transformers/all-MiniLM-L6-v2/1110a243fdf4706b3f48f1d95db1a4f5529b4d41/README.md "HTTP/1.1 200 OK"
2026-09-11 22:52:35,765 | INFO | httpx | HTTP Request: HEAD https://huggingface.co/sentence-transformers/all-MiniLM-L6-v2/resolve/main/modules.json "HTTP/1.1 307 Temporary Redirect"
2026-09-11 22:52:35,800 | INFO | httpx | HTTP Request: HEAD https://huggingface.co/api/resolve-cache/models/sentence-transformers/all-MiniLM-L6-v2/1110a243fdf4706b3f48f1d95db1a4f5529b4d41/modules.json "HTTP/1.1 200 OK"
2026-09-11 22:52:36,054 | INFO | httpx | HTTP Request: HEAD https://huggingface.co/sentence-transformers/all-MiniLM-L6-v2/resolve/main/sentence_bert_config.json "HTTP/1.1 307 Temporary Redirect"
2026-09-11 22:52:36,085 | INFO | httpx | HTTP Request: HEAD https://huggingface.co/api/resolve-cache/models/sentence-transformers/all-MiniLM-L6-v2/1110a243fdf4706b3f48f1d95db1a4f5529b4d41/sentence_bert_config.json "HTTP/1.1 200 OK"
2026-09-11 22:52:36,315 | INFO | httpx | HTTP Request: HEAD https://huggingface.co/sentence-transformers/all-MiniLM-L6-v2/resolve/main/adapter_config.json "HTTP/1.1 404 Not Found"
2026-09-11 22:52:36,555 | INFO | httpx | HTTP Request: HEAD https://huggingface.co/sentence-transformers/all-MiniLM-L6-v2/resolve/main/config.json "HTTP/1.1 307 Temporary Redirect"
2026-09-11 22:52:36,593 | INFO | httpx | HTTP Request: HEAD https://huggingface.co/api/resolve-cache/models/sentence-transformers/all-MiniLM-L6-v2/1110a243fdf4706b3f48f1d95db1a4f5529b4d41/config.json "HTTP/1.1 200 OK"
2026-09-11 22:52:36,935 | INFO | httpx | HTTP Request: HEAD https://huggingface.co/sentence-transformers/all-MiniLM-L6-v2/resolve/main/processor_config.json "HTTP/1.1 404 Not Found"
2026-09-11 22:52:37,235 | INFO | httpx | HTTP Request: HEAD https://huggingface.co/sentence-transformers/all-MiniLM-L6-v2/resolve/main/preprocessor_config.json "HTTP/1.1 404 Not Found"
2026-09-11 22:52:37,537 | INFO | httpx | HTTP Request: HEAD https://huggingface.co/sentence-transformers/all-MiniLM-L6-v2/resolve/main/video_preprocessor_config.json "HTTP/1.1 404 Not Found"
2026-09-11 22:52:37,778 | INFO | httpx | HTTP Request: HEAD https://huggingface.co/sentence-transformers/all-MiniLM-L6-v2/resolve/main/preprocessor_config.json "HTTP/1.1 404 Not Found"
2026-09-11 22:52:38,005 | INFO | httpx | HTTP Request: HEAD https://huggingface.co/sentence-transformers/all-MiniLM-L6-v2/resolve/main/tokenizer_config.json "HTTP/1.1 307 Temporary Redirect"
2026-09-11 22:52:38,043 | INFO | httpx | HTTP Request: HEAD https://huggingface.co/api/resolve-cache/models/sentence-transformers/all-MiniLM-L6-v2/1110a243fdf4706b3f48f1d95db1a4f5529b4d41/tokenizer_config.json "HTTP/1.1 200 OK"
2026-09-11 22:52:38,298 | INFO | httpx | HTTP Request: HEAD https://huggingface.co/sentence-transformers/all-MiniLM-L6-v2/resolve/main/config.json "HTTP/1.1 307 Temporary Redirect"
2026-09-11 22:52:38,346 | INFO | httpx | HTTP Request: HEAD https://huggingface.co/api/resolve-cache/models/sentence-transformers/all-MiniLM-L6-v2/1110a243fdf4706b3f48f1d95db1a4f5529b4d41/config.json "HTTP/1.1 200 OK"
2026-09-11 22:52:38,588 | INFO | httpx | HTTP Request: HEAD https://huggingface.co/sentence-transformers/all-MiniLM-L6-v2/resolve/main/config.json "HTTP/1.1 307 Temporary Redirect"
2026-09-11 22:52:38,618 | INFO | httpx | HTTP Request: HEAD https://huggingface.co/api/resolve-cache/models/sentence-transformers/all-MiniLM-L6-v2/1110a243fdf4706b3f48f1d95db1a4f5529b4d41/config.json "HTTP/1.1 200 OK"
2026-09-11 22:52:38,866 | INFO | httpx | HTTP Request: HEAD https://huggingface.co/sentence-transformers/all-MiniLM-L6-v2/resolve/main/tokenizer_config.json "HTTP/1.1 307 Temporary Redirect"
2026-09-11 22:52:38,898 | INFO | httpx | HTTP Request: HEAD https://huggingface.co/api/resolve-cache/models/sentence-transformers/all-MiniLM-L6-v2/1110a243fdf4706b3f48f1d95db1a4f5529b4d41/tokenizer_config.json "HTTP/1.1 200 OK"
2026-09-11 22:52:39,311 | INFO | httpx | HTTP Request: GET https://huggingface.co/api/models/sentence-transformers/all-MiniLM-L6-v2/tree/main/additional_chat_templates?recursive=false&expand=false "HTTP/1.1 404 Not Found"
2026-09-11 22:52:39,595 | INFO | httpx | HTTP Request: GET https://huggingface.co/api/models/sentence-transformers/all-MiniLM-L6-v2/tree/main?recursive=true&expand=false "HTTP/1.1 200 OK"
2026-09-11 22:52:39,965 | INFO | httpx | HTTP Request: HEAD https://huggingface.co/sentence-transformers/all-MiniLM-L6-v2/resolve/main/1_Pooling/config.json "HTTP/1.1 307 Temporary Redirect"
2026-09-11 22:52:39,998 | INFO | httpx | HTTP Request: HEAD https://huggingface.co/api/resolve-cache/models/sentence-transformers/all-MiniLM-L6-v2/1110a243fdf4706b3f48f1d95db1a4f5529b4d41/1_Pooling%2Fconfig.json "HTTP/1.1 200 OK"
2026-09-11 22:52:40,238 | INFO | httpx | HTTP Request: GET https://huggingface.co/api/models/sentence-transformers/all-MiniLM-L6-v2 "HTTP/1.1 200 OK"
2026-09-11 22:52:40,245 | INFO | src.embedders.embedding_generator | Embedding model loaded successfully
2026-09-11 22:52:40,245 | INFO | src.embedders.embedding_generator | Generating embedding for chunk (id=6168e541-9c83-47ab-8843-930c964bb60c_chunk_1)
2026-09-11 22:52:40,295 | INFO | src.storage.jsonl_store | Saving object to data/processed/embeddings.jsonl
2026-09-11 22:52:40,302 | INFO | src.storage.jsonl_store | Object saved successfully
2026-09-11 22:52:40,302 | INFO | src.embedders.embedding_generator | Generating embedding for chunk (id=6168e541-9c83-47ab-8843-930c964bb60c_chunk_2)
2026-09-11 22:52:40,320 | INFO | src.storage.jsonl_store | Saving object to data/processed/embeddings.jsonl
2026-09-11 22:52:40,320 | INFO | src.storage.jsonl_store | Object saved successfully
2026-09-11 22:52:40,320 | INFO | src.pipelines.dataset_pipeline | embedding Length=2
2026-09-11 22:52:40,320 | INFO | src.pipelines.dataset_pipeline | Processing URL: https://coddy.tech/docs/python/input-and-print
2026-09-11 22:52:40,320 | INFO | src.collectors.docs_collector | Collecting document from https://coddy.tech/docs/python/input-and-print
2026-09-11 22:52:40,985 | INFO | src.collectors.docs_collector | Successfully downloaded page
2026-09-11 22:52:41,057 | INFO | src.collectors.docs_collector | Document created successfully (id=4370985b-c282-456f-822b-93e9c955abf7)
2026-09-11 22:52:41,059 | INFO | src.cleaners.document_cleaner | Cleaning document (id=4370985b-c282-456f-822b-93e9c955abf7)
2026-09-11 22:52:41,060 | INFO | src.cleaners.document_cleaner | Finished cleaning document (id=4370985b-c282-456f-822b-93e9c955abf7)
2026-09-11 22:52:41,060 | INFO | src.validator.document_validator | Validating document (id=4370985b-c282-456f-822b-93e9c955abf7)
2026-09-11 22:52:41,060 | INFO | src.enrichers.document_enricher | Enriching document (id=4370985b-c282-456f-822b-93e9c955abf7)
2026-09-11 22:52:41,060 | INFO | src.enrichers.document_enricher | Enrichment completed (id=4370985b-c282-456f-822b-93e9c955abf7, words=629, chars=3601, quality=1.00)
2026-09-11 22:52:41,060 | INFO | src.storage.jsonl_store | Saving object to data/raw/documents.jsonl
2026-09-11 22:52:41,061 | INFO | src.storage.jsonl_store | Object saved successfully
2026-09-11 22:52:41,061 | INFO | src.pipelines.dataset_pipeline | Saved document (id=4370985b-c282-456f-822b-93e9c955abf7, title='Runnable Python Docs: Input & Print | Coddy')
2026-09-11 22:52:41,061 | INFO | src.chunkers.document_chunker | Starting chunking for document (id=4370985b-c282-456f-822b-93e9c955abf7)
2026-09-11 22:52:41,061 | INFO | src.chunkers.document_chunker | Chunking completed (id=4370985b-c282-456f-822b-93e9c955abf7, chunks=19)
2026-09-11 22:52:41,061 | INFO | src.storage.jsonl_store | Saving 19 objects
2026-09-11 22:52:41,061 | INFO | src.storage.jsonl_store | Saving object to data/processed/chunks.jsonl
2026-09-11 22:52:41,062 | INFO | src.storage.jsonl_store | Object saved successfully
2026-09-11 22:52:41,062 | INFO | src.storage.jsonl_store | Saving object to data/processed/chunks.jsonl
2026-09-11 22:52:41,062 | INFO | src.storage.jsonl_store | Object saved successfully
2026-09-11 22:52:41,062 | INFO | src.storage.jsonl_store | Saving object to data/processed/chunks.jsonl
2026-09-11 22:52:41,062 | INFO | src.storage.jsonl_store | Object saved successfully
2026-09-11 22:52:41,064 | INFO | src.storage.jsonl_store | Saving object to data/processed/chunks.jsonl
2026-09-11 22:52:41,064 | INFO | src.storage.jsonl_store | Object saved successfully
2026-09-11 22:52:41,064 | INFO | src.storage.jsonl_store | Saving object to data/processed/chunks.jsonl
2026-09-11 22:52:41,064 | INFO | src.storage.jsonl_store | Object saved successfully
2026-09-11 22:52:41,065 | INFO | src.storage.jsonl_store | Saving object to data/processed/chunks.jsonl
2026-09-11 22:52:41,065 | INFO | src.storage.jsonl_store | Object saved successfully
2026-09-11 22:52:41,065 | INFO | src.storage.jsonl_store | Saving object to data/processed/chunks.jsonl
2026-09-11 22:52:41,065 | INFO | src.storage.jsonl_store | Object saved successfully
2026-09-11 22:52:41,065 | INFO | src.storage.jsonl_store | Saving object to data/processed/chunks.jsonl
2026-09-11 22:52:41,066 | INFO | src.storage.jsonl_store | Object saved successfully
2026-09-11 22:52:41,066 | INFO | src.storage.jsonl_store | Saving object to data/processed/chunks.jsonl
2026-09-11 22:52:41,067 | INFO | src.storage.jsonl_store | Object saved successfully
2026-09-11 22:52:41,067 | INFO | src.storage.jsonl_store | Saving object to data/processed/chunks.jsonl
2026-09-11 22:52:41,067 | INFO | src.storage.jsonl_store | Object saved successfully
2026-09-11 22:52:41,067 | INFO | src.storage.jsonl_store | Saving object to data/processed/chunks.jsonl
2026-09-11 22:52:41,068 | INFO | src.storage.jsonl_store | Object saved successfully
2026-09-11 22:52:41,068 | INFO | src.storage.jsonl_store | Saving object to data/processed/chunks.jsonl
2026-09-11 22:52:41,068 | INFO | src.storage.jsonl_store | Object saved successfully
2026-09-11 22:52:41,068 | INFO | src.storage.jsonl_store | Saving object to data/processed/chunks.jsonl
2026-09-11 22:52:41,068 | INFO | src.storage.jsonl_store | Object saved successfully
2026-09-11 22:52:41,069 | INFO | src.storage.jsonl_store | Saving object to data/processed/chunks.jsonl
2026-09-11 22:52:41,069 | INFO | src.storage.jsonl_store | Object saved successfully
2026-09-11 22:52:41,069 | INFO | src.storage.jsonl_store | Saving object to data/processed/chunks.jsonl
2026-09-11 22:52:41,070 | INFO | src.storage.jsonl_store | Object saved successfully
2026-09-11 22:52:41,070 | INFO | src.storage.jsonl_store | Saving object to data/processed/chunks.jsonl
2026-09-11 22:52:41,070 | INFO | src.storage.jsonl_store | Object saved successfully
2026-09-11 22:52:41,070 | INFO | src.storage.jsonl_store | Saving object to data/processed/chunks.jsonl
2026-09-11 22:52:41,071 | INFO | src.storage.jsonl_store | Object saved successfully
2026-09-11 22:52:41,071 | INFO | src.storage.jsonl_store | Saving object to data/processed/chunks.jsonl
2026-09-11 22:52:41,071 | INFO | src.storage.jsonl_store | Object saved successfully
2026-09-11 22:52:41,071 | INFO | src.storage.jsonl_store | Saving object to data/processed/chunks.jsonl
2026-09-11 22:52:41,073 | INFO | src.storage.jsonl_store | Object saved successfully
2026-09-11 22:52:41,073 | INFO | src.storage.jsonl_store | Finished saving 19 objects
2026-09-11 22:52:41,073 | INFO | src.pipelines.dataset_pipeline | chunk Length=19
2026-09-11 22:52:41,073 | INFO | src.embedders.embedding_generator | Loading embedding model: all-MiniLM-L6-v2
2026-09-11 22:52:41,074 | INFO | sentence_transformers.base.model | No device provided, using cpu
2026-09-11 22:52:41,311 | INFO | httpx | HTTP Request: HEAD https://huggingface.co/sentence-transformers/all-MiniLM-L6-v2/resolve/main/modules.json "HTTP/1.1 307 Temporary Redirect"
2026-09-11 22:52:41,345 | INFO | httpx | HTTP Request: HEAD https://huggingface.co/api/resolve-cache/models/sentence-transformers/all-MiniLM-L6-v2/1110a243fdf4706b3f48f1d95db1a4f5529b4d41/modules.json "HTTP/1.1 200 OK"
2026-09-11 22:52:41,595 | INFO | httpx | HTTP Request: HEAD https://huggingface.co/sentence-transformers/all-MiniLM-L6-v2/resolve/main/config_sentence_transformers.json "HTTP/1.1 307 Temporary Redirect"
2026-09-11 22:52:41,639 | INFO | httpx | HTTP Request: HEAD https://huggingface.co/api/resolve-cache/models/sentence-transformers/all-MiniLM-L6-v2/1110a243fdf4706b3f48f1d95db1a4f5529b4d41/config_sentence_transformers.json "HTTP/1.1 200 OK"
2026-09-11 22:52:41,645 | INFO | sentence_transformers.base.model | Loading SentenceTransformer model from sentence-transformers/all-MiniLM-L6-v2.
2026-09-11 22:52:41,997 | INFO | httpx | HTTP Request: HEAD https://huggingface.co/sentence-transformers/all-MiniLM-L6-v2/resolve/main/config_sentence_transformers.json "HTTP/1.1 307 Temporary Redirect"
2026-09-11 22:52:42,065 | INFO | httpx | HTTP Request: HEAD https://huggingface.co/api/resolve-cache/models/sentence-transformers/all-MiniLM-L6-v2/1110a243fdf4706b3f48f1d95db1a4f5529b4d41/config_sentence_transformers.json "HTTP/1.1 200 OK"
2026-09-11 22:52:42,305 | INFO | httpx | HTTP Request: HEAD https://huggingface.co/sentence-transformers/all-MiniLM-L6-v2/resolve/main/README.md "HTTP/1.1 307 Temporary Redirect"
2026-09-11 22:52:42,335 | INFO | httpx | HTTP Request: HEAD https://huggingface.co/api/resolve-cache/models/sentence-transformers/all-MiniLM-L6-v2/1110a243fdf4706b3f48f1d95db1a4f5529b4d41/README.md "HTTP/1.1 200 OK"
2026-09-11 22:52:42,585 | INFO | httpx | HTTP Request: HEAD https://huggingface.co/sentence-transformers/all-MiniLM-L6-v2/resolve/main/modules.json "HTTP/1.1 307 Temporary Redirect"
2026-09-11 22:52:42,612 | INFO | httpx | HTTP Request: HEAD https://huggingface.co/api/resolve-cache/models/sentence-transformers/all-MiniLM-L6-v2/1110a243fdf4706b3f48f1d95db1a4f5529b4d41/modules.json "HTTP/1.1 200 OK"
2026-09-11 22:52:42,865 | INFO | httpx | HTTP Request: HEAD https://huggingface.co/sentence-transformers/all-MiniLM-L6-v2/resolve/main/sentence_bert_config.json "HTTP/1.1 307 Temporary Redirect"
2026-09-11 22:52:42,900 | INFO | httpx | HTTP Request: HEAD https://huggingface.co/api/resolve-cache/models/sentence-transformers/all-MiniLM-L6-v2/1110a243fdf4706b3f48f1d95db1a4f5529b4d41/sentence_bert_config.json "HTTP/1.1 200 OK"
2026-09-11 22:52:43,145 | INFO | httpx | HTTP Request: HEAD https://huggingface.co/sentence-transformers/all-MiniLM-L6-v2/resolve/main/adapter_config.json "HTTP/1.1 404 Not Found"
2026-09-11 22:52:43,378 | INFO | httpx | HTTP Request: HEAD https://huggingface.co/sentence-transformers/all-MiniLM-L6-v2/resolve/main/config.json "HTTP/1.1 307 Temporary Redirect"
2026-09-11 22:52:43,419 | INFO | httpx | HTTP Request: HEAD https://huggingface.co/api/resolve-cache/models/sentence-transformers/all-MiniLM-L6-v2/1110a243fdf4706b3f48f1d95db1a4f5529b4d41/config.json "HTTP/1.1 200 OK"
2026-09-11 22:52:43,751 | INFO | httpx | HTTP Request: HEAD https://huggingface.co/sentence-transformers/all-MiniLM-L6-v2/resolve/main/processor_config.json "HTTP/1.1 404 Not Found"
2026-09-11 22:52:43,978 | INFO | httpx | HTTP Request: HEAD https://huggingface.co/sentence-transformers/all-MiniLM-L6-v2/resolve/main/preprocessor_config.json "HTTP/1.1 404 Not Found"
2026-09-11 22:52:44,215 | INFO | httpx | HTTP Request: HEAD https://huggingface.co/sentence-transformers/all-MiniLM-L6-v2/resolve/main/video_preprocessor_config.json "HTTP/1.1 404 Not Found"
2026-09-11 22:52:44,461 | INFO | httpx | HTTP Request: HEAD https://huggingface.co/sentence-transformers/all-MiniLM-L6-v2/resolve/main/preprocessor_config.json "HTTP/1.1 404 Not Found"
2026-09-11 22:52:44,686 | INFO | httpx | HTTP Request: HEAD https://huggingface.co/sentence-transformers/all-MiniLM-L6-v2/resolve/main/tokenizer_config.json "HTTP/1.1 307 Temporary Redirect"
2026-09-11 22:52:44,725 | INFO | httpx | HTTP Request: HEAD https://huggingface.co/api/resolve-cache/models/sentence-transformers/all-MiniLM-L6-v2/1110a243fdf4706b3f48f1d95db1a4f5529b4d41/tokenizer_config.json "HTTP/1.1 200 OK"
2026-09-11 22:52:44,976 | INFO | httpx | HTTP Request: HEAD https://huggingface.co/sentence-transformers/all-MiniLM-L6-v2/resolve/main/config.json "HTTP/1.1 307 Temporary Redirect"
2026-09-11 22:52:45,010 | INFO | httpx | HTTP Request: HEAD https://huggingface.co/api/resolve-cache/models/sentence-transformers/all-MiniLM-L6-v2/1110a243fdf4706b3f48f1d95db1a4f5529b4d41/config.json "HTTP/1.1 200 OK"
2026-09-11 22:52:45,247 | INFO | httpx | HTTP Request: HEAD https://huggingface.co/sentence-transformers/all-MiniLM-L6-v2/resolve/main/config.json "HTTP/1.1 307 Temporary Redirect"
2026-09-11 22:52:45,279 | INFO | httpx | HTTP Request: HEAD https://huggingface.co/api/resolve-cache/models/sentence-transformers/all-MiniLM-L6-v2/1110a243fdf4706b3f48f1d95db1a4f5529b4d41/config.json "HTTP/1.1 200 OK"
2026-09-11 22:52:45,516 | INFO | httpx | HTTP Request: HEAD https://huggingface.co/sentence-transformers/all-MiniLM-L6-v2/resolve/main/tokenizer_config.json "HTTP/1.1 307 Temporary Redirect"
2026-09-11 22:52:45,553 | INFO | httpx | HTTP Request: HEAD https://huggingface.co/api/resolve-cache/models/sentence-transformers/all-MiniLM-L6-v2/1110a243fdf4706b3f48f1d95db1a4f5529b4d41/tokenizer_config.json "HTTP/1.1 200 OK"
2026-09-11 22:52:45,815 | INFO | httpx | HTTP Request: GET https://huggingface.co/api/models/sentence-transformers/all-MiniLM-L6-v2/tree/main/additional_chat_templates?recursive=false&expand=false "HTTP/1.1 404 Not Found"
2026-09-11 22:52:46,047 | INFO | httpx | HTTP Request: GET https://huggingface.co/api/models/sentence-transformers/all-MiniLM-L6-v2/tree/main?recursive=true&expand=false "HTTP/1.1 200 OK"
2026-09-11 22:52:46,335 | INFO | httpx | HTTP Request: HEAD https://huggingface.co/sentence-transformers/all-MiniLM-L6-v2/resolve/main/1_Pooling/config.json "HTTP/1.1 307 Temporary Redirect"
2026-09-11 22:52:46,371 | INFO | httpx | HTTP Request: HEAD https://huggingface.co/api/resolve-cache/models/sentence-transformers/all-MiniLM-L6-v2/1110a243fdf4706b3f48f1d95db1a4f5529b4d41/1_Pooling%2Fconfig.json "HTTP/1.1 200 OK"
2026-09-11 22:52:46,611 | INFO | httpx | HTTP Request: GET https://huggingface.co/api/models/sentence-transformers/all-MiniLM-L6-v2 "HTTP/1.1 200 OK"
2026-09-11 22:52:46,618 | INFO | src.embedders.embedding_generator | Embedding model loaded successfully
2026-09-11 22:52:46,618 | INFO | src.embedders.embedding_generator | Generating embedding for chunk (id=4370985b-c282-456f-822b-93e9c955abf7_chunk_1)
2026-09-11 22:52:46,656 | INFO | src.storage.jsonl_store | Saving object to data/processed/embeddings.jsonl
2026-09-11 22:52:46,656 | INFO | src.storage.jsonl_store | Object saved successfully
2026-09-11 22:52:46,665 | INFO | src.embedders.embedding_generator | Generating embedding for chunk (id=4370985b-c282-456f-822b-93e9c955abf7_chunk_2)
2026-09-11 22:52:46,690 | INFO | src.storage.jsonl_store | Saving object to data/processed/embeddings.jsonl
2026-09-11 22:52:46,690 | INFO | src.storage.jsonl_store | Object saved successfully
2026-09-11 22:52:46,690 | INFO | src.embedders.embedding_generator | Generating embedding for chunk (id=4370985b-c282-456f-822b-93e9c955abf7_chunk_3)
2026-09-11 22:52:46,720 | INFO | src.storage.jsonl_store | Saving object to data/processed/embeddings.jsonl
2026-09-11 22:52:46,720 | INFO | src.storage.jsonl_store | Object saved successfully
2026-09-11 22:52:46,720 | INFO | src.embedders.embedding_generator | Generating embedding for chunk (id=4370985b-c282-456f-822b-93e9c955abf7_chunk_4)
2026-09-11 22:52:46,755 | INFO | src.storage.jsonl_store | Saving object to data/processed/embeddings.jsonl
2026-09-11 22:52:46,757 | INFO | src.storage.jsonl_store | Object saved successfully
2026-09-11 22:52:46,757 | INFO | src.embedders.embedding_generator | Generating embedding for chunk (id=4370985b-c282-456f-822b-93e9c955abf7_chunk_5)
2026-09-11 22:52:46,793 | INFO | src.storage.jsonl_store | Saving object to data/processed/embeddings.jsonl
2026-09-11 22:52:46,794 | INFO | src.storage.jsonl_store | Object saved successfully
2026-09-11 22:52:46,795 | INFO | src.embedders.embedding_generator | Generating embedding for chunk (id=4370985b-c282-456f-822b-93e9c955abf7_chunk_6)
2026-09-11 22:52:46,817 | INFO | src.storage.jsonl_store | Saving object to data/processed/embeddings.jsonl
2026-09-11 22:52:46,825 | INFO | src.storage.jsonl_store | Object saved successfully
2026-09-11 22:52:46,825 | INFO | src.embedders.embedding_generator | Generating embedding for chunk (id=4370985b-c282-456f-822b-93e9c955abf7_chunk_7)
2026-09-11 22:52:46,857 | INFO | src.storage.jsonl_store | Saving object to data/processed/embeddings.jsonl
2026-09-11 22:52:46,858 | INFO | src.storage.jsonl_store | Object saved successfully
2026-09-11 22:52:46,859 | INFO | src.embedders.embedding_generator | Generating embedding for chunk (id=4370985b-c282-456f-822b-93e9c955abf7_chunk_8)
2026-09-11 22:52:46,899 | INFO | src.storage.jsonl_store | Saving object to data/processed/embeddings.jsonl
2026-09-11 22:52:46,901 | INFO | src.storage.jsonl_store | Object saved successfully
2026-09-11 22:52:46,901 | INFO | src.embedders.embedding_generator | Generating embedding for chunk (id=4370985b-c282-456f-822b-93e9c955abf7_chunk_9)
2026-09-11 22:52:46,940 | INFO | src.storage.jsonl_store | Saving object to data/processed/embeddings.jsonl
2026-09-11 22:52:46,945 | INFO | src.storage.jsonl_store | Object saved successfully
2026-09-11 22:52:46,947 | INFO | src.embedders.embedding_generator | Generating embedding for chunk (id=4370985b-c282-456f-822b-93e9c955abf7_chunk_10)
2026-09-11 22:52:47,063 | INFO | src.storage.jsonl_store | Saving object to data/processed/embeddings.jsonl
2026-09-11 22:52:47,065 | INFO | src.storage.jsonl_store | Object saved successfully
2026-09-11 22:52:47,066 | INFO | src.embedders.embedding_generator | Generating embedding for chunk (id=4370985b-c282-456f-822b-93e9c955abf7_chunk_11)
2026-09-11 22:52:47,091 | INFO | src.storage.jsonl_store | Saving object to data/processed/embeddings.jsonl
2026-09-11 22:52:47,095 | INFO | src.storage.jsonl_store | Object saved successfully
2026-09-11 22:52:47,096 | INFO | src.embedders.embedding_generator | Generating embedding for chunk (id=4370985b-c282-456f-822b-93e9c955abf7_chunk_12)
2026-09-11 22:52:47,121 | INFO | src.storage.jsonl_store | Saving object to data/processed/embeddings.jsonl
2026-09-11 22:52:47,122 | INFO | src.storage.jsonl_store | Object saved successfully
2026-09-11 22:52:47,122 | INFO | src.embedders.embedding_generator | Generating embedding for chunk (id=4370985b-c282-456f-822b-93e9c955abf7_chunk_13)
2026-09-11 22:52:47,155 | INFO | src.storage.jsonl_store | Saving object to data/processed/embeddings.jsonl
2026-09-11 22:52:47,156 | INFO | src.storage.jsonl_store | Object saved successfully
2026-09-11 22:52:47,159 | INFO | src.embedders.embedding_generator | Generating embedding for chunk (id=4370985b-c282-456f-822b-93e9c955abf7_chunk_14)
2026-09-11 22:52:47,185 | INFO | src.storage.jsonl_store | Saving object to data/processed/embeddings.jsonl
2026-09-11 22:52:47,185 | INFO | src.storage.jsonl_store | Object saved successfully
2026-09-11 22:52:47,185 | INFO | src.embedders.embedding_generator | Generating embedding for chunk (id=4370985b-c282-456f-822b-93e9c955abf7_chunk_15)
2026-09-11 22:52:47,215 | INFO | src.storage.jsonl_store | Saving object to data/processed/embeddings.jsonl
2026-09-11 22:52:47,219 | INFO | src.storage.jsonl_store | Object saved successfully
2026-09-11 22:52:47,219 | INFO | src.embedders.embedding_generator | Generating embedding for chunk (id=4370985b-c282-456f-822b-93e9c955abf7_chunk_16)
2026-09-11 22:52:47,253 | INFO | src.storage.jsonl_store | Saving object to data/processed/embeddings.jsonl
2026-09-11 22:52:47,255 | INFO | src.storage.jsonl_store | Object saved successfully
2026-09-11 22:52:47,255 | INFO | src.embedders.embedding_generator | Generating embedding for chunk (id=4370985b-c282-456f-822b-93e9c955abf7_chunk_17)
2026-09-11 22:52:47,285 | INFO | src.storage.jsonl_store | Saving object to data/processed/embeddings.jsonl
2026-09-11 22:52:47,285 | INFO | src.storage.jsonl_store | Object saved successfully
2026-09-11 22:52:47,285 | INFO | src.embedders.embedding_generator | Generating embedding for chunk (id=4370985b-c282-456f-822b-93e9c955abf7_chunk_18)
2026-09-11 22:52:47,313 | INFO | src.storage.jsonl_store | Saving object to data/processed/embeddings.jsonl
2026-09-11 22:52:47,315 | INFO | src.storage.jsonl_store | Object saved successfully
2026-09-11 22:52:47,315 | INFO | src.embedders.embedding_generator | Generating embedding for chunk (id=4370985b-c282-456f-822b-93e9c955abf7_chunk_19)
2026-09-11 22:52:47,329 | INFO | src.storage.jsonl_store | Saving object to data/processed/embeddings.jsonl
2026-09-11 22:52:47,331 | INFO | src.storage.jsonl_store | Object saved successfully
2026-09-11 22:52:47,332 | INFO | src.pipelines.dataset_pipeline | embedding Length=19
2026-09-11 22:52:47,332 | INFO | src.storage.jsonl_store | Reading records from data/processed/embeddings.jsonl
2026-09-11 22:52:47,365 | INFO | src.storage.jsonl_store | Loaded 106 objects
2026-09-11 22:52:47,375 | INFO | src.pipelines.dataset_pipeline | FAISS index contains 106 vectors
2026-09-12 23:13:32,866 | INFO | src.embedders.embedding_generator | Loading embedding model: all-MiniLM-L6-v2
2026-09-12 23:13:32,866 | INFO | sentence_transformers.base.model | No device provided, using cpu
2026-09-12 23:13:34,506 | INFO | httpx | HTTP Request: GET https://huggingface.co/api/agent-harnesses "HTTP/1.1 200 OK"
2026-09-12 23:13:34,740 | INFO | httpx | HTTP Request: HEAD https://huggingface.co/sentence-transformers/all-MiniLM-L6-v2/resolve/main/modules.json "HTTP/1.1 307 Temporary Redirect"
2026-09-12 23:13:34,746 | WARNING | huggingface_hub.utils._http | Warning: You are sending unauthenticated requests to the HF Hub. Please set a HF_TOKEN to enable higher rate limits and faster downloads.
2026-09-12 23:13:34,777 | INFO | httpx | HTTP Request: HEAD https://huggingface.co/api/resolve-cache/models/sentence-transformers/all-MiniLM-L6-v2/1110a243fdf4706b3f48f1d95db1a4f5529b4d41/modules.json "HTTP/1.1 200 OK"
2026-09-12 23:13:35,040 | INFO | httpx | HTTP Request: HEAD https://huggingface.co/sentence-transformers/all-MiniLM-L6-v2/resolve/main/config_sentence_transformers.json "HTTP/1.1 307 Temporary Redirect"
2026-09-12 23:13:35,071 | INFO | httpx | HTTP Request: HEAD https://huggingface.co/api/resolve-cache/models/sentence-transformers/all-MiniLM-L6-v2/1110a243fdf4706b3f48f1d95db1a4f5529b4d41/config_sentence_transformers.json "HTTP/1.1 200 OK"
2026-09-12 23:13:35,086 | INFO | sentence_transformers.base.model | Loading SentenceTransformer model from sentence-transformers/all-MiniLM-L6-v2.
2026-09-12 23:13:35,316 | INFO | httpx | HTTP Request: HEAD https://huggingface.co/sentence-transformers/all-MiniLM-L6-v2/resolve/main/config_sentence_transformers.json "HTTP/1.1 307 Temporary Redirect"
2026-09-12 23:13:35,346 | INFO | httpx | HTTP Request: HEAD https://huggingface.co/api/resolve-cache/models/sentence-transformers/all-MiniLM-L6-v2/1110a243fdf4706b3f48f1d95db1a4f5529b4d41/config_sentence_transformers.json "HTTP/1.1 200 OK"
2026-09-12 23:13:35,577 | INFO | httpx | HTTP Request: HEAD https://huggingface.co/sentence-transformers/all-MiniLM-L6-v2/resolve/main/README.md "HTTP/1.1 307 Temporary Redirect"
2026-09-12 23:13:35,614 | INFO | httpx | HTTP Request: HEAD https://huggingface.co/api/resolve-cache/models/sentence-transformers/all-MiniLM-L6-v2/1110a243fdf4706b3f48f1d95db1a4f5529b4d41/README.md "HTTP/1.1 200 OK"
2026-09-12 23:13:35,864 | INFO | httpx | HTTP Request: HEAD https://huggingface.co/sentence-transformers/all-MiniLM-L6-v2/resolve/main/modules.json "HTTP/1.1 307 Temporary Redirect"
2026-09-12 23:13:35,896 | INFO | httpx | HTTP Request: HEAD https://huggingface.co/api/resolve-cache/models/sentence-transformers/all-MiniLM-L6-v2/1110a243fdf4706b3f48f1d95db1a4f5529b4d41/modules.json "HTTP/1.1 200 OK"
2026-09-12 23:13:36,142 | INFO | httpx | HTTP Request: HEAD https://huggingface.co/sentence-transformers/all-MiniLM-L6-v2/resolve/main/sentence_bert_config.json "HTTP/1.1 307 Temporary Redirect"
2026-09-12 23:13:36,177 | INFO | httpx | HTTP Request: HEAD https://huggingface.co/api/resolve-cache/models/sentence-transformers/all-MiniLM-L6-v2/1110a243fdf4706b3f48f1d95db1a4f5529b4d41/sentence_bert_config.json "HTTP/1.1 200 OK"
2026-09-12 23:13:36,416 | INFO | httpx | HTTP Request: HEAD https://huggingface.co/sentence-transformers/all-MiniLM-L6-v2/resolve/main/adapter_config.json "HTTP/1.1 404 Not Found"
2026-09-12 23:13:36,646 | INFO | httpx | HTTP Request: HEAD https://huggingface.co/sentence-transformers/all-MiniLM-L6-v2/resolve/main/config.json "HTTP/1.1 307 Temporary Redirect"
2026-09-12 23:13:36,676 | INFO | httpx | HTTP Request: HEAD https://huggingface.co/api/resolve-cache/models/sentence-transformers/all-MiniLM-L6-v2/1110a243fdf4706b3f48f1d95db1a4f5529b4d41/config.json "HTTP/1.1 200 OK"
2026-09-12 23:13:37,306 | INFO | httpx | HTTP Request: HEAD https://huggingface.co/sentence-transformers/all-MiniLM-L6-v2/resolve/main/processor_config.json "HTTP/1.1 404 Not Found"
2026-09-12 23:13:37,544 | INFO | httpx | HTTP Request: HEAD https://huggingface.co/sentence-transformers/all-MiniLM-L6-v2/resolve/main/preprocessor_config.json "HTTP/1.1 404 Not Found"
2026-09-12 23:13:37,783 | INFO | httpx | HTTP Request: HEAD https://huggingface.co/sentence-transformers/all-MiniLM-L6-v2/resolve/main/video_preprocessor_config.json "HTTP/1.1 404 Not Found"
2026-09-12 23:13:38,022 | INFO | httpx | HTTP Request: HEAD https://huggingface.co/sentence-transformers/all-MiniLM-L6-v2/resolve/main/preprocessor_config.json "HTTP/1.1 404 Not Found"
2026-09-12 23:13:38,270 | INFO | httpx | HTTP Request: HEAD https://huggingface.co/sentence-transformers/all-MiniLM-L6-v2/resolve/main/tokenizer_config.json "HTTP/1.1 307 Temporary Redirect"
2026-09-12 23:13:38,304 | INFO | httpx | HTTP Request: HEAD https://huggingface.co/api/resolve-cache/models/sentence-transformers/all-MiniLM-L6-v2/1110a243fdf4706b3f48f1d95db1a4f5529b4d41/tokenizer_config.json "HTTP/1.1 200 OK"
2026-09-12 23:13:38,548 | INFO | httpx | HTTP Request: HEAD https://huggingface.co/sentence-transformers/all-MiniLM-L6-v2/resolve/main/config.json "HTTP/1.1 307 Temporary Redirect"
2026-09-12 23:13:38,580 | INFO | httpx | HTTP Request: HEAD https://huggingface.co/api/resolve-cache/models/sentence-transformers/all-MiniLM-L6-v2/1110a243fdf4706b3f48f1d95db1a4f5529b4d41/config.json "HTTP/1.1 200 OK"
2026-09-12 23:13:38,819 | INFO | httpx | HTTP Request: HEAD https://huggingface.co/sentence-transformers/all-MiniLM-L6-v2/resolve/main/config.json "HTTP/1.1 307 Temporary Redirect"
2026-09-12 23:13:38,848 | INFO | httpx | HTTP Request: HEAD https://huggingface.co/api/resolve-cache/models/sentence-transformers/all-MiniLM-L6-v2/1110a243fdf4706b3f48f1d95db1a4f5529b4d41/config.json "HTTP/1.1 200 OK"
2026-09-12 23:13:39,087 | INFO | httpx | HTTP Request: HEAD https://huggingface.co/sentence-transformers/all-MiniLM-L6-v2/resolve/main/tokenizer_config.json "HTTP/1.1 307 Temporary Redirect"
2026-09-12 23:13:39,119 | INFO | httpx | HTTP Request: HEAD https://huggingface.co/api/resolve-cache/models/sentence-transformers/all-MiniLM-L6-v2/1110a243fdf4706b3f48f1d95db1a4f5529b4d41/tokenizer_config.json "HTTP/1.1 200 OK"
2026-09-12 23:13:39,368 | INFO | httpx | HTTP Request: GET https://huggingface.co/api/models/sentence-transformers/all-MiniLM-L6-v2/tree/main/additional_chat_templates?recursive=false&expand=false "HTTP/1.1 404 Not Found"
2026-09-12 23:13:39,636 | INFO | httpx | HTTP Request: GET https://huggingface.co/api/models/sentence-transformers/all-MiniLM-L6-v2/tree/main?recursive=true&expand=false "HTTP/1.1 200 OK"
2026-09-12 23:13:39,989 | INFO | httpx | HTTP Request: HEAD https://huggingface.co/sentence-transformers/all-MiniLM-L6-v2/resolve/main/1_Pooling/config.json "HTTP/1.1 307 Temporary Redirect"
2026-09-12 23:13:40,018 | INFO | httpx | HTTP Request: HEAD https://huggingface.co/api/resolve-cache/models/sentence-transformers/all-MiniLM-L6-v2/1110a243fdf4706b3f48f1d95db1a4f5529b4d41/1_Pooling%2Fconfig.json "HTTP/1.1 200 OK"
2026-09-12 23:13:40,260 | INFO | httpx | HTTP Request: GET https://huggingface.co/api/models/sentence-transformers/all-MiniLM-L6-v2 "HTTP/1.1 200 OK"
2026-09-12 23:13:40,266 | INFO | src.embedders.embedding_generator | Embedding model loaded successfully
2026-09-12 23:13:40,266 | INFO | src.storage.jsonl_store | Reading records from data/processed/chunks.jsonl
2026-09-12 23:13:40,276 | INFO | src.storage.jsonl_store | Loaded 106 objects
2026-09-12 23:14:16,736 | INFO | src.pipelines.dataset_pipeline | Processing URL: https://docs.python.org/3/tutorial/
2026-09-12 23:14:16,736 | INFO | src.collectors.docs_collector | Collecting document from https://docs.python.org/3/tutorial/
2026-09-12 23:14:16,896 | INFO | src.collectors.docs_collector | Successfully downloaded page
2026-09-12 23:14:16,941 | INFO | src.collectors.docs_collector | Document created successfully (id=c720dd4a-d726-45db-b6c8-51cfdcf99583)
2026-09-12 23:14:16,943 | INFO | src.cleaners.document_cleaner | Cleaning document (id=c720dd4a-d726-45db-b6c8-51cfdcf99583)
2026-09-12 23:14:16,943 | INFO | src.cleaners.document_cleaner | Finished cleaning document (id=c720dd4a-d726-45db-b6c8-51cfdcf99583)
2026-09-12 23:14:16,943 | INFO | src.validator.document_validator | Validating document (id=c720dd4a-d726-45db-b6c8-51cfdcf99583)
2026-09-12 23:14:16,943 | INFO | src.enrichers.document_enricher | Enriching document (id=c720dd4a-d726-45db-b6c8-51cfdcf99583)
2026-09-12 23:14:16,945 | INFO | src.enrichers.document_enricher | Enrichment completed (id=c720dd4a-d726-45db-b6c8-51cfdcf99583, words=362, chars=2293, quality=0.50)
2026-09-12 23:14:16,945 | INFO | src.storage.jsonl_store | Saving object to data/raw/documents.jsonl
2026-09-12 23:14:16,946 | INFO | src.storage.jsonl_store | Object saved successfully
2026-09-12 23:14:16,946 | INFO | src.pipelines.dataset_pipeline | Saved document (id=c720dd4a-d726-45db-b6c8-51cfdcf99583, title='The Python Tutorial — Python 3.14.7 documentation')
2026-09-12 23:14:16,946 | INFO | src.chunkers.document_chunker | Starting chunking for document (id=c720dd4a-d726-45db-b6c8-51cfdcf99583)
2026-09-12 23:14:16,946 | INFO | src.chunkers.document_chunker | Chunking completed (id=c720dd4a-d726-45db-b6c8-51cfdcf99583, chunks=12)
2026-09-12 23:14:16,947 | INFO | src.storage.jsonl_store | Saving 12 objects
2026-09-12 23:14:16,947 | INFO | src.storage.jsonl_store | Saving object to data/processed/chunks.jsonl
2026-09-12 23:14:16,947 | INFO | src.storage.jsonl_store | Object saved successfully
2026-09-12 23:14:16,947 | INFO | src.storage.jsonl_store | Saving object to data/processed/chunks.jsonl
2026-09-12 23:14:16,947 | INFO | src.storage.jsonl_store | Object saved successfully
2026-09-12 23:14:16,947 | INFO | src.storage.jsonl_store | Saving object to data/processed/chunks.jsonl
2026-09-12 23:14:16,949 | INFO | src.storage.jsonl_store | Object saved successfully
2026-09-12 23:14:16,949 | INFO | src.storage.jsonl_store | Saving object to data/processed/chunks.jsonl
2026-09-12 23:14:16,949 | INFO | src.storage.jsonl_store | Object saved successfully
2026-09-12 23:14:16,949 | INFO | src.storage.jsonl_store | Saving object to data/processed/chunks.jsonl
2026-09-12 23:14:16,949 | INFO | src.storage.jsonl_store | Object saved successfully
2026-09-12 23:14:16,949 | INFO | src.storage.jsonl_store | Saving object to data/processed/chunks.jsonl
2026-09-12 23:14:16,949 | INFO | src.storage.jsonl_store | Object saved successfully
2026-09-12 23:14:16,949 | INFO | src.storage.jsonl_store | Saving object to data/processed/chunks.jsonl
2026-09-12 23:14:16,949 | INFO | src.storage.jsonl_store | Object saved successfully
2026-09-12 23:14:16,949 | INFO | src.storage.jsonl_store | Saving object to data/processed/chunks.jsonl
2026-09-12 23:14:16,949 | INFO | src.storage.jsonl_store | Object saved successfully
2026-09-12 23:14:16,949 | INFO | src.storage.jsonl_store | Saving object to data/processed/chunks.jsonl
2026-09-12 23:14:16,949 | INFO | src.storage.jsonl_store | Object saved successfully
2026-09-12 23:14:16,949 | INFO | src.storage.jsonl_store | Saving object to data/processed/chunks.jsonl
2026-09-12 23:14:16,949 | INFO | src.storage.jsonl_store | Object saved successfully
2026-09-12 23:14:16,949 | INFO | src.storage.jsonl_store | Saving object to data/processed/chunks.jsonl
2026-09-12 23:14:16,949 | INFO | src.storage.jsonl_store | Object saved successfully
2026-09-12 23:14:16,949 | INFO | src.storage.jsonl_store | Saving object to data/processed/chunks.jsonl
2026-09-12 23:14:16,949 | INFO | src.storage.jsonl_store | Object saved successfully
2026-09-12 23:14:16,949 | INFO | src.storage.jsonl_store | Finished saving 12 objects
2026-09-12 23:14:16,949 | INFO | src.pipelines.dataset_pipeline | chunk Length=12
2026-09-12 23:14:16,949 | INFO | src.embedders.embedding_generator | Loading embedding model: all-MiniLM-L6-v2
2026-09-12 23:14:16,956 | INFO | sentence_transformers.base.model | No device provided, using cpu
2026-09-12 23:14:17,420 | INFO | httpx | HTTP Request: HEAD https://huggingface.co/sentence-transformers/all-MiniLM-L6-v2/resolve/main/modules.json "HTTP/1.1 307 Temporary Redirect"
2026-09-12 23:14:17,464 | INFO | httpx | HTTP Request: HEAD https://huggingface.co/api/resolve-cache/models/sentence-transformers/all-MiniLM-L6-v2/1110a243fdf4706b3f48f1d95db1a4f5529b4d41/modules.json "HTTP/1.1 200 OK"
2026-09-12 23:14:17,996 | INFO | httpx | HTTP Request: HEAD https://huggingface.co/sentence-transformers/all-MiniLM-L6-v2/resolve/main/config_sentence_transformers.json "HTTP/1.1 307 Temporary Redirect"
2026-09-12 23:14:18,286 | INFO | httpx | HTTP Request: HEAD https://huggingface.co/api/resolve-cache/models/sentence-transformers/all-MiniLM-L6-v2/1110a243fdf4706b3f48f1d95db1a4f5529b4d41/config_sentence_transformers.json "HTTP/1.1 200 OK"
2026-09-12 23:14:18,286 | INFO | sentence_transformers.base.model | Loading SentenceTransformer model from sentence-transformers/all-MiniLM-L6-v2.
2026-09-12 23:14:19,287 | INFO | httpx | HTTP Request: HEAD https://huggingface.co/sentence-transformers/all-MiniLM-L6-v2/resolve/main/config_sentence_transformers.json "HTTP/1.1 307 Temporary Redirect"
2026-09-12 23:14:24,419 | INFO | httpx | HTTP Request: HEAD https://huggingface.co/api/resolve-cache/models/sentence-transformers/all-MiniLM-L6-v2/1110a243fdf4706b3f48f1d95db1a4f5529b4d41/config_sentence_transformers.json "HTTP/1.1 200 OK"
2026-09-12 23:14:24,646 | INFO | httpx | HTTP Request: HEAD https://huggingface.co/sentence-transformers/all-MiniLM-L6-v2/resolve/main/README.md "HTTP/1.1 307 Temporary Redirect"
2026-09-12 23:14:24,686 | INFO | httpx | HTTP Request: HEAD https://huggingface.co/api/resolve-cache/models/sentence-transformers/all-MiniLM-L6-v2/1110a243fdf4706b3f48f1d95db1a4f5529b4d41/README.md "HTTP/1.1 200 OK"
2026-09-12 23:14:24,949 | INFO | httpx | HTTP Request: HEAD https://huggingface.co/sentence-transformers/all-MiniLM-L6-v2/resolve/main/modules.json "HTTP/1.1 307 Temporary Redirect"
2026-09-12 23:14:24,996 | INFO | httpx | HTTP Request: HEAD https://huggingface.co/api/resolve-cache/models/sentence-transformers/all-MiniLM-L6-v2/1110a243fdf4706b3f48f1d95db1a4f5529b4d41/modules.json "HTTP/1.1 200 OK"
2026-09-12 23:14:25,237 | INFO | httpx | HTTP Request: HEAD https://huggingface.co/sentence-transformers/all-MiniLM-L6-v2/resolve/main/sentence_bert_config.json "HTTP/1.1 307 Temporary Redirect"
2026-09-12 23:14:25,529 | INFO | httpx | HTTP Request: HEAD https://huggingface.co/api/resolve-cache/models/sentence-transformers/all-MiniLM-L6-v2/1110a243fdf4706b3f48f1d95db1a4f5529b4d41/sentence_bert_config.json "HTTP/1.1 200 OK"
2026-09-12 23:14:26,809 | INFO | httpx | HTTP Request: HEAD https://huggingface.co/sentence-transformers/all-MiniLM-L6-v2/resolve/main/adapter_config.json "HTTP/1.1 404 Not Found"
2026-09-12 23:14:27,886 | INFO | httpx | HTTP Request: HEAD https://huggingface.co/sentence-transformers/all-MiniLM-L6-v2/resolve/main/config.json "HTTP/1.1 307 Temporary Redirect"
2026-09-12 23:14:28,046 | INFO | httpx | HTTP Request: HEAD https://huggingface.co/api/resolve-cache/models/sentence-transformers/all-MiniLM-L6-v2/1110a243fdf4706b3f48f1d95db1a4f5529b4d41/config.json "HTTP/1.1 200 OK"
2026-09-12 23:14:28,362 | INFO | httpx | HTTP Request: HEAD https://huggingface.co/sentence-transformers/all-MiniLM-L6-v2/resolve/main/processor_config.json "HTTP/1.1 404 Not Found"
2026-09-12 23:14:28,896 | INFO | httpx | HTTP Request: HEAD https://huggingface.co/sentence-transformers/all-MiniLM-L6-v2/resolve/main/preprocessor_config.json "HTTP/1.1 404 Not Found"
2026-09-12 23:14:29,136 | INFO | httpx | HTTP Request: HEAD https://huggingface.co/sentence-transformers/all-MiniLM-L6-v2/resolve/main/video_preprocessor_config.json "HTTP/1.1 404 Not Found"
2026-09-12 23:14:29,390 | INFO | httpx | HTTP Request: HEAD https://huggingface.co/sentence-transformers/all-MiniLM-L6-v2/resolve/main/preprocessor_config.json "HTTP/1.1 404 Not Found"
2026-09-12 23:14:29,649 | INFO | httpx | HTTP Request: HEAD https://huggingface.co/sentence-transformers/all-MiniLM-L6-v2/resolve/main/tokenizer_config.json "HTTP/1.1 307 Temporary Redirect"
2026-09-12 23:14:29,697 | INFO | httpx | HTTP Request: HEAD https://huggingface.co/api/resolve-cache/models/sentence-transformers/all-MiniLM-L6-v2/1110a243fdf4706b3f48f1d95db1a4f5529b4d41/tokenizer_config.json "HTTP/1.1 200 OK"
2026-09-12 23:14:29,978 | INFO | httpx | HTTP Request: HEAD https://huggingface.co/sentence-transformers/all-MiniLM-L6-v2/resolve/main/config.json "HTTP/1.1 307 Temporary Redirect"
2026-09-12 23:14:30,010 | INFO | httpx | HTTP Request: HEAD https://huggingface.co/api/resolve-cache/models/sentence-transformers/all-MiniLM-L6-v2/1110a243fdf4706b3f48f1d95db1a4f5529b4d41/config.json "HTTP/1.1 200 OK"
2026-09-12 23:14:30,256 | INFO | httpx | HTTP Request: HEAD https://huggingface.co/sentence-transformers/all-MiniLM-L6-v2/resolve/main/config.json "HTTP/1.1 307 Temporary Redirect"
2026-09-12 23:14:30,291 | INFO | httpx | HTTP Request: HEAD https://huggingface.co/api/resolve-cache/models/sentence-transformers/all-MiniLM-L6-v2/1110a243fdf4706b3f48f1d95db1a4f5529b4d41/config.json "HTTP/1.1 200 OK"
2026-09-12 23:14:30,538 | INFO | httpx | HTTP Request: HEAD https://huggingface.co/sentence-transformers/all-MiniLM-L6-v2/resolve/main/tokenizer_config.json "HTTP/1.1 307 Temporary Redirect"
2026-09-12 23:14:38,086 | INFO | httpx | HTTP Request: HEAD https://huggingface.co/api/resolve-cache/models/sentence-transformers/all-MiniLM-L6-v2/1110a243fdf4706b3f48f1d95db1a4f5529b4d41/tokenizer_config.json "HTTP/1.1 200 OK"
2026-09-12 23:14:38,616 | INFO | httpx | HTTP Request: GET https://huggingface.co/api/models/sentence-transformers/all-MiniLM-L6-v2/tree/main/additional_chat_templates?recursive=false&expand=false "HTTP/1.1 404 Not Found"
2026-09-12 23:14:38,866 | INFO | httpx | HTTP Request: GET https://huggingface.co/api/models/sentence-transformers/all-MiniLM-L6-v2/tree/main?recursive=true&expand=false "HTTP/1.1 200 OK"
2026-09-12 23:14:39,286 | INFO | httpx | HTTP Request: HEAD https://huggingface.co/sentence-transformers/all-MiniLM-L6-v2/resolve/main/1_Pooling/config.json "HTTP/1.1 307 Temporary Redirect"
2026-09-12 23:14:39,576 | INFO | httpx | HTTP Request: HEAD https://huggingface.co/api/resolve-cache/models/sentence-transformers/all-MiniLM-L6-v2/1110a243fdf4706b3f48f1d95db1a4f5529b4d41/1_Pooling%2Fconfig.json "HTTP/1.1 200 OK"
2026-09-12 23:14:39,826 | INFO | httpx | HTTP Request: GET https://huggingface.co/api/models/sentence-transformers/all-MiniLM-L6-v2 "HTTP/1.1 200 OK"
2026-09-12 23:14:39,833 | INFO | src.embedders.embedding_generator | Embedding model loaded successfully
2026-09-12 23:14:39,833 | INFO | src.embedders.embedding_generator | Generating embedding for chunk (id=c720dd4a-d726-45db-b6c8-51cfdcf99583_chunk_1)
2026-09-12 23:14:40,028 | INFO | src.storage.jsonl_store | Saving object to data/processed/embeddings.jsonl
2026-09-12 23:14:40,030 | INFO | src.storage.jsonl_store | Object saved successfully
2026-09-12 23:14:40,030 | INFO | src.embedders.embedding_generator | Generating embedding for chunk (id=c720dd4a-d726-45db-b6c8-51cfdcf99583_chunk_2)
2026-09-12 23:14:40,052 | INFO | src.storage.jsonl_store | Saving object to data/processed/embeddings.jsonl
2026-09-12 23:14:40,052 | INFO | src.storage.jsonl_store | Object saved successfully
2026-09-12 23:14:40,052 | INFO | src.embedders.embedding_generator | Generating embedding for chunk (id=c720dd4a-d726-45db-b6c8-51cfdcf99583_chunk_3)
2026-09-12 23:14:40,076 | INFO | src.storage.jsonl_store | Saving object to data/processed/embeddings.jsonl
2026-09-12 23:14:40,078 | INFO | src.storage.jsonl_store | Object saved successfully
2026-09-12 23:14:40,078 | INFO | src.embedders.embedding_generator | Generating embedding for chunk (id=c720dd4a-d726-45db-b6c8-51cfdcf99583_chunk_4)
2026-09-12 23:14:40,104 | INFO | src.storage.jsonl_store | Saving object to data/processed/embeddings.jsonl
2026-09-12 23:14:40,106 | INFO | src.storage.jsonl_store | Object saved successfully
2026-09-12 23:14:40,106 | INFO | src.embedders.embedding_generator | Generating embedding for chunk (id=c720dd4a-d726-45db-b6c8-51cfdcf99583_chunk_5)
2026-09-12 23:14:40,126 | INFO | src.storage.jsonl_store | Saving object to data/processed/embeddings.jsonl
2026-09-12 23:14:40,128 | INFO | src.storage.jsonl_store | Object saved successfully
2026-09-12 23:14:40,129 | INFO | src.embedders.embedding_generator | Generating embedding for chunk (id=c720dd4a-d726-45db-b6c8-51cfdcf99583_chunk_6)
2026-09-12 23:14:40,154 | INFO | src.storage.jsonl_store | Saving object to data/processed/embeddings.jsonl
2026-09-12 23:14:40,157 | INFO | src.storage.jsonl_store | Object saved successfully
2026-09-12 23:14:40,157 | INFO | src.embedders.embedding_generator | Generating embedding for chunk (id=c720dd4a-d726-45db-b6c8-51cfdcf99583_chunk_7)
2026-09-12 23:14:40,177 | INFO | src.storage.jsonl_store | Saving object to data/processed/embeddings.jsonl
2026-09-12 23:14:40,177 | INFO | src.storage.jsonl_store | Object saved successfully
2026-09-12 23:14:40,177 | INFO | src.embedders.embedding_generator | Generating embedding for chunk (id=c720dd4a-d726-45db-b6c8-51cfdcf99583_chunk_8)
2026-09-12 23:14:40,198 | INFO | src.storage.jsonl_store | Saving object to data/processed/embeddings.jsonl
2026-09-12 23:14:40,201 | INFO | src.storage.jsonl_store | Object saved successfully
2026-09-12 23:14:40,201 | INFO | src.embedders.embedding_generator | Generating embedding for chunk (id=c720dd4a-d726-45db-b6c8-51cfdcf99583_chunk_9)
2026-09-12 23:14:40,224 | INFO | src.storage.jsonl_store | Saving object to data/processed/embeddings.jsonl
2026-09-12 23:14:40,226 | INFO | src.storage.jsonl_store | Object saved successfully
2026-09-12 23:14:40,226 | INFO | src.embedders.embedding_generator | Generating embedding for chunk (id=c720dd4a-d726-45db-b6c8-51cfdcf99583_chunk_10)
2026-09-12 23:14:40,248 | INFO | src.storage.jsonl_store | Saving object to data/processed/embeddings.jsonl
2026-09-12 23:14:40,252 | INFO | src.storage.jsonl_store | Object saved successfully
2026-09-12 23:14:40,253 | INFO | src.embedders.embedding_generator | Generating embedding for chunk (id=c720dd4a-d726-45db-b6c8-51cfdcf99583_chunk_11)
2026-09-12 23:14:40,271 | INFO | src.storage.jsonl_store | Saving object to data/processed/embeddings.jsonl
2026-09-12 23:14:40,271 | INFO | src.storage.jsonl_store | Object saved successfully
2026-09-12 23:14:40,271 | INFO | src.embedders.embedding_generator | Generating embedding for chunk (id=c720dd4a-d726-45db-b6c8-51cfdcf99583_chunk_12)
2026-09-12 23:14:40,290 | INFO | src.storage.jsonl_store | Saving object to data/processed/embeddings.jsonl
2026-09-12 23:14:40,290 | INFO | src.storage.jsonl_store | Object saved successfully
2026-09-12 23:14:40,290 | INFO | src.pipelines.dataset_pipeline | embedding Length=12
2026-09-12 23:14:40,290 | INFO | src.pipelines.dataset_pipeline | Processing URL: https://www.programiz.com/python-programming
2026-09-12 23:14:40,290 | INFO | src.collectors.docs_collector | Collecting document from https://www.programiz.com/python-programming
2026-09-12 23:14:51,421 | ERROR | src.collectors.docs_collector | Failed to download https://www.programiz.com/python-programming
2026-09-12 23:14:51,421 | ERROR | src.pipelines.dataset_pipeline | Failed to collect https://www.programiz.com/python-programming: Unable to download document from https://www.programiz.com/python-programming
2026-09-12 23:14:51,421 | INFO | src.pipelines.dataset_pipeline | Processing URL: https://developer.mozilla.org/en-US/docs/Glossary/Python
2026-09-12 23:14:51,421 | INFO | src.collectors.docs_collector | Collecting document from https://developer.mozilla.org/en-US/docs/Glossary/Python
2026-09-12 23:14:59,064 | INFO | src.collectors.docs_collector | Successfully downloaded page
2026-09-12 23:14:59,116 | INFO | src.collectors.docs_collector | Document created successfully (id=910dbb20-b85c-435d-b614-9a1c76317948)
2026-09-12 23:14:59,116 | INFO | src.cleaners.document_cleaner | Cleaning document (id=910dbb20-b85c-435d-b614-9a1c76317948)
2026-09-12 23:14:59,116 | INFO | src.cleaners.document_cleaner | Finished cleaning document (id=910dbb20-b85c-435d-b614-9a1c76317948)
2026-09-12 23:14:59,116 | INFO | src.validator.document_validator | Validating document (id=910dbb20-b85c-435d-b614-9a1c76317948)
2026-09-12 23:14:59,116 | INFO | src.enrichers.document_enricher | Enriching document (id=910dbb20-b85c-435d-b614-9a1c76317948)
2026-09-12 23:14:59,116 | INFO | src.enrichers.document_enricher | Enrichment completed (id=910dbb20-b85c-435d-b614-9a1c76317948, words=104, chars=705, quality=0.50)
2026-09-12 23:14:59,116 | INFO | src.storage.jsonl_store | Saving object to data/raw/documents.jsonl
2026-09-12 23:14:59,116 | INFO | src.storage.jsonl_store | Object saved successfully
2026-09-12 23:14:59,116 | INFO | src.pipelines.dataset_pipeline | Saved document (id=910dbb20-b85c-435d-b614-9a1c76317948, title='Python - Glossary | MDN')
2026-09-12 23:14:59,116 | INFO | src.chunkers.document_chunker | Starting chunking for document (id=910dbb20-b85c-435d-b614-9a1c76317948)
2026-09-12 23:14:59,116 | INFO | src.chunkers.document_chunker | Chunking completed (id=910dbb20-b85c-435d-b614-9a1c76317948, chunks=4)
2026-09-12 23:14:59,116 | INFO | src.storage.jsonl_store | Saving 4 objects
2026-09-12 23:14:59,116 | INFO | src.storage.jsonl_store | Saving object to data/processed/chunks.jsonl
2026-09-12 23:14:59,116 | INFO | src.storage.jsonl_store | Object saved successfully
2026-09-12 23:14:59,116 | INFO | src.storage.jsonl_store | Saving object to data/processed/chunks.jsonl
2026-09-12 23:14:59,116 | INFO | src.storage.jsonl_store | Object saved successfully
2026-09-12 23:14:59,116 | INFO | src.storage.jsonl_store | Saving object to data/processed/chunks.jsonl
2026-09-12 23:14:59,116 | INFO | src.storage.jsonl_store | Object saved successfully
2026-09-12 23:14:59,116 | INFO | src.storage.jsonl_store | Saving object to data/processed/chunks.jsonl
2026-09-12 23:14:59,116 | INFO | src.storage.jsonl_store | Object saved successfully
2026-09-12 23:14:59,116 | INFO | src.storage.jsonl_store | Finished saving 4 objects
2026-09-12 23:14:59,116 | INFO | src.pipelines.dataset_pipeline | chunk Length=4
2026-09-12 23:14:59,116 | INFO | src.embedders.embedding_generator | Loading embedding model: all-MiniLM-L6-v2
2026-09-12 23:14:59,126 | INFO | sentence_transformers.base.model | No device provided, using cpu
2026-09-12 23:14:59,562 | INFO | httpx | HTTP Request: HEAD https://huggingface.co/sentence-transformers/all-MiniLM-L6-v2/resolve/main/modules.json "HTTP/1.1 307 Temporary Redirect"
2026-09-12 23:14:59,622 | INFO | httpx | HTTP Request: HEAD https://huggingface.co/api/resolve-cache/models/sentence-transformers/all-MiniLM-L6-v2/1110a243fdf4706b3f48f1d95db1a4f5529b4d41/modules.json "HTTP/1.1 200 OK"
2026-09-12 23:14:59,882 | INFO | httpx | HTTP Request: HEAD https://huggingface.co/sentence-transformers/all-MiniLM-L6-v2/resolve/main/config_sentence_transformers.json "HTTP/1.1 307 Temporary Redirect"
2026-09-12 23:14:59,918 | INFO | httpx | HTTP Request: HEAD https://huggingface.co/api/resolve-cache/models/sentence-transformers/all-MiniLM-L6-v2/1110a243fdf4706b3f48f1d95db1a4f5529b4d41/config_sentence_transformers.json "HTTP/1.1 200 OK"
2026-09-12 23:14:59,922 | INFO | sentence_transformers.base.model | Loading SentenceTransformer model from sentence-transformers/all-MiniLM-L6-v2.
2026-09-12 23:15:00,168 | INFO | httpx | HTTP Request: HEAD https://huggingface.co/sentence-transformers/all-MiniLM-L6-v2/resolve/main/config_sentence_transformers.json "HTTP/1.1 307 Temporary Redirect"
2026-09-12 23:15:00,206 | INFO | httpx | HTTP Request: HEAD https://huggingface.co/api/resolve-cache/models/sentence-transformers/all-MiniLM-L6-v2/1110a243fdf4706b3f48f1d95db1a4f5529b4d41/config_sentence_transformers.json "HTTP/1.1 200 OK"
2026-09-12 23:15:00,452 | INFO | httpx | HTTP Request: HEAD https://huggingface.co/sentence-transformers/all-MiniLM-L6-v2/resolve/main/README.md "HTTP/1.1 307 Temporary Redirect"
2026-09-12 23:15:00,486 | INFO | httpx | HTTP Request: HEAD https://huggingface.co/api/resolve-cache/models/sentence-transformers/all-MiniLM-L6-v2/1110a243fdf4706b3f48f1d95db1a4f5529b4d41/README.md "HTTP/1.1 200 OK"
2026-09-12 23:15:00,777 | INFO | httpx | HTTP Request: HEAD https://huggingface.co/sentence-transformers/all-MiniLM-L6-v2/resolve/main/modules.json "HTTP/1.1 307 Temporary Redirect"
2026-09-12 23:15:00,817 | INFO | httpx | HTTP Request: HEAD https://huggingface.co/api/resolve-cache/models/sentence-transformers/all-MiniLM-L6-v2/1110a243fdf4706b3f48f1d95db1a4f5529b4d41/modules.json "HTTP/1.1 200 OK"
2026-09-12 23:15:01,047 | INFO | httpx | HTTP Request: HEAD https://huggingface.co/sentence-transformers/all-MiniLM-L6-v2/resolve/main/sentence_bert_config.json "HTTP/1.1 307 Temporary Redirect"
2026-09-12 23:15:01,080 | INFO | httpx | HTTP Request: HEAD https://huggingface.co/api/resolve-cache/models/sentence-transformers/all-MiniLM-L6-v2/1110a243fdf4706b3f48f1d95db1a4f5529b4d41/sentence_bert_config.json "HTTP/1.1 200 OK"
2026-09-12 23:15:01,343 | INFO | httpx | HTTP Request: HEAD https://huggingface.co/sentence-transformers/all-MiniLM-L6-v2/resolve/main/adapter_config.json "HTTP/1.1 404 Not Found"
2026-09-12 23:15:01,572 | INFO | httpx | HTTP Request: HEAD https://huggingface.co/sentence-transformers/all-MiniLM-L6-v2/resolve/main/config.json "HTTP/1.1 307 Temporary Redirect"
2026-09-12 23:15:01,606 | INFO | httpx | HTTP Request: HEAD https://huggingface.co/api/resolve-cache/models/sentence-transformers/all-MiniLM-L6-v2/1110a243fdf4706b3f48f1d95db1a4f5529b4d41/config.json "HTTP/1.1 200 OK"
2026-09-12 23:15:01,923 | INFO | httpx | HTTP Request: HEAD https://huggingface.co/sentence-transformers/all-MiniLM-L6-v2/resolve/main/processor_config.json "HTTP/1.1 404 Not Found"
2026-09-12 23:15:02,203 | INFO | httpx | HTTP Request: HEAD https://huggingface.co/sentence-transformers/all-MiniLM-L6-v2/resolve/main/preprocessor_config.json "HTTP/1.1 404 Not Found"
2026-09-12 23:15:02,444 | INFO | httpx | HTTP Request: HEAD https://huggingface.co/sentence-transformers/all-MiniLM-L6-v2/resolve/main/video_preprocessor_config.json "HTTP/1.1 404 Not Found"
2026-09-12 23:15:02,689 | INFO | httpx | HTTP Request: HEAD https://huggingface.co/sentence-transformers/all-MiniLM-L6-v2/resolve/main/preprocessor_config.json "HTTP/1.1 404 Not Found"
2026-09-12 23:15:02,927 | INFO | httpx | HTTP Request: HEAD https://huggingface.co/sentence-transformers/all-MiniLM-L6-v2/resolve/main/tokenizer_config.json "HTTP/1.1 307 Temporary Redirect"
2026-09-12 23:15:02,961 | INFO | httpx | HTTP Request: HEAD https://huggingface.co/api/resolve-cache/models/sentence-transformers/all-MiniLM-L6-v2/1110a243fdf4706b3f48f1d95db1a4f5529b4d41/tokenizer_config.json "HTTP/1.1 200 OK"
2026-09-12 23:15:03,192 | INFO | httpx | HTTP Request: HEAD https://huggingface.co/sentence-transformers/all-MiniLM-L6-v2/resolve/main/config.json "HTTP/1.1 307 Temporary Redirect"
2026-09-12 23:15:03,236 | INFO | httpx | HTTP Request: HEAD https://huggingface.co/api/resolve-cache/models/sentence-transformers/all-MiniLM-L6-v2/1110a243fdf4706b3f48f1d95db1a4f5529b4d41/config.json "HTTP/1.1 200 OK"
2026-09-12 23:15:03,476 | INFO | httpx | HTTP Request: HEAD https://huggingface.co/sentence-transformers/all-MiniLM-L6-v2/resolve/main/config.json "HTTP/1.1 307 Temporary Redirect"
2026-09-12 23:15:03,506 | INFO | httpx | HTTP Request: HEAD https://huggingface.co/api/resolve-cache/models/sentence-transformers/all-MiniLM-L6-v2/1110a243fdf4706b3f48f1d95db1a4f5529b4d41/config.json "HTTP/1.1 200 OK"
2026-09-12 23:15:03,737 | INFO | httpx | HTTP Request: HEAD https://huggingface.co/sentence-transformers/all-MiniLM-L6-v2/resolve/main/tokenizer_config.json "HTTP/1.1 307 Temporary Redirect"
2026-09-12 23:15:03,766 | INFO | httpx | HTTP Request: HEAD https://huggingface.co/api/resolve-cache/models/sentence-transformers/all-MiniLM-L6-v2/1110a243fdf4706b3f48f1d95db1a4f5529b4d41/tokenizer_config.json "HTTP/1.1 200 OK"
2026-09-12 23:15:04,006 | INFO | httpx | HTTP Request: GET https://huggingface.co/api/models/sentence-transformers/all-MiniLM-L6-v2/tree/main/additional_chat_templates?recursive=false&expand=false "HTTP/1.1 404 Not Found"
2026-09-12 23:15:04,236 | INFO | httpx | HTTP Request: GET https://huggingface.co/api/models/sentence-transformers/all-MiniLM-L6-v2/tree/main?recursive=true&expand=false "HTTP/1.1 200 OK"
2026-09-12 23:15:04,523 | INFO | httpx | HTTP Request: HEAD https://huggingface.co/sentence-transformers/all-MiniLM-L6-v2/resolve/main/1_Pooling/config.json "HTTP/1.1 307 Temporary Redirect"
2026-09-12 23:15:04,569 | INFO | httpx | HTTP Request: HEAD https://huggingface.co/api/resolve-cache/models/sentence-transformers/all-MiniLM-L6-v2/1110a243fdf4706b3f48f1d95db1a4f5529b4d41/1_Pooling%2Fconfig.json "HTTP/1.1 200 OK"
2026-09-12 23:15:04,807 | INFO | httpx | HTTP Request: GET https://huggingface.co/api/models/sentence-transformers/all-MiniLM-L6-v2 "HTTP/1.1 200 OK"
2026-09-12 23:15:04,809 | INFO | src.embedders.embedding_generator | Embedding model loaded successfully
2026-09-12 23:15:04,809 | INFO | src.embedders.embedding_generator | Generating embedding for chunk (id=910dbb20-b85c-435d-b614-9a1c76317948_chunk_1)
2026-09-12 23:15:05,045 | INFO | src.storage.jsonl_store | Saving object to data/processed/embeddings.jsonl
2026-09-12 23:15:05,048 | INFO | src.storage.jsonl_store | Object saved successfully
2026-09-12 23:15:05,048 | INFO | src.embedders.embedding_generator | Generating embedding for chunk (id=910dbb20-b85c-435d-b614-9a1c76317948_chunk_2)
2026-09-12 23:15:05,092 | INFO | src.storage.jsonl_store | Saving object to data/processed/embeddings.jsonl
2026-09-12 23:15:05,096 | INFO | src.storage.jsonl_store | Object saved successfully
2026-09-12 23:15:05,096 | INFO | src.embedders.embedding_generator | Generating embedding for chunk (id=910dbb20-b85c-435d-b614-9a1c76317948_chunk_3)
2026-09-12 23:15:05,122 | INFO | src.storage.jsonl_store | Saving object to data/processed/embeddings.jsonl
2026-09-12 23:15:05,124 | INFO | src.storage.jsonl_store | Object saved successfully
2026-09-12 23:15:05,124 | INFO | src.embedders.embedding_generator | Generating embedding for chunk (id=910dbb20-b85c-435d-b614-9a1c76317948_chunk_4)
2026-09-12 23:15:05,141 | INFO | src.storage.jsonl_store | Saving object to data/processed/embeddings.jsonl
2026-09-12 23:15:05,141 | INFO | src.storage.jsonl_store | Object saved successfully
2026-09-12 23:15:05,141 | INFO | src.pipelines.dataset_pipeline | embedding Length=4
2026-09-12 23:15:05,141 | INFO | src.pipelines.dataset_pipeline | Processing URL: https://codehs.com/textbook/intropython_textbook/
2026-09-12 23:15:05,141 | INFO | src.collectors.docs_collector | Collecting document from https://codehs.com/textbook/intropython_textbook/
2026-09-12 23:15:05,665 | INFO | src.collectors.docs_collector | Successfully downloaded page
2026-09-12 23:15:05,716 | INFO | src.collectors.docs_collector | Document created successfully (id=6fa23914-65b5-40cc-a162-bf2801b07b13)
2026-09-12 23:15:05,716 | INFO | src.cleaners.document_cleaner | Cleaning document (id=6fa23914-65b5-40cc-a162-bf2801b07b13)
2026-09-12 23:15:05,716 | INFO | src.cleaners.document_cleaner | Finished cleaning document (id=6fa23914-65b5-40cc-a162-bf2801b07b13)
2026-09-12 23:15:05,716 | INFO | src.validator.document_validator | Validating document (id=6fa23914-65b5-40cc-a162-bf2801b07b13)
2026-09-12 23:15:05,716 | INFO | src.enrichers.document_enricher | Enriching document (id=6fa23914-65b5-40cc-a162-bf2801b07b13)
2026-09-12 23:15:05,716 | INFO | src.enrichers.document_enricher | Enrichment completed (id=6fa23914-65b5-40cc-a162-bf2801b07b13, words=45, chars=275, quality=0.50)
2026-09-12 23:15:05,716 | INFO | src.storage.jsonl_store | Saving object to data/raw/documents.jsonl
2026-09-12 23:15:05,716 | INFO | src.storage.jsonl_store | Object saved successfully
2026-09-12 23:15:05,716 | INFO | src.pipelines.dataset_pipeline | Saved document (id=6fa23914-65b5-40cc-a162-bf2801b07b13, title='Textbook: Intro to Python Textbook | CodeHS')
2026-09-12 23:15:05,716 | INFO | src.chunkers.document_chunker | Starting chunking for document (id=6fa23914-65b5-40cc-a162-bf2801b07b13)
2026-09-12 23:15:05,716 | INFO | src.chunkers.document_chunker | Chunking completed (id=6fa23914-65b5-40cc-a162-bf2801b07b13, chunks=2)
2026-09-12 23:15:05,716 | INFO | src.storage.jsonl_store | Saving 2 objects
2026-09-12 23:15:05,716 | INFO | src.storage.jsonl_store | Saving object to data/processed/chunks.jsonl
2026-09-12 23:15:05,716 | INFO | src.storage.jsonl_store | Object saved successfully
2026-09-12 23:15:05,716 | INFO | src.storage.jsonl_store | Saving object to data/processed/chunks.jsonl
2026-09-12 23:15:05,716 | INFO | src.storage.jsonl_store | Object saved successfully
2026-09-12 23:15:05,716 | INFO | src.storage.jsonl_store | Finished saving 2 objects
2026-09-12 23:15:05,716 | INFO | src.pipelines.dataset_pipeline | chunk Length=2
2026-09-12 23:15:05,716 | INFO | src.embedders.embedding_generator | Loading embedding model: all-MiniLM-L6-v2
2026-09-12 23:15:05,716 | INFO | sentence_transformers.base.model | No device provided, using cpu
2026-09-12 23:15:05,957 | INFO | httpx | HTTP Request: HEAD https://huggingface.co/sentence-transformers/all-MiniLM-L6-v2/resolve/main/modules.json "HTTP/1.1 307 Temporary Redirect"
2026-09-12 23:15:06,002 | INFO | httpx | HTTP Request: HEAD https://huggingface.co/api/resolve-cache/models/sentence-transformers/all-MiniLM-L6-v2/1110a243fdf4706b3f48f1d95db1a4f5529b4d41/modules.json "HTTP/1.1 200 OK"
2026-09-12 23:15:06,249 | INFO | httpx | HTTP Request: HEAD https://huggingface.co/sentence-transformers/all-MiniLM-L6-v2/resolve/main/config_sentence_transformers.json "HTTP/1.1 307 Temporary Redirect"
2026-09-12 23:15:06,276 | INFO | httpx | HTTP Request: HEAD https://huggingface.co/api/resolve-cache/models/sentence-transformers/all-MiniLM-L6-v2/1110a243fdf4706b3f48f1d95db1a4f5529b4d41/config_sentence_transformers.json "HTTP/1.1 200 OK"
2026-09-12 23:15:06,276 | INFO | sentence_transformers.base.model | Loading SentenceTransformer model from sentence-transformers/all-MiniLM-L6-v2.
2026-09-12 23:15:06,511 | INFO | httpx | HTTP Request: HEAD https://huggingface.co/sentence-transformers/all-MiniLM-L6-v2/resolve/main/config_sentence_transformers.json "HTTP/1.1 307 Temporary Redirect"
2026-09-12 23:15:06,582 | INFO | httpx | HTTP Request: HEAD https://huggingface.co/api/resolve-cache/models/sentence-transformers/all-MiniLM-L6-v2/1110a243fdf4706b3f48f1d95db1a4f5529b4d41/config_sentence_transformers.json "HTTP/1.1 200 OK"
2026-09-12 23:15:06,827 | INFO | httpx | HTTP Request: HEAD https://huggingface.co/sentence-transformers/all-MiniLM-L6-v2/resolve/main/README.md "HTTP/1.1 307 Temporary Redirect"
2026-09-12 23:15:06,867 | INFO | httpx | HTTP Request: HEAD https://huggingface.co/api/resolve-cache/models/sentence-transformers/all-MiniLM-L6-v2/1110a243fdf4706b3f48f1d95db1a4f5529b4d41/README.md "HTTP/1.1 200 OK"
2026-09-12 23:15:07,107 | INFO | httpx | HTTP Request: HEAD https://huggingface.co/sentence-transformers/all-MiniLM-L6-v2/resolve/main/modules.json "HTTP/1.1 307 Temporary Redirect"
2026-09-12 23:15:07,137 | INFO | httpx | HTTP Request: HEAD https://huggingface.co/api/resolve-cache/models/sentence-transformers/all-MiniLM-L6-v2/1110a243fdf4706b3f48f1d95db1a4f5529b4d41/modules.json "HTTP/1.1 200 OK"
2026-09-12 23:15:07,409 | INFO | httpx | HTTP Request: HEAD https://huggingface.co/sentence-transformers/all-MiniLM-L6-v2/resolve/main/sentence_bert_config.json "HTTP/1.1 307 Temporary Redirect"
2026-09-12 23:15:07,446 | INFO | httpx | HTTP Request: HEAD https://huggingface.co/api/resolve-cache/models/sentence-transformers/all-MiniLM-L6-v2/1110a243fdf4706b3f48f1d95db1a4f5529b4d41/sentence_bert_config.json "HTTP/1.1 200 OK"
2026-09-12 23:15:07,702 | INFO | httpx | HTTP Request: HEAD https://huggingface.co/sentence-transformers/all-MiniLM-L6-v2/resolve/main/adapter_config.json "HTTP/1.1 404 Not Found"
2026-09-12 23:15:07,976 | INFO | httpx | HTTP Request: HEAD https://huggingface.co/sentence-transformers/all-MiniLM-L6-v2/resolve/main/config.json "HTTP/1.1 307 Temporary Redirect"
2026-09-12 23:15:08,038 | INFO | httpx | HTTP Request: HEAD https://huggingface.co/api/resolve-cache/models/sentence-transformers/all-MiniLM-L6-v2/1110a243fdf4706b3f48f1d95db1a4f5529b4d41/config.json "HTTP/1.1 200 OK"
2026-09-12 23:15:08,309 | INFO | httpx | HTTP Request: HEAD https://huggingface.co/sentence-transformers/all-MiniLM-L6-v2/resolve/main/processor_config.json "HTTP/1.1 404 Not Found"
2026-09-12 23:15:08,599 | INFO | httpx | HTTP Request: HEAD https://huggingface.co/sentence-transformers/all-MiniLM-L6-v2/resolve/main/preprocessor_config.json "HTTP/1.1 404 Not Found"
2026-09-12 23:15:08,885 | INFO | httpx | HTTP Request: HEAD https://huggingface.co/sentence-transformers/all-MiniLM-L6-v2/resolve/main/video_preprocessor_config.json "HTTP/1.1 404 Not Found"
2026-09-12 23:15:09,116 | INFO | httpx | HTTP Request: HEAD https://huggingface.co/sentence-transformers/all-MiniLM-L6-v2/resolve/main/preprocessor_config.json "HTTP/1.1 404 Not Found"
2026-09-12 23:15:09,356 | INFO | httpx | HTTP Request: HEAD https://huggingface.co/sentence-transformers/all-MiniLM-L6-v2/resolve/main/tokenizer_config.json "HTTP/1.1 307 Temporary Redirect"
2026-09-12 23:15:09,438 | INFO | httpx | HTTP Request: HEAD https://huggingface.co/api/resolve-cache/models/sentence-transformers/all-MiniLM-L6-v2/1110a243fdf4706b3f48f1d95db1a4f5529b4d41/tokenizer_config.json "HTTP/1.1 200 OK"
2026-09-12 23:15:09,666 | INFO | httpx | HTTP Request: HEAD https://huggingface.co/sentence-transformers/all-MiniLM-L6-v2/resolve/main/config.json "HTTP/1.1 307 Temporary Redirect"
2026-09-12 23:15:09,698 | INFO | httpx | HTTP Request: HEAD https://huggingface.co/api/resolve-cache/models/sentence-transformers/all-MiniLM-L6-v2/1110a243fdf4706b3f48f1d95db1a4f5529b4d41/config.json "HTTP/1.1 200 OK"
2026-09-12 23:15:09,936 | INFO | httpx | HTTP Request: HEAD https://huggingface.co/sentence-transformers/all-MiniLM-L6-v2/resolve/main/config.json "HTTP/1.1 307 Temporary Redirect"
2026-09-12 23:15:09,969 | INFO | httpx | HTTP Request: HEAD https://huggingface.co/api/resolve-cache/models/sentence-transformers/all-MiniLM-L6-v2/1110a243fdf4706b3f48f1d95db1a4f5529b4d41/config.json "HTTP/1.1 200 OK"
2026-09-12 23:15:10,216 | INFO | httpx | HTTP Request: HEAD https://huggingface.co/sentence-transformers/all-MiniLM-L6-v2/resolve/main/tokenizer_config.json "HTTP/1.1 307 Temporary Redirect"
2026-09-12 23:15:10,246 | INFO | httpx | HTTP Request: HEAD https://huggingface.co/api/resolve-cache/models/sentence-transformers/all-MiniLM-L6-v2/1110a243fdf4706b3f48f1d95db1a4f5529b4d41/tokenizer_config.json "HTTP/1.1 200 OK"
2026-09-12 23:15:10,518 | INFO | httpx | HTTP Request: GET https://huggingface.co/api/models/sentence-transformers/all-MiniLM-L6-v2/tree/main/additional_chat_templates?recursive=false&expand=false "HTTP/1.1 404 Not Found"
2026-09-12 23:15:10,750 | INFO | httpx | HTTP Request: GET https://huggingface.co/api/models/sentence-transformers/all-MiniLM-L6-v2/tree/main?recursive=true&expand=false "HTTP/1.1 200 OK"
2026-09-12 23:15:11,114 | INFO | httpx | HTTP Request: HEAD https://huggingface.co/sentence-transformers/all-MiniLM-L6-v2/resolve/main/1_Pooling/config.json "HTTP/1.1 307 Temporary Redirect"
2026-09-12 23:15:11,146 | INFO | httpx | HTTP Request: HEAD https://huggingface.co/api/resolve-cache/models/sentence-transformers/all-MiniLM-L6-v2/1110a243fdf4706b3f48f1d95db1a4f5529b4d41/1_Pooling%2Fconfig.json "HTTP/1.1 200 OK"
2026-09-12 23:15:11,379 | INFO | httpx | HTTP Request: GET https://huggingface.co/api/models/sentence-transformers/all-MiniLM-L6-v2 "HTTP/1.1 200 OK"
2026-09-12 23:15:11,386 | INFO | src.embedders.embedding_generator | Embedding model loaded successfully
2026-09-12 23:15:11,386 | INFO | src.embedders.embedding_generator | Generating embedding for chunk (id=6fa23914-65b5-40cc-a162-bf2801b07b13_chunk_1)
2026-09-12 23:15:11,416 | INFO | src.storage.jsonl_store | Saving object to data/processed/embeddings.jsonl
2026-09-12 23:15:11,418 | INFO | src.storage.jsonl_store | Object saved successfully
2026-09-12 23:15:11,418 | INFO | src.embedders.embedding_generator | Generating embedding for chunk (id=6fa23914-65b5-40cc-a162-bf2801b07b13_chunk_2)
2026-09-12 23:15:11,431 | INFO | src.storage.jsonl_store | Saving object to data/processed/embeddings.jsonl
2026-09-12 23:15:11,433 | INFO | src.storage.jsonl_store | Object saved successfully
2026-09-12 23:15:11,434 | INFO | src.pipelines.dataset_pipeline | embedding Length=2
2026-09-12 23:15:11,434 | INFO | src.pipelines.dataset_pipeline | Processing URL: https://coddy.tech/docs/python/input-and-print
2026-09-12 23:15:11,434 | INFO | src.collectors.docs_collector | Collecting document from https://coddy.tech/docs/python/input-and-print
2026-09-12 23:15:12,099 | INFO | src.collectors.docs_collector | Successfully downloaded page
2026-09-12 23:15:12,146 | INFO | src.collectors.docs_collector | Document created successfully (id=46633e7a-369e-4c71-91d8-46b0312d4a03)
2026-09-12 23:15:12,146 | INFO | src.cleaners.document_cleaner | Cleaning document (id=46633e7a-369e-4c71-91d8-46b0312d4a03)
2026-09-12 23:15:12,146 | INFO | src.cleaners.document_cleaner | Finished cleaning document (id=46633e7a-369e-4c71-91d8-46b0312d4a03)
2026-09-12 23:15:12,146 | INFO | src.validator.document_validator | Validating document (id=46633e7a-369e-4c71-91d8-46b0312d4a03)
2026-09-12 23:15:12,146 | INFO | src.enrichers.document_enricher | Enriching document (id=46633e7a-369e-4c71-91d8-46b0312d4a03)
2026-09-12 23:15:12,146 | INFO | src.enrichers.document_enricher | Enrichment completed (id=46633e7a-369e-4c71-91d8-46b0312d4a03, words=629, chars=3601, quality=1.00)
2026-09-12 23:15:12,146 | INFO | src.storage.jsonl_store | Saving object to data/raw/documents.jsonl
2026-09-12 23:15:12,146 | INFO | src.storage.jsonl_store | Object saved successfully
2026-09-12 23:15:12,146 | INFO | src.pipelines.dataset_pipeline | Saved document (id=46633e7a-369e-4c71-91d8-46b0312d4a03, title='Runnable Python Docs: Input & Print | Coddy')
2026-09-12 23:15:12,146 | INFO | src.chunkers.document_chunker | Starting chunking for document (id=46633e7a-369e-4c71-91d8-46b0312d4a03)
2026-09-12 23:15:12,146 | INFO | src.chunkers.document_chunker | Chunking completed (id=46633e7a-369e-4c71-91d8-46b0312d4a03, chunks=19)
2026-09-12 23:15:12,146 | INFO | src.storage.jsonl_store | Saving 19 objects
2026-09-12 23:15:12,146 | INFO | src.storage.jsonl_store | Saving object to data/processed/chunks.jsonl
2026-09-12 23:15:12,146 | INFO | src.storage.jsonl_store | Object saved successfully
2026-09-12 23:15:12,146 | INFO | src.storage.jsonl_store | Saving object to data/processed/chunks.jsonl
2026-09-12 23:15:12,146 | INFO | src.storage.jsonl_store | Object saved successfully
2026-09-12 23:15:12,146 | INFO | src.storage.jsonl_store | Saving object to data/processed/chunks.jsonl
2026-09-12 23:15:12,146 | INFO | src.storage.jsonl_store | Object saved successfully
2026-09-12 23:15:12,146 | INFO | src.storage.jsonl_store | Saving object to data/processed/chunks.jsonl
2026-09-12 23:15:12,154 | INFO | src.storage.jsonl_store | Object saved successfully
2026-09-12 23:15:12,154 | INFO | src.storage.jsonl_store | Saving object to data/processed/chunks.jsonl
2026-09-12 23:15:12,154 | INFO | src.storage.jsonl_store | Object saved successfully
2026-09-12 23:15:12,154 | INFO | src.storage.jsonl_store | Saving object to data/processed/chunks.jsonl
2026-09-12 23:15:12,154 | INFO | src.storage.jsonl_store | Object saved successfully
2026-09-12 23:15:12,154 | INFO | src.storage.jsonl_store | Saving object to data/processed/chunks.jsonl
2026-09-12 23:15:12,154 | INFO | src.storage.jsonl_store | Object saved successfully
2026-09-12 23:15:12,156 | INFO | src.storage.jsonl_store | Saving object to data/processed/chunks.jsonl
2026-09-12 23:15:12,156 | INFO | src.storage.jsonl_store | Object saved successfully
2026-09-12 23:15:12,156 | INFO | src.storage.jsonl_store | Saving object to data/processed/chunks.jsonl
2026-09-12 23:15:12,156 | INFO | src.storage.jsonl_store | Object saved successfully
2026-09-12 23:15:12,156 | INFO | src.storage.jsonl_store | Saving object to data/processed/chunks.jsonl
2026-09-12 23:15:12,156 | INFO | src.storage.jsonl_store | Object saved successfully
2026-09-12 23:15:12,156 | INFO | src.storage.jsonl_store | Saving object to data/processed/chunks.jsonl
2026-09-12 23:15:12,156 | INFO | src.storage.jsonl_store | Object saved successfully
2026-09-12 23:15:12,156 | INFO | src.storage.jsonl_store | Saving object to data/processed/chunks.jsonl
2026-09-12 23:15:12,156 | INFO | src.storage.jsonl_store | Object saved successfully
2026-09-12 23:15:12,156 | INFO | src.storage.jsonl_store | Saving object to data/processed/chunks.jsonl
2026-09-12 23:15:12,156 | INFO | src.storage.jsonl_store | Object saved successfully
2026-09-12 23:15:12,156 | INFO | src.storage.jsonl_store | Saving object to data/processed/chunks.jsonl
2026-09-12 23:15:12,156 | INFO | src.storage.jsonl_store | Object saved successfully
2026-09-12 23:15:12,156 | INFO | src.storage.jsonl_store | Saving object to data/processed/chunks.jsonl
2026-09-12 23:15:12,156 | INFO | src.storage.jsonl_store | Object saved successfully
2026-09-12 23:15:12,156 | INFO | src.storage.jsonl_store | Saving object to data/processed/chunks.jsonl
2026-09-12 23:15:12,156 | INFO | src.storage.jsonl_store | Object saved successfully
2026-09-12 23:15:12,156 | INFO | src.storage.jsonl_store | Saving object to data/processed/chunks.jsonl
2026-09-12 23:15:12,156 | INFO | src.storage.jsonl_store | Object saved successfully
2026-09-12 23:15:12,156 | INFO | src.storage.jsonl_store | Saving object to data/processed/chunks.jsonl
2026-09-12 23:15:12,156 | INFO | src.storage.jsonl_store | Object saved successfully
2026-09-12 23:15:12,156 | INFO | src.storage.jsonl_store | Saving object to data/processed/chunks.jsonl
2026-09-12 23:15:12,156 | INFO | src.storage.jsonl_store | Object saved successfully
2026-09-12 23:15:12,156 | INFO | src.storage.jsonl_store | Finished saving 19 objects
2026-09-12 23:15:12,156 | INFO | src.pipelines.dataset_pipeline | chunk Length=19
2026-09-12 23:15:12,156 | INFO | src.embedders.embedding_generator | Loading embedding model: all-MiniLM-L6-v2
2026-09-12 23:15:12,156 | INFO | sentence_transformers.base.model | No device provided, using cpu
2026-09-12 23:15:12,393 | INFO | httpx | HTTP Request: HEAD https://huggingface.co/sentence-transformers/all-MiniLM-L6-v2/resolve/main/modules.json "HTTP/1.1 307 Temporary Redirect"
2026-09-12 23:15:12,424 | INFO | httpx | HTTP Request: HEAD https://huggingface.co/api/resolve-cache/models/sentence-transformers/all-MiniLM-L6-v2/1110a243fdf4706b3f48f1d95db1a4f5529b4d41/modules.json "HTTP/1.1 200 OK"
2026-09-12 23:15:12,667 | INFO | httpx | HTTP Request: HEAD https://huggingface.co/sentence-transformers/all-MiniLM-L6-v2/resolve/main/config_sentence_transformers.json "HTTP/1.1 307 Temporary Redirect"
2026-09-12 23:15:12,705 | INFO | httpx | HTTP Request: HEAD https://huggingface.co/api/resolve-cache/models/sentence-transformers/all-MiniLM-L6-v2/1110a243fdf4706b3f48f1d95db1a4f5529b4d41/config_sentence_transformers.json "HTTP/1.1 200 OK"
2026-09-12 23:15:12,706 | INFO | sentence_transformers.base.model | Loading SentenceTransformer model from sentence-transformers/all-MiniLM-L6-v2.
2026-09-12 23:15:12,958 | INFO | httpx | HTTP Request: HEAD https://huggingface.co/sentence-transformers/all-MiniLM-L6-v2/resolve/main/config_sentence_transformers.json "HTTP/1.1 307 Temporary Redirect"
2026-09-12 23:15:13,002 | INFO | httpx | HTTP Request: HEAD https://huggingface.co/api/resolve-cache/models/sentence-transformers/all-MiniLM-L6-v2/1110a243fdf4706b3f48f1d95db1a4f5529b4d41/config_sentence_transformers.json "HTTP/1.1 200 OK"
2026-09-12 23:15:13,232 | INFO | httpx | HTTP Request: HEAD https://huggingface.co/sentence-transformers/all-MiniLM-L6-v2/resolve/main/README.md "HTTP/1.1 307 Temporary Redirect"
2026-09-12 23:15:13,316 | INFO | httpx | HTTP Request: HEAD https://huggingface.co/api/resolve-cache/models/sentence-transformers/all-MiniLM-L6-v2/1110a243fdf4706b3f48f1d95db1a4f5529b4d41/README.md "HTTP/1.1 200 OK"
2026-09-12 23:15:13,570 | INFO | httpx | HTTP Request: HEAD https://huggingface.co/sentence-transformers/all-MiniLM-L6-v2/resolve/main/modules.json "HTTP/1.1 307 Temporary Redirect"
2026-09-12 23:15:13,606 | INFO | httpx | HTTP Request: HEAD https://huggingface.co/api/resolve-cache/models/sentence-transformers/all-MiniLM-L6-v2/1110a243fdf4706b3f48f1d95db1a4f5529b4d41/modules.json "HTTP/1.1 200 OK"
2026-09-12 23:15:13,843 | INFO | httpx | HTTP Request: HEAD https://huggingface.co/sentence-transformers/all-MiniLM-L6-v2/resolve/main/sentence_bert_config.json "HTTP/1.1 307 Temporary Redirect"
2026-09-12 23:15:13,899 | INFO | httpx | HTTP Request: HEAD https://huggingface.co/api/resolve-cache/models/sentence-transformers/all-MiniLM-L6-v2/1110a243fdf4706b3f48f1d95db1a4f5529b4d41/sentence_bert_config.json "HTTP/1.1 200 OK"
2026-09-12 23:15:14,129 | INFO | httpx | HTTP Request: HEAD https://huggingface.co/sentence-transformers/all-MiniLM-L6-v2/resolve/main/adapter_config.json "HTTP/1.1 404 Not Found"
2026-09-12 23:15:14,410 | INFO | httpx | HTTP Request: HEAD https://huggingface.co/sentence-transformers/all-MiniLM-L6-v2/resolve/main/config.json "HTTP/1.1 307 Temporary Redirect"
2026-09-12 23:15:14,441 | INFO | httpx | HTTP Request: HEAD https://huggingface.co/api/resolve-cache/models/sentence-transformers/all-MiniLM-L6-v2/1110a243fdf4706b3f48f1d95db1a4f5529b4d41/config.json "HTTP/1.1 200 OK"
2026-09-12 23:15:14,796 | INFO | httpx | HTTP Request: HEAD https://huggingface.co/sentence-transformers/all-MiniLM-L6-v2/resolve/main/processor_config.json "HTTP/1.1 404 Not Found"
2026-09-12 23:15:15,036 | INFO | httpx | HTTP Request: HEAD https://huggingface.co/sentence-transformers/all-MiniLM-L6-v2/resolve/main/preprocessor_config.json "HTTP/1.1 404 Not Found"
2026-09-12 23:15:15,273 | INFO | httpx | HTTP Request: HEAD https://huggingface.co/sentence-transformers/all-MiniLM-L6-v2/resolve/main/video_preprocessor_config.json "HTTP/1.1 404 Not Found"
2026-09-12 23:15:15,506 | INFO | httpx | HTTP Request: HEAD https://huggingface.co/sentence-transformers/all-MiniLM-L6-v2/resolve/main/preprocessor_config.json "HTTP/1.1 404 Not Found"
2026-09-12 23:15:15,737 | INFO | httpx | HTTP Request: HEAD https://huggingface.co/sentence-transformers/all-MiniLM-L6-v2/resolve/main/tokenizer_config.json "HTTP/1.1 307 Temporary Redirect"
2026-09-12 23:15:15,773 | INFO | httpx | HTTP Request: HEAD https://huggingface.co/api/resolve-cache/models/sentence-transformers/all-MiniLM-L6-v2/1110a243fdf4706b3f48f1d95db1a4f5529b4d41/tokenizer_config.json "HTTP/1.1 200 OK"
2026-09-12 23:15:16,029 | INFO | httpx | HTTP Request: HEAD https://huggingface.co/sentence-transformers/all-MiniLM-L6-v2/resolve/main/config.json "HTTP/1.1 307 Temporary Redirect"
2026-09-12 23:15:16,061 | INFO | httpx | HTTP Request: HEAD https://huggingface.co/api/resolve-cache/models/sentence-transformers/all-MiniLM-L6-v2/1110a243fdf4706b3f48f1d95db1a4f5529b4d41/config.json "HTTP/1.1 200 OK"
2026-09-12 23:15:16,296 | INFO | httpx | HTTP Request: HEAD https://huggingface.co/sentence-transformers/all-MiniLM-L6-v2/resolve/main/config.json "HTTP/1.1 307 Temporary Redirect"
2026-09-12 23:15:16,360 | INFO | httpx | HTTP Request: HEAD https://huggingface.co/api/resolve-cache/models/sentence-transformers/all-MiniLM-L6-v2/1110a243fdf4706b3f48f1d95db1a4f5529b4d41/config.json "HTTP/1.1 200 OK"
2026-09-12 23:15:16,586 | INFO | httpx | HTTP Request: HEAD https://huggingface.co/sentence-transformers/all-MiniLM-L6-v2/resolve/main/tokenizer_config.json "HTTP/1.1 307 Temporary Redirect"
2026-09-12 23:15:16,669 | INFO | httpx | HTTP Request: HEAD https://huggingface.co/api/resolve-cache/models/sentence-transformers/all-MiniLM-L6-v2/1110a243fdf4706b3f48f1d95db1a4f5529b4d41/tokenizer_config.json "HTTP/1.1 200 OK"
2026-09-12 23:15:16,906 | INFO | httpx | HTTP Request: GET https://huggingface.co/api/models/sentence-transformers/all-MiniLM-L6-v2/tree/main/additional_chat_templates?recursive=false&expand=false "HTTP/1.1 404 Not Found"
2026-09-12 23:15:17,206 | INFO | httpx | HTTP Request: GET https://huggingface.co/api/models/sentence-transformers/all-MiniLM-L6-v2/tree/main?recursive=true&expand=false "HTTP/1.1 200 OK"
2026-09-12 23:15:17,466 | INFO | httpx | HTTP Request: HEAD https://huggingface.co/sentence-transformers/all-MiniLM-L6-v2/resolve/main/1_Pooling/config.json "HTTP/1.1 307 Temporary Redirect"
2026-09-12 23:15:17,509 | INFO | httpx | HTTP Request: HEAD https://huggingface.co/api/resolve-cache/models/sentence-transformers/all-MiniLM-L6-v2/1110a243fdf4706b3f48f1d95db1a4f5529b4d41/1_Pooling%2Fconfig.json "HTTP/1.1 200 OK"
2026-09-12 23:15:17,756 | INFO | httpx | HTTP Request: GET https://huggingface.co/api/models/sentence-transformers/all-MiniLM-L6-v2 "HTTP/1.1 200 OK"
2026-09-12 23:15:17,759 | INFO | src.embedders.embedding_generator | Embedding model loaded successfully
2026-09-12 23:15:17,759 | INFO | src.embedders.embedding_generator | Generating embedding for chunk (id=46633e7a-369e-4c71-91d8-46b0312d4a03_chunk_1)
2026-09-12 23:15:17,786 | INFO | src.storage.jsonl_store | Saving object to data/processed/embeddings.jsonl
2026-09-12 23:15:17,786 | INFO | src.storage.jsonl_store | Object saved successfully
2026-09-12 23:15:17,786 | INFO | src.embedders.embedding_generator | Generating embedding for chunk (id=46633e7a-369e-4c71-91d8-46b0312d4a03_chunk_2)
2026-09-12 23:15:17,806 | INFO | src.storage.jsonl_store | Saving object to data/processed/embeddings.jsonl
2026-09-12 23:15:17,808 | INFO | src.storage.jsonl_store | Object saved successfully
2026-09-12 23:15:17,808 | INFO | src.embedders.embedding_generator | Generating embedding for chunk (id=46633e7a-369e-4c71-91d8-46b0312d4a03_chunk_3)
2026-09-12 23:15:17,824 | INFO | src.storage.jsonl_store | Saving object to data/processed/embeddings.jsonl
2026-09-12 23:15:17,826 | INFO | src.storage.jsonl_store | Object saved successfully
2026-09-12 23:15:17,826 | INFO | src.embedders.embedding_generator | Generating embedding for chunk (id=46633e7a-369e-4c71-91d8-46b0312d4a03_chunk_4)
2026-09-12 23:15:17,846 | INFO | src.storage.jsonl_store | Saving object to data/processed/embeddings.jsonl
2026-09-12 23:15:17,846 | INFO | src.storage.jsonl_store | Object saved successfully
2026-09-12 23:15:17,846 | INFO | src.embedders.embedding_generator | Generating embedding for chunk (id=46633e7a-369e-4c71-91d8-46b0312d4a03_chunk_5)
2026-09-12 23:15:17,866 | INFO | src.storage.jsonl_store | Saving object to data/processed/embeddings.jsonl
2026-09-12 23:15:17,866 | INFO | src.storage.jsonl_store | Object saved successfully
2026-09-12 23:15:17,866 | INFO | src.embedders.embedding_generator | Generating embedding for chunk (id=46633e7a-369e-4c71-91d8-46b0312d4a03_chunk_6)
2026-09-12 23:15:17,891 | INFO | src.storage.jsonl_store | Saving object to data/processed/embeddings.jsonl
2026-09-12 23:15:17,891 | INFO | src.storage.jsonl_store | Object saved successfully
2026-09-12 23:15:17,891 | INFO | src.embedders.embedding_generator | Generating embedding for chunk (id=46633e7a-369e-4c71-91d8-46b0312d4a03_chunk_7)
2026-09-12 23:15:17,907 | INFO | src.storage.jsonl_store | Saving object to data/processed/embeddings.jsonl
2026-09-12 23:15:17,907 | INFO | src.storage.jsonl_store | Object saved successfully
2026-09-12 23:15:17,907 | INFO | src.embedders.embedding_generator | Generating embedding for chunk (id=46633e7a-369e-4c71-91d8-46b0312d4a03_chunk_8)
2026-09-12 23:15:17,936 | INFO | src.storage.jsonl_store | Saving object to data/processed/embeddings.jsonl
2026-09-12 23:15:17,936 | INFO | src.storage.jsonl_store | Object saved successfully
2026-09-12 23:15:17,939 | INFO | src.embedders.embedding_generator | Generating embedding for chunk (id=46633e7a-369e-4c71-91d8-46b0312d4a03_chunk_9)
2026-09-12 23:15:17,956 | INFO | src.storage.jsonl_store | Saving object to data/processed/embeddings.jsonl
2026-09-12 23:15:17,956 | INFO | src.storage.jsonl_store | Object saved successfully
2026-09-12 23:15:17,956 | INFO | src.embedders.embedding_generator | Generating embedding for chunk (id=46633e7a-369e-4c71-91d8-46b0312d4a03_chunk_10)
2026-09-12 23:15:17,976 | INFO | src.storage.jsonl_store | Saving object to data/processed/embeddings.jsonl
2026-09-12 23:15:17,976 | INFO | src.storage.jsonl_store | Object saved successfully
2026-09-12 23:15:17,976 | INFO | src.embedders.embedding_generator | Generating embedding for chunk (id=46633e7a-369e-4c71-91d8-46b0312d4a03_chunk_11)
2026-09-12 23:15:17,996 | INFO | src.storage.jsonl_store | Saving object to data/processed/embeddings.jsonl
2026-09-12 23:15:17,996 | INFO | src.storage.jsonl_store | Object saved successfully
2026-09-12 23:15:17,996 | INFO | src.embedders.embedding_generator | Generating embedding for chunk (id=46633e7a-369e-4c71-91d8-46b0312d4a03_chunk_12)
2026-09-12 23:15:18,016 | INFO | src.storage.jsonl_store | Saving object to data/processed/embeddings.jsonl
2026-09-12 23:15:18,018 | INFO | src.storage.jsonl_store | Object saved successfully
2026-09-12 23:15:18,018 | INFO | src.embedders.embedding_generator | Generating embedding for chunk (id=46633e7a-369e-4c71-91d8-46b0312d4a03_chunk_13)
2026-09-12 23:15:18,036 | INFO | src.storage.jsonl_store | Saving object to data/processed/embeddings.jsonl
2026-09-12 23:15:18,038 | INFO | src.storage.jsonl_store | Object saved successfully
2026-09-12 23:15:18,038 | INFO | src.embedders.embedding_generator | Generating embedding for chunk (id=46633e7a-369e-4c71-91d8-46b0312d4a03_chunk_14)
2026-09-12 23:15:18,056 | INFO | src.storage.jsonl_store | Saving object to data/processed/embeddings.jsonl
2026-09-12 23:15:18,058 | INFO | src.storage.jsonl_store | Object saved successfully
2026-09-12 23:15:18,058 | INFO | src.embedders.embedding_generator | Generating embedding for chunk (id=46633e7a-369e-4c71-91d8-46b0312d4a03_chunk_15)
2026-09-12 23:15:18,076 | INFO | src.storage.jsonl_store | Saving object to data/processed/embeddings.jsonl
2026-09-12 23:15:18,076 | INFO | src.storage.jsonl_store | Object saved successfully
2026-09-12 23:15:18,078 | INFO | src.embedders.embedding_generator | Generating embedding for chunk (id=46633e7a-369e-4c71-91d8-46b0312d4a03_chunk_16)
2026-09-12 23:15:18,094 | INFO | src.storage.jsonl_store | Saving object to data/processed/embeddings.jsonl
2026-09-12 23:15:18,094 | INFO | src.storage.jsonl_store | Object saved successfully
2026-09-12 23:15:18,096 | INFO | src.embedders.embedding_generator | Generating embedding for chunk (id=46633e7a-369e-4c71-91d8-46b0312d4a03_chunk_17)
2026-09-12 23:15:18,116 | INFO | src.storage.jsonl_store | Saving object to data/processed/embeddings.jsonl
2026-09-12 23:15:18,118 | INFO | src.storage.jsonl_store | Object saved successfully
2026-09-12 23:15:18,118 | INFO | src.embedders.embedding_generator | Generating embedding for chunk (id=46633e7a-369e-4c71-91d8-46b0312d4a03_chunk_18)
2026-09-12 23:15:18,136 | INFO | src.storage.jsonl_store | Saving object to data/processed/embeddings.jsonl
2026-09-12 23:15:18,136 | INFO | src.storage.jsonl_store | Object saved successfully
2026-09-12 23:15:18,136 | INFO | src.embedders.embedding_generator | Generating embedding for chunk (id=46633e7a-369e-4c71-91d8-46b0312d4a03_chunk_19)
2026-09-12 23:15:18,150 | INFO | src.storage.jsonl_store | Saving object to data/processed/embeddings.jsonl
2026-09-12 23:15:18,152 | INFO | src.storage.jsonl_store | Object saved successfully
2026-09-12 23:15:18,152 | INFO | src.pipelines.dataset_pipeline | embedding Length=19
2026-09-12 23:15:18,152 | INFO | src.pipelines.dataset_pipeline | Processing URL: https://.tech/docs/python/input-and-print
2026-09-12 23:15:18,152 | INFO | src.collectors.docs_collector | Collecting document from https://.tech/docs/python/input-and-print
2026-09-12 23:15:18,152 | ERROR | src.collectors.docs_collector | Failed to download https://.tech/docs/python/input-and-print
2026-09-12 23:15:18,152 | ERROR | src.pipelines.dataset_pipeline | Failed to collect https://.tech/docs/python/input-and-print: Unable to download document from https://.tech/docs/python/input-and-print
2026-09-12 23:15:18,152 | INFO | src.pipelines.dataset_pipeline | Processing URL: https://.tech/docs/python/input-and-print
2026-09-12 23:15:18,152 | INFO | src.collectors.docs_collector | Collecting document from https://.tech/docs/python/input-and-print
2026-09-12 23:15:18,152 | ERROR | src.collectors.docs_collector | Failed to download https://.tech/docs/python/input-and-print
2026-09-12 23:15:18,152 | ERROR | src.pipelines.dataset_pipeline | Failed to collect https://.tech/docs/python/input-and-print: Unable to download document from https://.tech/docs/python/input-and-print
2026-09-12 23:15:18,152 | INFO | src.storage.jsonl_store | Reading records from data/processed/embeddings.jsonl
2026-09-12 23:15:18,196 | INFO | src.storage.jsonl_store | Loaded 143 objects
2026-09-12 23:15:18,209 | INFO | src.pipelines.dataset_pipeline | FAISS index contains 143 vectors
2026-09-12 23:25:19,420 | INFO | src.embedders.embedding_generator | Loading embedding model: all-MiniLM-L6-v2
2026-09-12 23:25:19,422 | INFO | sentence_transformers.base.model | No device provided, using cpu
2026-09-12 23:25:19,952 | INFO | httpx | HTTP Request: HEAD https://huggingface.co/sentence-transformers/all-MiniLM-L6-v2/resolve/main/modules.json "HTTP/1.1 307 Temporary Redirect"
2026-09-12 23:25:19,974 | INFO | httpx | HTTP Request: HEAD https://huggingface.co/api/resolve-cache/models/sentence-transformers/all-MiniLM-L6-v2/1110a243fdf4706b3f48f1d95db1a4f5529b4d41/modules.json "HTTP/1.1 200 OK"
2026-09-12 23:25:20,218 | INFO | httpx | HTTP Request: HEAD https://huggingface.co/sentence-transformers/all-MiniLM-L6-v2/resolve/main/config_sentence_transformers.json "HTTP/1.1 307 Temporary Redirect"
2026-09-12 23:25:20,218 | WARNING | huggingface_hub.utils._http | Warning: You are sending unauthenticated requests to the HF Hub. Please set a HF_TOKEN to enable higher rate limits and faster downloads.
2026-09-12 23:25:20,236 | INFO | httpx | HTTP Request: HEAD https://huggingface.co/api/resolve-cache/models/sentence-transformers/all-MiniLM-L6-v2/1110a243fdf4706b3f48f1d95db1a4f5529b4d41/config_sentence_transformers.json "HTTP/1.1 200 OK"
2026-09-12 23:25:20,244 | INFO | sentence_transformers.base.model | Loading SentenceTransformer model from sentence-transformers/all-MiniLM-L6-v2.
2026-09-12 23:25:20,484 | INFO | httpx | HTTP Request: HEAD https://huggingface.co/sentence-transformers/all-MiniLM-L6-v2/resolve/main/config_sentence_transformers.json "HTTP/1.1 307 Temporary Redirect"
2026-09-12 23:25:20,558 | INFO | httpx | HTTP Request: HEAD https://huggingface.co/api/resolve-cache/models/sentence-transformers/all-MiniLM-L6-v2/1110a243fdf4706b3f48f1d95db1a4f5529b4d41/config_sentence_transformers.json "HTTP/1.1 200 OK"
2026-09-12 23:25:20,804 | INFO | httpx | HTTP Request: HEAD https://huggingface.co/sentence-transformers/all-MiniLM-L6-v2/resolve/main/README.md "HTTP/1.1 307 Temporary Redirect"
2026-09-12 23:25:20,835 | INFO | httpx | HTTP Request: HEAD https://huggingface.co/api/resolve-cache/models/sentence-transformers/all-MiniLM-L6-v2/1110a243fdf4706b3f48f1d95db1a4f5529b4d41/README.md "HTTP/1.1 200 OK"
2026-09-12 23:25:21,074 | INFO | httpx | HTTP Request: HEAD https://huggingface.co/sentence-transformers/all-MiniLM-L6-v2/resolve/main/modules.json "HTTP/1.1 307 Temporary Redirect"
2026-09-12 23:25:21,156 | INFO | httpx | HTTP Request: HEAD https://huggingface.co/api/resolve-cache/models/sentence-transformers/all-MiniLM-L6-v2/1110a243fdf4706b3f48f1d95db1a4f5529b4d41/modules.json "HTTP/1.1 200 OK"
2026-09-12 23:25:21,395 | INFO | httpx | HTTP Request: HEAD https://huggingface.co/sentence-transformers/all-MiniLM-L6-v2/resolve/main/sentence_bert_config.json "HTTP/1.1 307 Temporary Redirect"
2026-09-12 23:25:21,414 | INFO | httpx | HTTP Request: HEAD https://huggingface.co/api/resolve-cache/models/sentence-transformers/all-MiniLM-L6-v2/1110a243fdf4706b3f48f1d95db1a4f5529b4d41/sentence_bert_config.json "HTTP/1.1 200 OK"
2026-09-12 23:25:21,667 | INFO | httpx | HTTP Request: HEAD https://huggingface.co/sentence-transformers/all-MiniLM-L6-v2/resolve/main/adapter_config.json "HTTP/1.1 404 Not Found"
2026-09-12 23:25:21,943 | INFO | httpx | HTTP Request: HEAD https://huggingface.co/sentence-transformers/all-MiniLM-L6-v2/resolve/main/config.json "HTTP/1.1 307 Temporary Redirect"
2026-09-12 23:25:21,969 | INFO | httpx | HTTP Request: HEAD https://huggingface.co/api/resolve-cache/models/sentence-transformers/all-MiniLM-L6-v2/1110a243fdf4706b3f48f1d95db1a4f5529b4d41/config.json "HTTP/1.1 200 OK"
2026-09-12 23:25:22,634 | INFO | httpx | HTTP Request: HEAD https://huggingface.co/sentence-transformers/all-MiniLM-L6-v2/resolve/main/processor_config.json "HTTP/1.1 404 Not Found"
2026-09-12 23:25:22,882 | INFO | httpx | HTTP Request: HEAD https://huggingface.co/sentence-transformers/all-MiniLM-L6-v2/resolve/main/preprocessor_config.json "HTTP/1.1 404 Not Found"
2026-09-12 23:25:23,154 | INFO | httpx | HTTP Request: HEAD https://huggingface.co/sentence-transformers/all-MiniLM-L6-v2/resolve/main/video_preprocessor_config.json "HTTP/1.1 404 Not Found"
2026-09-12 23:25:23,450 | INFO | httpx | HTTP Request: HEAD https://huggingface.co/sentence-transformers/all-MiniLM-L6-v2/resolve/main/preprocessor_config.json "HTTP/1.1 404 Not Found"
2026-09-12 23:25:23,694 | INFO | httpx | HTTP Request: HEAD https://huggingface.co/sentence-transformers/all-MiniLM-L6-v2/resolve/main/tokenizer_config.json "HTTP/1.1 307 Temporary Redirect"
2026-09-12 23:25:23,724 | INFO | httpx | HTTP Request: HEAD https://huggingface.co/api/resolve-cache/models/sentence-transformers/all-MiniLM-L6-v2/1110a243fdf4706b3f48f1d95db1a4f5529b4d41/tokenizer_config.json "HTTP/1.1 200 OK"
2026-09-12 23:25:24,064 | INFO | httpx | HTTP Request: HEAD https://huggingface.co/sentence-transformers/all-MiniLM-L6-v2/resolve/main/config.json "HTTP/1.1 307 Temporary Redirect"
2026-09-12 23:25:24,088 | INFO | httpx | HTTP Request: HEAD https://huggingface.co/api/resolve-cache/models/sentence-transformers/all-MiniLM-L6-v2/1110a243fdf4706b3f48f1d95db1a4f5529b4d41/config.json "HTTP/1.1 200 OK"
2026-09-12 23:25:24,335 | INFO | httpx | HTTP Request: HEAD https://huggingface.co/sentence-transformers/all-MiniLM-L6-v2/resolve/main/config.json "HTTP/1.1 307 Temporary Redirect"
2026-09-12 23:25:24,385 | INFO | httpx | HTTP Request: HEAD https://huggingface.co/api/resolve-cache/models/sentence-transformers/all-MiniLM-L6-v2/1110a243fdf4706b3f48f1d95db1a4f5529b4d41/config.json "HTTP/1.1 200 OK"
2026-09-12 23:25:25,174 | INFO | httpx | HTTP Request: HEAD https://huggingface.co/sentence-transformers/all-MiniLM-L6-v2/resolve/main/tokenizer_config.json "HTTP/1.1 307 Temporary Redirect"
2026-09-12 23:25:25,204 | INFO | httpx | HTTP Request: HEAD https://huggingface.co/api/resolve-cache/models/sentence-transformers/all-MiniLM-L6-v2/1110a243fdf4706b3f48f1d95db1a4f5529b4d41/tokenizer_config.json "HTTP/1.1 200 OK"
2026-09-12 23:25:25,805 | INFO | httpx | HTTP Request: GET https://huggingface.co/api/models/sentence-transformers/all-MiniLM-L6-v2/tree/main/additional_chat_templates?recursive=false&expand=false "HTTP/1.1 404 Not Found"
2026-09-12 23:25:26,069 | INFO | httpx | HTTP Request: GET https://huggingface.co/api/models/sentence-transformers/all-MiniLM-L6-v2/tree/main?recursive=true&expand=false "HTTP/1.1 200 OK"
2026-09-12 23:25:26,884 | INFO | httpx | HTTP Request: HEAD https://huggingface.co/sentence-transformers/all-MiniLM-L6-v2/resolve/main/1_Pooling/config.json "HTTP/1.1 307 Temporary Redirect"
2026-09-12 23:25:26,910 | INFO | httpx | HTTP Request: HEAD https://huggingface.co/api/resolve-cache/models/sentence-transformers/all-MiniLM-L6-v2/1110a243fdf4706b3f48f1d95db1a4f5529b4d41/1_Pooling%2Fconfig.json "HTTP/1.1 200 OK"
2026-09-12 23:25:27,153 | INFO | httpx | HTTP Request: GET https://huggingface.co/api/models/sentence-transformers/all-MiniLM-L6-v2 "HTTP/1.1 200 OK"
2026-09-12 23:25:27,154 | INFO | src.embedders.embedding_generator | Embedding model loaded successfully
2026-09-12 23:25:27,154 | INFO | src.storage.jsonl_store | Reading records from data/processed/chunks.jsonl
2026-09-12 23:25:27,344 | INFO | src.storage.jsonl_store | Loaded 143 objects
2026-09-12 23:29:23,292 | INFO | src.pipelines.dataset_pipeline | Processing URL: https://docs.python.org/3/tutorial/
2026-09-12 23:29:23,293 | INFO | src.collectors.docs_collector | Collecting document from https://docs.python.org/3/tutorial/
2026-09-12 23:29:23,451 | INFO | src.collectors.docs_collector | Successfully downloaded page
2026-09-12 23:29:23,498 | INFO | src.collectors.docs_collector | Document created successfully (id=aeec526f-67d4-49a4-bcab-298123f15708)
2026-09-12 23:29:23,501 | INFO | src.cleaners.document_cleaner | Cleaning document (id=aeec526f-67d4-49a4-bcab-298123f15708)
2026-09-12 23:29:23,501 | INFO | src.cleaners.document_cleaner | Finished cleaning document (id=aeec526f-67d4-49a4-bcab-298123f15708)
2026-09-12 23:29:23,501 | INFO | src.validator.document_validator | Validating document (id=aeec526f-67d4-49a4-bcab-298123f15708)
2026-09-12 23:29:23,502 | INFO | src.enrichers.document_enricher | Enriching document (id=aeec526f-67d4-49a4-bcab-298123f15708)
2026-09-12 23:29:23,502 | INFO | src.enrichers.document_enricher | Enrichment completed (id=aeec526f-67d4-49a4-bcab-298123f15708, words=362, chars=2293, quality=0.50)
2026-09-12 23:29:23,502 | INFO | src.storage.jsonl_store | Saving object to data/raw/documents.jsonl
2026-09-12 23:29:23,503 | INFO | src.storage.jsonl_store | Object saved successfully
2026-09-12 23:29:23,503 | INFO | src.pipelines.dataset_pipeline | Saved document (id=aeec526f-67d4-49a4-bcab-298123f15708, title='The Python Tutorial — Python 3.14.7 documentation')
2026-09-12 23:29:23,503 | INFO | src.chunkers.document_chunker | Starting chunking for document (id=aeec526f-67d4-49a4-bcab-298123f15708)
2026-09-12 23:29:23,504 | INFO | src.chunkers.document_chunker | Chunking completed (id=aeec526f-67d4-49a4-bcab-298123f15708, chunks=12)
2026-09-12 23:29:23,504 | INFO | src.storage.jsonl_store | Saving 12 objects
2026-09-12 23:29:23,504 | INFO | src.storage.jsonl_store | Saving object to data/processed/chunks.jsonl
2026-09-12 23:29:23,505 | INFO | src.storage.jsonl_store | Object saved successfully
2026-09-12 23:29:23,505 | INFO | src.storage.jsonl_store | Saving object to data/processed/chunks.jsonl
2026-09-12 23:29:23,505 | INFO | src.storage.jsonl_store | Object saved successfully
2026-09-12 23:29:23,505 | INFO | src.storage.jsonl_store | Saving object to data/processed/chunks.jsonl
2026-09-12 23:29:23,505 | INFO | src.storage.jsonl_store | Object saved successfully
2026-09-12 23:29:23,505 | INFO | src.storage.jsonl_store | Saving object to data/processed/chunks.jsonl
2026-09-12 23:29:23,508 | INFO | src.storage.jsonl_store | Object saved successfully
2026-09-12 23:29:23,508 | INFO | src.storage.jsonl_store | Saving object to data/processed/chunks.jsonl
2026-09-12 23:29:23,509 | INFO | src.storage.jsonl_store | Object saved successfully
2026-09-12 23:29:23,509 | INFO | src.storage.jsonl_store | Saving object to data/processed/chunks.jsonl
2026-09-12 23:29:23,509 | INFO | src.storage.jsonl_store | Object saved successfully
2026-09-12 23:29:23,509 | INFO | src.storage.jsonl_store | Saving object to data/processed/chunks.jsonl
2026-09-12 23:29:23,510 | INFO | src.storage.jsonl_store | Object saved successfully
2026-09-12 23:29:23,510 | INFO | src.storage.jsonl_store | Saving object to data/processed/chunks.jsonl
2026-09-12 23:29:23,511 | INFO | src.storage.jsonl_store | Object saved successfully
2026-09-12 23:29:23,511 | INFO | src.storage.jsonl_store | Saving object to data/processed/chunks.jsonl
2026-09-12 23:29:23,512 | INFO | src.storage.jsonl_store | Object saved successfully
2026-09-12 23:29:23,512 | INFO | src.storage.jsonl_store | Saving object to data/processed/chunks.jsonl
2026-09-12 23:29:23,512 | INFO | src.storage.jsonl_store | Object saved successfully
2026-09-12 23:29:23,512 | INFO | src.storage.jsonl_store | Saving object to data/processed/chunks.jsonl
2026-09-12 23:29:23,513 | INFO | src.storage.jsonl_store | Object saved successfully
2026-09-12 23:29:23,513 | INFO | src.storage.jsonl_store | Saving object to data/processed/chunks.jsonl
2026-09-12 23:29:23,514 | INFO | src.storage.jsonl_store | Object saved successfully
2026-09-12 23:29:23,515 | INFO | src.storage.jsonl_store | Finished saving 12 objects
2026-09-12 23:29:23,515 | INFO | src.pipelines.dataset_pipeline | chunk Length=12
2026-09-12 23:29:23,515 | INFO | src.embedders.embedding_generator | Loading embedding model: all-MiniLM-L6-v2
2026-09-12 23:29:23,517 | INFO | sentence_transformers.base.model | No device provided, using cpu
2026-09-12 23:29:23,903 | INFO | httpx | HTTP Request: HEAD https://huggingface.co/sentence-transformers/all-MiniLM-L6-v2/resolve/main/modules.json "HTTP/1.1 307 Temporary Redirect"
2026-09-12 23:29:23,966 | INFO | httpx | HTTP Request: HEAD https://huggingface.co/api/resolve-cache/models/sentence-transformers/all-MiniLM-L6-v2/1110a243fdf4706b3f48f1d95db1a4f5529b4d41/modules.json "HTTP/1.1 200 OK"
2026-09-12 23:29:24,244 | INFO | httpx | HTTP Request: HEAD https://huggingface.co/sentence-transformers/all-MiniLM-L6-v2/resolve/main/config_sentence_transformers.json "HTTP/1.1 307 Temporary Redirect"
2026-09-12 23:29:24,283 | INFO | httpx | HTTP Request: HEAD https://huggingface.co/api/resolve-cache/models/sentence-transformers/all-MiniLM-L6-v2/1110a243fdf4706b3f48f1d95db1a4f5529b4d41/config_sentence_transformers.json "HTTP/1.1 200 OK"
2026-09-12 23:29:24,287 | INFO | sentence_transformers.base.model | Loading SentenceTransformer model from sentence-transformers/all-MiniLM-L6-v2.
2026-09-12 23:29:24,516 | INFO | httpx | HTTP Request: HEAD https://huggingface.co/sentence-transformers/all-MiniLM-L6-v2/resolve/main/config_sentence_transformers.json "HTTP/1.1 307 Temporary Redirect"
2026-09-12 23:29:24,553 | INFO | httpx | HTTP Request: HEAD https://huggingface.co/api/resolve-cache/models/sentence-transformers/all-MiniLM-L6-v2/1110a243fdf4706b3f48f1d95db1a4f5529b4d41/config_sentence_transformers.json "HTTP/1.1 200 OK"
2026-09-12 23:29:24,797 | INFO | httpx | HTTP Request: HEAD https://huggingface.co/sentence-transformers/all-MiniLM-L6-v2/resolve/main/README.md "HTTP/1.1 307 Temporary Redirect"
2026-09-12 23:29:24,830 | INFO | httpx | HTTP Request: HEAD https://huggingface.co/api/resolve-cache/models/sentence-transformers/all-MiniLM-L6-v2/1110a243fdf4706b3f48f1d95db1a4f5529b4d41/README.md "HTTP/1.1 200 OK"
2026-09-12 23:29:25,069 | INFO | httpx | HTTP Request: HEAD https://huggingface.co/sentence-transformers/all-MiniLM-L6-v2/resolve/main/modules.json "HTTP/1.1 307 Temporary Redirect"
2026-09-12 23:29:25,126 | INFO | httpx | HTTP Request: HEAD https://huggingface.co/api/resolve-cache/models/sentence-transformers/all-MiniLM-L6-v2/1110a243fdf4706b3f48f1d95db1a4f5529b4d41/modules.json "HTTP/1.1 200 OK"
2026-09-12 23:29:25,376 | INFO | httpx | HTTP Request: HEAD https://huggingface.co/sentence-transformers/all-MiniLM-L6-v2/resolve/main/sentence_bert_config.json "HTTP/1.1 307 Temporary Redirect"
2026-09-12 23:29:25,413 | INFO | httpx | HTTP Request: HEAD https://huggingface.co/api/resolve-cache/models/sentence-transformers/all-MiniLM-L6-v2/1110a243fdf4706b3f48f1d95db1a4f5529b4d41/sentence_bert_config.json "HTTP/1.1 200 OK"
2026-09-12 23:29:25,664 | INFO | httpx | HTTP Request: HEAD https://huggingface.co/sentence-transformers/all-MiniLM-L6-v2/resolve/main/adapter_config.json "HTTP/1.1 404 Not Found"
2026-09-12 23:29:25,913 | INFO | httpx | HTTP Request: HEAD https://huggingface.co/sentence-transformers/all-MiniLM-L6-v2/resolve/main/config.json "HTTP/1.1 307 Temporary Redirect"
2026-09-12 23:29:25,948 | INFO | httpx | HTTP Request: HEAD https://huggingface.co/api/resolve-cache/models/sentence-transformers/all-MiniLM-L6-v2/1110a243fdf4706b3f48f1d95db1a4f5529b4d41/config.json "HTTP/1.1 200 OK"
2026-09-12 23:29:26,263 | INFO | httpx | HTTP Request: HEAD https://huggingface.co/sentence-transformers/all-MiniLM-L6-v2/resolve/main/processor_config.json "HTTP/1.1 404 Not Found"
2026-09-12 23:29:26,517 | INFO | httpx | HTTP Request: HEAD https://huggingface.co/sentence-transformers/all-MiniLM-L6-v2/resolve/main/preprocessor_config.json "HTTP/1.1 404 Not Found"
2026-09-12 23:29:26,743 | INFO | httpx | HTTP Request: HEAD https://huggingface.co/sentence-transformers/all-MiniLM-L6-v2/resolve/main/video_preprocessor_config.json "HTTP/1.1 404 Not Found"
2026-09-12 23:29:26,984 | INFO | httpx | HTTP Request: HEAD https://huggingface.co/sentence-transformers/all-MiniLM-L6-v2/resolve/main/preprocessor_config.json "HTTP/1.1 404 Not Found"
2026-09-12 23:29:27,234 | INFO | httpx | HTTP Request: HEAD https://huggingface.co/sentence-transformers/all-MiniLM-L6-v2/resolve/main/tokenizer_config.json "HTTP/1.1 307 Temporary Redirect"
2026-09-12 23:29:27,275 | INFO | httpx | HTTP Request: HEAD https://huggingface.co/api/resolve-cache/models/sentence-transformers/all-MiniLM-L6-v2/1110a243fdf4706b3f48f1d95db1a4f5529b4d41/tokenizer_config.json "HTTP/1.1 200 OK"
2026-09-12 23:29:27,516 | INFO | httpx | HTTP Request: HEAD https://huggingface.co/sentence-transformers/all-MiniLM-L6-v2/resolve/main/config.json "HTTP/1.1 307 Temporary Redirect"
2026-09-12 23:29:27,564 | INFO | httpx | HTTP Request: HEAD https://huggingface.co/api/resolve-cache/models/sentence-transformers/all-MiniLM-L6-v2/1110a243fdf4706b3f48f1d95db1a4f5529b4d41/config.json "HTTP/1.1 200 OK"
2026-09-12 23:29:27,817 | INFO | httpx | HTTP Request: HEAD https://huggingface.co/sentence-transformers/all-MiniLM-L6-v2/resolve/main/config.json "HTTP/1.1 307 Temporary Redirect"
2026-09-12 23:29:27,848 | INFO | httpx | HTTP Request: HEAD https://huggingface.co/api/resolve-cache/models/sentence-transformers/all-MiniLM-L6-v2/1110a243fdf4706b3f48f1d95db1a4f5529b4d41/config.json "HTTP/1.1 200 OK"
2026-09-12 23:29:28,089 | INFO | httpx | HTTP Request: HEAD https://huggingface.co/sentence-transformers/all-MiniLM-L6-v2/resolve/main/tokenizer_config.json "HTTP/1.1 307 Temporary Redirect"
2026-09-12 23:29:28,122 | INFO | httpx | HTTP Request: HEAD https://huggingface.co/api/resolve-cache/models/sentence-transformers/all-MiniLM-L6-v2/1110a243fdf4706b3f48f1d95db1a4f5529b4d41/tokenizer_config.json "HTTP/1.1 200 OK"
2026-09-12 23:29:28,354 | INFO | httpx | HTTP Request: GET https://huggingface.co/api/models/sentence-transformers/all-MiniLM-L6-v2/tree/main/additional_chat_templates?recursive=false&expand=false "HTTP/1.1 404 Not Found"
2026-09-12 23:29:28,591 | INFO | httpx | HTTP Request: GET https://huggingface.co/api/models/sentence-transformers/all-MiniLM-L6-v2/tree/main?recursive=true&expand=false "HTTP/1.1 200 OK"
2026-09-12 23:29:28,917 | INFO | httpx | HTTP Request: HEAD https://huggingface.co/sentence-transformers/all-MiniLM-L6-v2/resolve/main/1_Pooling/config.json "HTTP/1.1 307 Temporary Redirect"
2026-09-12 23:29:28,947 | INFO | httpx | HTTP Request: HEAD https://huggingface.co/api/resolve-cache/models/sentence-transformers/all-MiniLM-L6-v2/1110a243fdf4706b3f48f1d95db1a4f5529b4d41/1_Pooling%2Fconfig.json "HTTP/1.1 200 OK"
2026-09-12 23:29:29,187 | INFO | httpx | HTTP Request: GET https://huggingface.co/api/models/sentence-transformers/all-MiniLM-L6-v2 "HTTP/1.1 200 OK"
2026-09-12 23:29:29,195 | INFO | src.embedders.embedding_generator | Embedding model loaded successfully
2026-09-12 23:29:29,197 | INFO | src.embedders.embedding_generator | Generating embedding for chunk (id=aeec526f-67d4-49a4-bcab-298123f15708_chunk_1)
2026-09-12 23:29:29,429 | INFO | src.storage.jsonl_store | Saving object to data/processed/embeddings.jsonl
2026-09-12 23:29:29,434 | INFO | src.storage.jsonl_store | Object saved successfully
2026-09-12 23:29:29,435 | INFO | src.embedders.embedding_generator | Generating embedding for chunk (id=aeec526f-67d4-49a4-bcab-298123f15708_chunk_2)
2026-09-12 23:29:29,461 | INFO | src.storage.jsonl_store | Saving object to data/processed/embeddings.jsonl
2026-09-12 23:29:29,462 | INFO | src.storage.jsonl_store | Object saved successfully
2026-09-12 23:29:29,463 | INFO | src.embedders.embedding_generator | Generating embedding for chunk (id=aeec526f-67d4-49a4-bcab-298123f15708_chunk_3)
2026-09-12 23:29:29,488 | INFO | src.storage.jsonl_store | Saving object to data/processed/embeddings.jsonl
2026-09-12 23:29:29,488 | INFO | src.storage.jsonl_store | Object saved successfully
2026-09-12 23:29:29,488 | INFO | src.embedders.embedding_generator | Generating embedding for chunk (id=aeec526f-67d4-49a4-bcab-298123f15708_chunk_4)
2026-09-12 23:29:29,516 | INFO | src.storage.jsonl_store | Saving object to data/processed/embeddings.jsonl
2026-09-12 23:29:29,518 | INFO | src.storage.jsonl_store | Object saved successfully
2026-09-12 23:29:29,518 | INFO | src.embedders.embedding_generator | Generating embedding for chunk (id=aeec526f-67d4-49a4-bcab-298123f15708_chunk_5)
2026-09-12 23:29:29,543 | INFO | src.storage.jsonl_store | Saving object to data/processed/embeddings.jsonl
2026-09-12 23:29:29,544 | INFO | src.storage.jsonl_store | Object saved successfully
2026-09-12 23:29:29,545 | INFO | src.embedders.embedding_generator | Generating embedding for chunk (id=aeec526f-67d4-49a4-bcab-298123f15708_chunk_6)
2026-09-12 23:29:29,566 | INFO | src.storage.jsonl_store | Saving object to data/processed/embeddings.jsonl
2026-09-12 23:29:29,568 | INFO | src.storage.jsonl_store | Object saved successfully
2026-09-12 23:29:29,568 | INFO | src.embedders.embedding_generator | Generating embedding for chunk (id=aeec526f-67d4-49a4-bcab-298123f15708_chunk_7)
2026-09-12 23:29:29,594 | INFO | src.storage.jsonl_store | Saving object to data/processed/embeddings.jsonl
2026-09-12 23:29:29,596 | INFO | src.storage.jsonl_store | Object saved successfully
2026-09-12 23:29:29,596 | INFO | src.embedders.embedding_generator | Generating embedding for chunk (id=aeec526f-67d4-49a4-bcab-298123f15708_chunk_8)
2026-09-12 23:29:29,620 | INFO | src.storage.jsonl_store | Saving object to data/processed/embeddings.jsonl
2026-09-12 23:29:29,620 | INFO | src.storage.jsonl_store | Object saved successfully
2026-09-12 23:29:29,620 | INFO | src.embedders.embedding_generator | Generating embedding for chunk (id=aeec526f-67d4-49a4-bcab-298123f15708_chunk_9)
2026-09-12 23:29:29,655 | INFO | src.storage.jsonl_store | Saving object to data/processed/embeddings.jsonl
2026-09-12 23:29:29,655 | INFO | src.storage.jsonl_store | Object saved successfully
2026-09-12 23:29:29,655 | INFO | src.embedders.embedding_generator | Generating embedding for chunk (id=aeec526f-67d4-49a4-bcab-298123f15708_chunk_10)
2026-09-12 23:29:29,685 | INFO | src.storage.jsonl_store | Saving object to data/processed/embeddings.jsonl
2026-09-12 23:29:29,687 | INFO | src.storage.jsonl_store | Object saved successfully
2026-09-12 23:29:29,687 | INFO | src.embedders.embedding_generator | Generating embedding for chunk (id=aeec526f-67d4-49a4-bcab-298123f15708_chunk_11)
2026-09-12 23:29:29,708 | INFO | src.storage.jsonl_store | Saving object to data/processed/embeddings.jsonl
2026-09-12 23:29:29,708 | INFO | src.storage.jsonl_store | Object saved successfully
2026-09-12 23:29:29,713 | INFO | src.embedders.embedding_generator | Generating embedding for chunk (id=aeec526f-67d4-49a4-bcab-298123f15708_chunk_12)
2026-09-12 23:29:29,736 | INFO | src.storage.jsonl_store | Saving object to data/processed/embeddings.jsonl
2026-09-12 23:29:29,738 | INFO | src.storage.jsonl_store | Object saved successfully
2026-09-12 23:29:29,738 | INFO | src.pipelines.dataset_pipeline | embedding Length=12
2026-09-12 23:29:29,738 | INFO | src.pipelines.dataset_pipeline | Processing URL: https://www.programiz.com/python-programming
2026-09-12 23:29:29,738 | INFO | src.collectors.docs_collector | Collecting document from https://www.programiz.com/python-programming
2026-09-12 23:29:30,040 | INFO | src.collectors.docs_collector | Successfully downloaded page
2026-09-12 23:29:30,101 | INFO | src.collectors.docs_collector | Document created successfully (id=52669038-f8b0-418c-a906-35c938166773)
2026-09-12 23:29:30,102 | INFO | src.cleaners.document_cleaner | Cleaning document (id=52669038-f8b0-418c-a906-35c938166773)
2026-09-12 23:29:30,102 | INFO | src.cleaners.document_cleaner | Finished cleaning document (id=52669038-f8b0-418c-a906-35c938166773)
2026-09-12 23:29:30,103 | INFO | src.validator.document_validator | Validating document (id=52669038-f8b0-418c-a906-35c938166773)
2026-09-12 23:29:30,103 | INFO | src.enrichers.document_enricher | Enriching document (id=52669038-f8b0-418c-a906-35c938166773)
2026-09-12 23:29:30,103 | INFO | src.enrichers.document_enricher | Enrichment completed (id=52669038-f8b0-418c-a906-35c938166773, words=539, chars=3053, quality=1.00)
2026-09-12 23:29:30,103 | INFO | src.storage.jsonl_store | Saving object to data/raw/documents.jsonl
2026-09-12 23:29:30,103 | INFO | src.storage.jsonl_store | Object saved successfully
2026-09-12 23:29:30,104 | INFO | src.pipelines.dataset_pipeline | Saved document (id=52669038-f8b0-418c-a906-35c938166773, title='Learn Python: Programming Tutorials for Beginners')
2026-09-12 23:29:30,104 | INFO | src.chunkers.document_chunker | Starting chunking for document (id=52669038-f8b0-418c-a906-35c938166773)
2026-09-12 23:29:30,104 | INFO | src.chunkers.document_chunker | Chunking completed (id=52669038-f8b0-418c-a906-35c938166773, chunks=16)
2026-09-12 23:29:30,104 | INFO | src.storage.jsonl_store | Saving 16 objects
2026-09-12 23:29:30,104 | INFO | src.storage.jsonl_store | Saving object to data/processed/chunks.jsonl
2026-09-12 23:29:30,105 | INFO | src.storage.jsonl_store | Object saved successfully
2026-09-12 23:29:30,105 | INFO | src.storage.jsonl_store | Saving object to data/processed/chunks.jsonl
2026-09-12 23:29:30,105 | INFO | src.storage.jsonl_store | Object saved successfully
2026-09-12 23:29:30,105 | INFO | src.storage.jsonl_store | Saving object to data/processed/chunks.jsonl
2026-09-12 23:29:30,106 | INFO | src.storage.jsonl_store | Object saved successfully
2026-09-12 23:29:30,106 | INFO | src.storage.jsonl_store | Saving object to data/processed/chunks.jsonl
2026-09-12 23:29:30,106 | INFO | src.storage.jsonl_store | Object saved successfully
2026-09-12 23:29:30,106 | INFO | src.storage.jsonl_store | Saving object to data/processed/chunks.jsonl
2026-09-12 23:29:30,107 | INFO | src.storage.jsonl_store | Object saved successfully
2026-09-12 23:29:30,107 | INFO | src.storage.jsonl_store | Saving object to data/processed/chunks.jsonl
2026-09-12 23:29:30,107 | INFO | src.storage.jsonl_store | Object saved successfully
2026-09-12 23:29:30,107 | INFO | src.storage.jsonl_store | Saving object to data/processed/chunks.jsonl
2026-09-12 23:29:30,107 | INFO | src.storage.jsonl_store | Object saved successfully
2026-09-12 23:29:30,107 | INFO | src.storage.jsonl_store | Saving object to data/processed/chunks.jsonl
2026-09-12 23:29:30,109 | INFO | src.storage.jsonl_store | Object saved successfully
2026-09-12 23:29:30,109 | INFO | src.storage.jsonl_store | Saving object to data/processed/chunks.jsonl
2026-09-12 23:29:30,109 | INFO | src.storage.jsonl_store | Object saved successfully
2026-09-12 23:29:30,110 | INFO | src.storage.jsonl_store | Saving object to data/processed/chunks.jsonl
2026-09-12 23:29:30,110 | INFO | src.storage.jsonl_store | Object saved successfully
2026-09-12 23:29:30,110 | INFO | src.storage.jsonl_store | Saving object to data/processed/chunks.jsonl
2026-09-12 23:29:30,110 | INFO | src.storage.jsonl_store | Object saved successfully
2026-09-12 23:29:30,110 | INFO | src.storage.jsonl_store | Saving object to data/processed/chunks.jsonl
2026-09-12 23:29:30,111 | INFO | src.storage.jsonl_store | Object saved successfully
2026-09-12 23:29:30,111 | INFO | src.storage.jsonl_store | Saving object to data/processed/chunks.jsonl
2026-09-12 23:29:30,111 | INFO | src.storage.jsonl_store | Object saved successfully
2026-09-12 23:29:30,111 | INFO | src.storage.jsonl_store | Saving object to data/processed/chunks.jsonl
2026-09-12 23:29:30,112 | INFO | src.storage.jsonl_store | Object saved successfully
2026-09-12 23:29:30,112 | INFO | src.storage.jsonl_store | Saving object to data/processed/chunks.jsonl
2026-09-12 23:29:30,113 | INFO | src.storage.jsonl_store | Object saved successfully
2026-09-12 23:29:30,113 | INFO | src.storage.jsonl_store | Saving object to data/processed/chunks.jsonl
2026-09-12 23:29:30,113 | INFO | src.storage.jsonl_store | Object saved successfully
2026-09-12 23:29:30,113 | INFO | src.storage.jsonl_store | Finished saving 16 objects
2026-09-12 23:29:30,113 | INFO | src.pipelines.dataset_pipeline | chunk Length=16
2026-09-12 23:29:30,113 | INFO | src.embedders.embedding_generator | Loading embedding model: all-MiniLM-L6-v2
2026-09-12 23:29:30,113 | INFO | sentence_transformers.base.model | No device provided, using cpu
2026-09-12 23:29:30,336 | INFO | httpx | HTTP Request: HEAD https://huggingface.co/sentence-transformers/all-MiniLM-L6-v2/resolve/main/modules.json "HTTP/1.1 307 Temporary Redirect"
2026-09-12 23:29:30,370 | INFO | httpx | HTTP Request: HEAD https://huggingface.co/api/resolve-cache/models/sentence-transformers/all-MiniLM-L6-v2/1110a243fdf4706b3f48f1d95db1a4f5529b4d41/modules.json "HTTP/1.1 200 OK"
2026-09-12 23:29:30,599 | INFO | httpx | HTTP Request: HEAD https://huggingface.co/sentence-transformers/all-MiniLM-L6-v2/resolve/main/config_sentence_transformers.json "HTTP/1.1 307 Temporary Redirect"
2026-09-12 23:29:30,635 | INFO | httpx | HTTP Request: HEAD https://huggingface.co/api/resolve-cache/models/sentence-transformers/all-MiniLM-L6-v2/1110a243fdf4706b3f48f1d95db1a4f5529b4d41/config_sentence_transformers.json "HTTP/1.1 200 OK"
2026-09-12 23:29:30,647 | INFO | sentence_transformers.base.model | Loading SentenceTransformer model from sentence-transformers/all-MiniLM-L6-v2.
2026-09-12 23:29:30,877 | INFO | httpx | HTTP Request: HEAD https://huggingface.co/sentence-transformers/all-MiniLM-L6-v2/resolve/main/config_sentence_transformers.json "HTTP/1.1 307 Temporary Redirect"
2026-09-12 23:29:30,908 | INFO | httpx | HTTP Request: HEAD https://huggingface.co/api/resolve-cache/models/sentence-transformers/all-MiniLM-L6-v2/1110a243fdf4706b3f48f1d95db1a4f5529b4d41/config_sentence_transformers.json "HTTP/1.1 200 OK"
2026-09-12 23:29:31,137 | INFO | httpx | HTTP Request: HEAD https://huggingface.co/sentence-transformers/all-MiniLM-L6-v2/resolve/main/README.md "HTTP/1.1 307 Temporary Redirect"
2026-09-12 23:29:31,174 | INFO | httpx | HTTP Request: HEAD https://huggingface.co/api/resolve-cache/models/sentence-transformers/all-MiniLM-L6-v2/1110a243fdf4706b3f48f1d95db1a4f5529b4d41/README.md "HTTP/1.1 200 OK"
2026-09-12 23:29:31,408 | INFO | httpx | HTTP Request: HEAD https://huggingface.co/sentence-transformers/all-MiniLM-L6-v2/resolve/main/modules.json "HTTP/1.1 307 Temporary Redirect"
2026-09-12 23:29:31,445 | INFO | httpx | HTTP Request: HEAD https://huggingface.co/api/resolve-cache/models/sentence-transformers/all-MiniLM-L6-v2/1110a243fdf4706b3f48f1d95db1a4f5529b4d41/modules.json "HTTP/1.1 200 OK"
2026-09-12 23:29:31,676 | INFO | httpx | HTTP Request: HEAD https://huggingface.co/sentence-transformers/all-MiniLM-L6-v2/resolve/main/sentence_bert_config.json "HTTP/1.1 307 Temporary Redirect"
2026-09-12 23:29:31,708 | INFO | httpx | HTTP Request: HEAD https://huggingface.co/api/resolve-cache/models/sentence-transformers/all-MiniLM-L6-v2/1110a243fdf4706b3f48f1d95db1a4f5529b4d41/sentence_bert_config.json "HTTP/1.1 200 OK"
2026-09-12 23:29:31,947 | INFO | httpx | HTTP Request: HEAD https://huggingface.co/sentence-transformers/all-MiniLM-L6-v2/resolve/main/adapter_config.json "HTTP/1.1 404 Not Found"
2026-09-12 23:29:32,184 | INFO | httpx | HTTP Request: HEAD https://huggingface.co/sentence-transformers/all-MiniLM-L6-v2/resolve/main/config.json "HTTP/1.1 307 Temporary Redirect"
2026-09-12 23:29:32,217 | INFO | httpx | HTTP Request: HEAD https://huggingface.co/api/resolve-cache/models/sentence-transformers/all-MiniLM-L6-v2/1110a243fdf4706b3f48f1d95db1a4f5529b4d41/config.json "HTTP/1.1 200 OK"
2026-09-12 23:29:32,527 | INFO | httpx | HTTP Request: HEAD https://huggingface.co/sentence-transformers/all-MiniLM-L6-v2/resolve/main/processor_config.json "HTTP/1.1 404 Not Found"
2026-09-12 23:29:32,783 | INFO | httpx | HTTP Request: HEAD https://huggingface.co/sentence-transformers/all-MiniLM-L6-v2/resolve/main/preprocessor_config.json "HTTP/1.1 404 Not Found"
2026-09-12 23:29:33,020 | INFO | httpx | HTTP Request: HEAD https://huggingface.co/sentence-transformers/all-MiniLM-L6-v2/resolve/main/video_preprocessor_config.json "HTTP/1.1 404 Not Found"
2026-09-12 23:29:33,267 | INFO | httpx | HTTP Request: HEAD https://huggingface.co/sentence-transformers/all-MiniLM-L6-v2/resolve/main/preprocessor_config.json "HTTP/1.1 404 Not Found"
2026-09-12 23:29:33,504 | INFO | httpx | HTTP Request: HEAD https://huggingface.co/sentence-transformers/all-MiniLM-L6-v2/resolve/main/tokenizer_config.json "HTTP/1.1 307 Temporary Redirect"
2026-09-12 23:29:33,536 | INFO | httpx | HTTP Request: HEAD https://huggingface.co/api/resolve-cache/models/sentence-transformers/all-MiniLM-L6-v2/1110a243fdf4706b3f48f1d95db1a4f5529b4d41/tokenizer_config.json "HTTP/1.1 200 OK"
2026-09-12 23:29:33,774 | INFO | httpx | HTTP Request: HEAD https://huggingface.co/sentence-transformers/all-MiniLM-L6-v2/resolve/main/config.json "HTTP/1.1 307 Temporary Redirect"
2026-09-12 23:29:33,806 | INFO | httpx | HTTP Request: HEAD https://huggingface.co/api/resolve-cache/models/sentence-transformers/all-MiniLM-L6-v2/1110a243fdf4706b3f48f1d95db1a4f5529b4d41/config.json "HTTP/1.1 200 OK"
2026-09-12 23:29:34,059 | INFO | httpx | HTTP Request: HEAD https://huggingface.co/sentence-transformers/all-MiniLM-L6-v2/resolve/main/config.json "HTTP/1.1 307 Temporary Redirect"
2026-09-12 23:29:34,091 | INFO | httpx | HTTP Request: HEAD https://huggingface.co/api/resolve-cache/models/sentence-transformers/all-MiniLM-L6-v2/1110a243fdf4706b3f48f1d95db1a4f5529b4d41/config.json "HTTP/1.1 200 OK"
2026-09-12 23:29:34,330 | INFO | httpx | HTTP Request: HEAD https://huggingface.co/sentence-transformers/all-MiniLM-L6-v2/resolve/main/tokenizer_config.json "HTTP/1.1 307 Temporary Redirect"
2026-09-12 23:29:34,365 | INFO | httpx | HTTP Request: HEAD https://huggingface.co/api/resolve-cache/models/sentence-transformers/all-MiniLM-L6-v2/1110a243fdf4706b3f48f1d95db1a4f5529b4d41/tokenizer_config.json "HTTP/1.1 200 OK"
2026-09-12 23:29:34,621 | INFO | httpx | HTTP Request: GET https://huggingface.co/api/models/sentence-transformers/all-MiniLM-L6-v2/tree/main/additional_chat_templates?recursive=false&expand=false "HTTP/1.1 404 Not Found"
2026-09-12 23:29:34,870 | INFO | httpx | HTTP Request: GET https://huggingface.co/api/models/sentence-transformers/all-MiniLM-L6-v2/tree/main?recursive=true&expand=false "HTTP/1.1 200 OK"
2026-09-12 23:29:35,172 | INFO | httpx | HTTP Request: HEAD https://huggingface.co/sentence-transformers/all-MiniLM-L6-v2/resolve/main/1_Pooling/config.json "HTTP/1.1 307 Temporary Redirect"
2026-09-12 23:29:35,193 | INFO | httpx | HTTP Request: HEAD https://huggingface.co/api/resolve-cache/models/sentence-transformers/all-MiniLM-L6-v2/1110a243fdf4706b3f48f1d95db1a4f5529b4d41/1_Pooling%2Fconfig.json "HTTP/1.1 200 OK"
2026-09-12 23:29:35,435 | INFO | httpx | HTTP Request: GET https://huggingface.co/api/models/sentence-transformers/all-MiniLM-L6-v2 "HTTP/1.1 200 OK"
2026-09-12 23:29:35,444 | INFO | src.embedders.embedding_generator | Embedding model loaded successfully
2026-09-12 23:29:35,444 | INFO | src.embedders.embedding_generator | Generating embedding for chunk (id=52669038-f8b0-418c-a906-35c938166773_chunk_1)
2026-09-12 23:29:35,654 | INFO | src.storage.jsonl_store | Saving object to data/processed/embeddings.jsonl
2026-09-12 23:29:35,657 | INFO | src.storage.jsonl_store | Object saved successfully
2026-09-12 23:29:35,657 | INFO | src.embedders.embedding_generator | Generating embedding for chunk (id=52669038-f8b0-418c-a906-35c938166773_chunk_2)
2026-09-12 23:29:35,680 | INFO | src.storage.jsonl_store | Saving object to data/processed/embeddings.jsonl
2026-09-12 23:29:35,683 | INFO | src.storage.jsonl_store | Object saved successfully
2026-09-12 23:29:35,685 | INFO | src.embedders.embedding_generator | Generating embedding for chunk (id=52669038-f8b0-418c-a906-35c938166773_chunk_3)
2026-09-12 23:29:35,707 | INFO | src.storage.jsonl_store | Saving object to data/processed/embeddings.jsonl
2026-09-12 23:29:35,712 | INFO | src.storage.jsonl_store | Object saved successfully
2026-09-12 23:29:35,712 | INFO | src.embedders.embedding_generator | Generating embedding for chunk (id=52669038-f8b0-418c-a906-35c938166773_chunk_4)
2026-09-12 23:29:35,739 | INFO | src.storage.jsonl_store | Saving object to data/processed/embeddings.jsonl
2026-09-12 23:29:35,743 | INFO | src.storage.jsonl_store | Object saved successfully
2026-09-12 23:29:35,743 | INFO | src.embedders.embedding_generator | Generating embedding for chunk (id=52669038-f8b0-418c-a906-35c938166773_chunk_5)
2026-09-12 23:29:35,777 | INFO | src.storage.jsonl_store | Saving object to data/processed/embeddings.jsonl
2026-09-12 23:29:35,778 | INFO | src.storage.jsonl_store | Object saved successfully
2026-09-12 23:29:35,778 | INFO | src.embedders.embedding_generator | Generating embedding for chunk (id=52669038-f8b0-418c-a906-35c938166773_chunk_6)
2026-09-12 23:29:35,804 | INFO | src.storage.jsonl_store | Saving object to data/processed/embeddings.jsonl
2026-09-12 23:29:35,804 | INFO | src.storage.jsonl_store | Object saved successfully
2026-09-12 23:29:35,804 | INFO | src.embedders.embedding_generator | Generating embedding for chunk (id=52669038-f8b0-418c-a906-35c938166773_chunk_7)
2026-09-12 23:29:35,832 | INFO | src.storage.jsonl_store | Saving object to data/processed/embeddings.jsonl
2026-09-12 23:29:35,836 | INFO | src.storage.jsonl_store | Object saved successfully
2026-09-12 23:29:35,836 | INFO | src.embedders.embedding_generator | Generating embedding for chunk (id=52669038-f8b0-418c-a906-35c938166773_chunk_8)
2026-09-12 23:29:35,857 | INFO | src.storage.jsonl_store | Saving object to data/processed/embeddings.jsonl
2026-09-12 23:29:35,864 | INFO | src.storage.jsonl_store | Object saved successfully
2026-09-12 23:29:35,864 | INFO | src.embedders.embedding_generator | Generating embedding for chunk (id=52669038-f8b0-418c-a906-35c938166773_chunk_9)
2026-09-12 23:29:35,899 | INFO | src.storage.jsonl_store | Saving object to data/processed/embeddings.jsonl
2026-09-12 23:29:35,902 | INFO | src.storage.jsonl_store | Object saved successfully
2026-09-12 23:29:35,902 | INFO | src.embedders.embedding_generator | Generating embedding for chunk (id=52669038-f8b0-418c-a906-35c938166773_chunk_10)
2026-09-12 23:29:35,933 | INFO | src.storage.jsonl_store | Saving object to data/processed/embeddings.jsonl
2026-09-12 23:29:35,935 | INFO | src.storage.jsonl_store | Object saved successfully
2026-09-12 23:29:35,936 | INFO | src.embedders.embedding_generator | Generating embedding for chunk (id=52669038-f8b0-418c-a906-35c938166773_chunk_11)
2026-09-12 23:29:35,953 | INFO | src.storage.jsonl_store | Saving object to data/processed/embeddings.jsonl
2026-09-12 23:29:35,953 | INFO | src.storage.jsonl_store | Object saved successfully
2026-09-12 23:29:35,953 | INFO | src.embedders.embedding_generator | Generating embedding for chunk (id=52669038-f8b0-418c-a906-35c938166773_chunk_12)
2026-09-12 23:29:35,984 | INFO | src.storage.jsonl_store | Saving object to data/processed/embeddings.jsonl
2026-09-12 23:29:35,984 | INFO | src.storage.jsonl_store | Object saved successfully
2026-09-12 23:29:35,984 | INFO | src.embedders.embedding_generator | Generating embedding for chunk (id=52669038-f8b0-418c-a906-35c938166773_chunk_13)
2026-09-12 23:29:36,018 | INFO | src.storage.jsonl_store | Saving object to data/processed/embeddings.jsonl
2026-09-12 23:29:36,018 | INFO | src.storage.jsonl_store | Object saved successfully
2026-09-12 23:29:36,022 | INFO | src.embedders.embedding_generator | Generating embedding for chunk (id=52669038-f8b0-418c-a906-35c938166773_chunk_14)
2026-09-12 23:29:36,072 | INFO | src.storage.jsonl_store | Saving object to data/processed/embeddings.jsonl
2026-09-12 23:29:36,077 | INFO | src.storage.jsonl_store | Object saved successfully
2026-09-12 23:29:36,078 | INFO | src.embedders.embedding_generator | Generating embedding for chunk (id=52669038-f8b0-418c-a906-35c938166773_chunk_15)
2026-09-12 23:29:36,111 | INFO | src.storage.jsonl_store | Saving object to data/processed/embeddings.jsonl
2026-09-12 23:29:36,113 | INFO | src.storage.jsonl_store | Object saved successfully
2026-09-12 23:29:36,113 | INFO | src.embedders.embedding_generator | Generating embedding for chunk (id=52669038-f8b0-418c-a906-35c938166773_chunk_16)
2026-09-12 23:29:36,135 | INFO | src.storage.jsonl_store | Saving object to data/processed/embeddings.jsonl
2026-09-12 23:29:36,135 | INFO | src.storage.jsonl_store | Object saved successfully
2026-09-12 23:29:36,135 | INFO | src.pipelines.dataset_pipeline | embedding Length=16
2026-09-12 23:29:36,135 | INFO | src.pipelines.dataset_pipeline | Processing URL: https://developer.mozilla.org/en-US/docs/Glossary/Python
2026-09-12 23:29:36,135 | INFO | src.collectors.docs_collector | Collecting document from https://developer.mozilla.org/en-US/docs/Glossary/Python
2026-09-12 23:29:36,308 | INFO | src.collectors.docs_collector | Successfully downloaded page
2026-09-12 23:29:36,681 | INFO | src.collectors.docs_collector | Document created successfully (id=d593ada6-77b0-41c4-8676-fb7edf61e710)
2026-09-12 23:29:36,688 | INFO | src.cleaners.document_cleaner | Cleaning document (id=d593ada6-77b0-41c4-8676-fb7edf61e710)
2026-09-12 23:29:36,696 | INFO | src.cleaners.document_cleaner | Finished cleaning document (id=d593ada6-77b0-41c4-8676-fb7edf61e710)
2026-09-12 23:29:36,696 | INFO | src.validator.document_validator | Validating document (id=d593ada6-77b0-41c4-8676-fb7edf61e710)
2026-09-12 23:29:36,696 | INFO | src.enrichers.document_enricher | Enriching document (id=d593ada6-77b0-41c4-8676-fb7edf61e710)
2026-09-12 23:29:36,696 | INFO | src.enrichers.document_enricher | Enrichment completed (id=d593ada6-77b0-41c4-8676-fb7edf61e710, words=104, chars=705, quality=0.50)
2026-09-12 23:29:36,696 | INFO | src.storage.jsonl_store | Saving object to data/raw/documents.jsonl
2026-09-12 23:29:36,697 | INFO | src.storage.jsonl_store | Object saved successfully
2026-09-12 23:29:36,697 | INFO | src.pipelines.dataset_pipeline | Saved document (id=d593ada6-77b0-41c4-8676-fb7edf61e710, title='Python - Glossary | MDN')
2026-09-12 23:29:36,698 | INFO | src.chunkers.document_chunker | Starting chunking for document (id=d593ada6-77b0-41c4-8676-fb7edf61e710)
2026-09-12 23:29:36,698 | INFO | src.chunkers.document_chunker | Chunking completed (id=d593ada6-77b0-41c4-8676-fb7edf61e710, chunks=4)
2026-09-12 23:29:36,698 | INFO | src.storage.jsonl_store | Saving 4 objects
2026-09-12 23:29:36,698 | INFO | src.storage.jsonl_store | Saving object to data/processed/chunks.jsonl
2026-09-12 23:29:36,699 | INFO | src.storage.jsonl_store | Object saved successfully
2026-09-12 23:29:36,699 | INFO | src.storage.jsonl_store | Saving object to data/processed/chunks.jsonl
2026-09-12 23:29:36,701 | INFO | src.storage.jsonl_store | Object saved successfully
2026-09-12 23:29:36,701 | INFO | src.storage.jsonl_store | Saving object to data/processed/chunks.jsonl
2026-09-12 23:29:36,701 | INFO | src.storage.jsonl_store | Object saved successfully
2026-09-12 23:29:36,703 | INFO | src.storage.jsonl_store | Saving object to data/processed/chunks.jsonl
2026-09-12 23:29:36,703 | INFO | src.storage.jsonl_store | Object saved successfully
2026-09-12 23:29:36,703 | INFO | src.storage.jsonl_store | Finished saving 4 objects
2026-09-12 23:29:36,703 | INFO | src.pipelines.dataset_pipeline | chunk Length=4
2026-09-12 23:29:36,703 | INFO | src.embedders.embedding_generator | Loading embedding model: all-MiniLM-L6-v2
2026-09-12 23:29:36,703 | INFO | sentence_transformers.base.model | No device provided, using cpu
2026-09-12 23:29:36,932 | INFO | httpx | HTTP Request: HEAD https://huggingface.co/sentence-transformers/all-MiniLM-L6-v2/resolve/main/modules.json "HTTP/1.1 307 Temporary Redirect"
2026-09-12 23:29:36,953 | INFO | httpx | HTTP Request: HEAD https://huggingface.co/api/resolve-cache/models/sentence-transformers/all-MiniLM-L6-v2/1110a243fdf4706b3f48f1d95db1a4f5529b4d41/modules.json "HTTP/1.1 200 OK"
2026-09-12 23:29:37,193 | INFO | httpx | HTTP Request: HEAD https://huggingface.co/sentence-transformers/all-MiniLM-L6-v2/resolve/main/config_sentence_transformers.json "HTTP/1.1 307 Temporary Redirect"
2026-09-12 23:29:37,224 | INFO | httpx | HTTP Request: HEAD https://huggingface.co/api/resolve-cache/models/sentence-transformers/all-MiniLM-L6-v2/1110a243fdf4706b3f48f1d95db1a4f5529b4d41/config_sentence_transformers.json "HTTP/1.1 200 OK"
2026-09-12 23:29:37,227 | INFO | sentence_transformers.base.model | Loading SentenceTransformer model from sentence-transformers/all-MiniLM-L6-v2.
2026-09-12 23:29:37,456 | INFO | httpx | HTTP Request: HEAD https://huggingface.co/sentence-transformers/all-MiniLM-L6-v2/resolve/main/config_sentence_transformers.json "HTTP/1.1 307 Temporary Redirect"
2026-09-12 23:29:37,489 | INFO | httpx | HTTP Request: HEAD https://huggingface.co/api/resolve-cache/models/sentence-transformers/all-MiniLM-L6-v2/1110a243fdf4706b3f48f1d95db1a4f5529b4d41/config_sentence_transformers.json "HTTP/1.1 200 OK"
2026-09-12 23:29:37,737 | INFO | httpx | HTTP Request: HEAD https://huggingface.co/sentence-transformers/all-MiniLM-L6-v2/resolve/main/README.md "HTTP/1.1 307 Temporary Redirect"
2026-09-12 23:29:37,768 | INFO | httpx | HTTP Request: HEAD https://huggingface.co/api/resolve-cache/models/sentence-transformers/all-MiniLM-L6-v2/1110a243fdf4706b3f48f1d95db1a4f5529b4d41/README.md "HTTP/1.1 200 OK"
2026-09-12 23:29:38,005 | INFO | httpx | HTTP Request: HEAD https://huggingface.co/sentence-transformers/all-MiniLM-L6-v2/resolve/main/modules.json "HTTP/1.1 307 Temporary Redirect"
2026-09-12 23:29:38,035 | INFO | httpx | HTTP Request: HEAD https://huggingface.co/api/resolve-cache/models/sentence-transformers/all-MiniLM-L6-v2/1110a243fdf4706b3f48f1d95db1a4f5529b4d41/modules.json "HTTP/1.1 200 OK"
2026-09-12 23:29:38,267 | INFO | httpx | HTTP Request: HEAD https://huggingface.co/sentence-transformers/all-MiniLM-L6-v2/resolve/main/sentence_bert_config.json "HTTP/1.1 307 Temporary Redirect"
2026-09-12 23:29:38,303 | INFO | httpx | HTTP Request: HEAD https://huggingface.co/api/resolve-cache/models/sentence-transformers/all-MiniLM-L6-v2/1110a243fdf4706b3f48f1d95db1a4f5529b4d41/sentence_bert_config.json "HTTP/1.1 200 OK"
2026-09-12 23:29:38,544 | INFO | httpx | HTTP Request: HEAD https://huggingface.co/sentence-transformers/all-MiniLM-L6-v2/resolve/main/adapter_config.json "HTTP/1.1 404 Not Found"
2026-09-12 23:29:38,793 | INFO | httpx | HTTP Request: HEAD https://huggingface.co/sentence-transformers/all-MiniLM-L6-v2/resolve/main/config.json "HTTP/1.1 307 Temporary Redirect"
2026-09-12 23:29:38,824 | INFO | httpx | HTTP Request: HEAD https://huggingface.co/api/resolve-cache/models/sentence-transformers/all-MiniLM-L6-v2/1110a243fdf4706b3f48f1d95db1a4f5529b4d41/config.json "HTTP/1.1 200 OK"
2026-09-12 23:29:39,149 | INFO | httpx | HTTP Request: HEAD https://huggingface.co/sentence-transformers/all-MiniLM-L6-v2/resolve/main/processor_config.json "HTTP/1.1 404 Not Found"
2026-09-12 23:29:39,373 | INFO | httpx | HTTP Request: HEAD https://huggingface.co/sentence-transformers/all-MiniLM-L6-v2/resolve/main/preprocessor_config.json "HTTP/1.1 404 Not Found"
2026-09-12 23:29:39,619 | INFO | httpx | HTTP Request: HEAD https://huggingface.co/sentence-transformers/all-MiniLM-L6-v2/resolve/main/video_preprocessor_config.json "HTTP/1.1 404 Not Found"
2026-09-12 23:29:39,853 | INFO | httpx | HTTP Request: HEAD https://huggingface.co/sentence-transformers/all-MiniLM-L6-v2/resolve/main/preprocessor_config.json "HTTP/1.1 404 Not Found"
2026-09-12 23:29:40,093 | INFO | httpx | HTTP Request: HEAD https://huggingface.co/sentence-transformers/all-MiniLM-L6-v2/resolve/main/tokenizer_config.json "HTTP/1.1 307 Temporary Redirect"
2026-09-12 23:29:40,131 | INFO | httpx | HTTP Request: HEAD https://huggingface.co/api/resolve-cache/models/sentence-transformers/all-MiniLM-L6-v2/1110a243fdf4706b3f48f1d95db1a4f5529b4d41/tokenizer_config.json "HTTP/1.1 200 OK"
2026-09-12 23:29:40,368 | INFO | httpx | HTTP Request: HEAD https://huggingface.co/sentence-transformers/all-MiniLM-L6-v2/resolve/main/config.json "HTTP/1.1 307 Temporary Redirect"
2026-09-12 23:29:40,403 | INFO | httpx | HTTP Request: HEAD https://huggingface.co/api/resolve-cache/models/sentence-transformers/all-MiniLM-L6-v2/1110a243fdf4706b3f48f1d95db1a4f5529b4d41/config.json "HTTP/1.1 200 OK"
2026-09-12 23:29:40,635 | INFO | httpx | HTTP Request: HEAD https://huggingface.co/sentence-transformers/all-MiniLM-L6-v2/resolve/main/config.json "HTTP/1.1 307 Temporary Redirect"
2026-09-12 23:29:40,669 | INFO | httpx | HTTP Request: HEAD https://huggingface.co/api/resolve-cache/models/sentence-transformers/all-MiniLM-L6-v2/1110a243fdf4706b3f48f1d95db1a4f5529b4d41/config.json "HTTP/1.1 200 OK"
2026-09-12 23:29:40,923 | INFO | httpx | HTTP Request: HEAD https://huggingface.co/sentence-transformers/all-MiniLM-L6-v2/resolve/main/tokenizer_config.json "HTTP/1.1 307 Temporary Redirect"
2026-09-12 23:29:40,956 | INFO | httpx | HTTP Request: HEAD https://huggingface.co/api/resolve-cache/models/sentence-transformers/all-MiniLM-L6-v2/1110a243fdf4706b3f48f1d95db1a4f5529b4d41/tokenizer_config.json "HTTP/1.1 200 OK"
2026-09-12 23:29:41,204 | INFO | httpx | HTTP Request: GET https://huggingface.co/api/models/sentence-transformers/all-MiniLM-L6-v2/tree/main/additional_chat_templates?recursive=false&expand=false "HTTP/1.1 404 Not Found"
2026-09-12 23:29:41,443 | INFO | httpx | HTTP Request: GET https://huggingface.co/api/models/sentence-transformers/all-MiniLM-L6-v2/tree/main?recursive=true&expand=false "HTTP/1.1 200 OK"
2026-09-12 23:29:41,769 | INFO | httpx | HTTP Request: HEAD https://huggingface.co/sentence-transformers/all-MiniLM-L6-v2/resolve/main/1_Pooling/config.json "HTTP/1.1 307 Temporary Redirect"
2026-09-12 23:29:41,803 | INFO | httpx | HTTP Request: HEAD https://huggingface.co/api/resolve-cache/models/sentence-transformers/all-MiniLM-L6-v2/1110a243fdf4706b3f48f1d95db1a4f5529b4d41/1_Pooling%2Fconfig.json "HTTP/1.1 200 OK"
2026-09-12 23:29:42,041 | INFO | httpx | HTTP Request: GET https://huggingface.co/api/models/sentence-transformers/all-MiniLM-L6-v2 "HTTP/1.1 200 OK"
2026-09-12 23:29:42,045 | INFO | src.embedders.embedding_generator | Embedding model loaded successfully
2026-09-12 23:29:42,045 | INFO | src.embedders.embedding_generator | Generating embedding for chunk (id=d593ada6-77b0-41c4-8676-fb7edf61e710_chunk_1)
2026-09-12 23:29:42,087 | INFO | src.storage.jsonl_store | Saving object to data/processed/embeddings.jsonl
2026-09-12 23:29:42,088 | INFO | src.storage.jsonl_store | Object saved successfully
2026-09-12 23:29:42,088 | INFO | src.embedders.embedding_generator | Generating embedding for chunk (id=d593ada6-77b0-41c4-8676-fb7edf61e710_chunk_2)
2026-09-12 23:29:42,112 | INFO | src.storage.jsonl_store | Saving object to data/processed/embeddings.jsonl
2026-09-12 23:29:42,114 | INFO | src.storage.jsonl_store | Object saved successfully
2026-09-12 23:29:42,114 | INFO | src.embedders.embedding_generator | Generating embedding for chunk (id=d593ada6-77b0-41c4-8676-fb7edf61e710_chunk_3)
2026-09-12 23:29:42,144 | INFO | src.storage.jsonl_store | Saving object to data/processed/embeddings.jsonl
2026-09-12 23:29:42,145 | INFO | src.storage.jsonl_store | Object saved successfully
2026-09-12 23:29:42,146 | INFO | src.embedders.embedding_generator | Generating embedding for chunk (id=d593ada6-77b0-41c4-8676-fb7edf61e710_chunk_4)
2026-09-12 23:29:42,169 | INFO | src.storage.jsonl_store | Saving object to data/processed/embeddings.jsonl
2026-09-12 23:29:42,171 | INFO | src.storage.jsonl_store | Object saved successfully
2026-09-12 23:29:42,171 | INFO | src.pipelines.dataset_pipeline | embedding Length=4
2026-09-12 23:29:42,171 | INFO | src.pipelines.dataset_pipeline | Processing URL: https://codehs.com/textbook/intropython_textbook/
2026-09-12 23:29:42,171 | INFO | src.collectors.docs_collector | Collecting document from https://codehs.com/textbook/intropython_textbook/
2026-09-12 23:29:42,764 | INFO | src.collectors.docs_collector | Successfully downloaded page
2026-09-12 23:29:42,845 | INFO | src.collectors.docs_collector | Document created successfully (id=1f728121-1669-4c7d-a389-0c9f6d99d1b3)
2026-09-12 23:29:42,847 | INFO | src.cleaners.document_cleaner | Cleaning document (id=1f728121-1669-4c7d-a389-0c9f6d99d1b3)
2026-09-12 23:29:42,847 | INFO | src.cleaners.document_cleaner | Finished cleaning document (id=1f728121-1669-4c7d-a389-0c9f6d99d1b3)
2026-09-12 23:29:42,848 | INFO | src.validator.document_validator | Validating document (id=1f728121-1669-4c7d-a389-0c9f6d99d1b3)
2026-09-12 23:29:42,848 | INFO | src.enrichers.document_enricher | Enriching document (id=1f728121-1669-4c7d-a389-0c9f6d99d1b3)
2026-09-12 23:29:42,848 | INFO | src.enrichers.document_enricher | Enrichment completed (id=1f728121-1669-4c7d-a389-0c9f6d99d1b3, words=45, chars=275, quality=0.50)
2026-09-12 23:29:42,848 | INFO | src.storage.jsonl_store | Saving object to data/raw/documents.jsonl
2026-09-12 23:29:42,849 | INFO | src.storage.jsonl_store | Object saved successfully
2026-09-12 23:29:42,849 | INFO | src.pipelines.dataset_pipeline | Saved document (id=1f728121-1669-4c7d-a389-0c9f6d99d1b3, title='Textbook: Intro to Python Textbook | CodeHS')
2026-09-12 23:29:42,849 | INFO | src.chunkers.document_chunker | Starting chunking for document (id=1f728121-1669-4c7d-a389-0c9f6d99d1b3)
2026-09-12 23:29:42,849 | INFO | src.chunkers.document_chunker | Chunking completed (id=1f728121-1669-4c7d-a389-0c9f6d99d1b3, chunks=2)
2026-09-12 23:29:42,849 | INFO | src.storage.jsonl_store | Saving 2 objects
2026-09-12 23:29:42,850 | INFO | src.storage.jsonl_store | Saving object to data/processed/chunks.jsonl
2026-09-12 23:29:42,851 | INFO | src.storage.jsonl_store | Object saved successfully
2026-09-12 23:29:42,851 | INFO | src.storage.jsonl_store | Saving object to data/processed/chunks.jsonl
2026-09-12 23:29:42,852 | INFO | src.storage.jsonl_store | Object saved successfully
2026-09-12 23:29:42,852 | INFO | src.storage.jsonl_store | Finished saving 2 objects
2026-09-12 23:29:42,852 | INFO | src.pipelines.dataset_pipeline | chunk Length=2
2026-09-12 23:29:42,852 | INFO | src.embedders.embedding_generator | Loading embedding model: all-MiniLM-L6-v2
2026-09-12 23:29:42,855 | INFO | sentence_transformers.base.model | No device provided, using cpu
2026-09-12 23:29:43,082 | INFO | httpx | HTTP Request: HEAD https://huggingface.co/sentence-transformers/all-MiniLM-L6-v2/resolve/main/modules.json "HTTP/1.1 307 Temporary Redirect"
2026-09-12 23:29:43,113 | INFO | httpx | HTTP Request: HEAD https://huggingface.co/api/resolve-cache/models/sentence-transformers/all-MiniLM-L6-v2/1110a243fdf4706b3f48f1d95db1a4f5529b4d41/modules.json "HTTP/1.1 200 OK"
2026-09-12 23:29:43,357 | INFO | httpx | HTTP Request: HEAD https://huggingface.co/sentence-transformers/all-MiniLM-L6-v2/resolve/main/config_sentence_transformers.json "HTTP/1.1 307 Temporary Redirect"
2026-09-12 23:29:43,389 | INFO | httpx | HTTP Request: HEAD https://huggingface.co/api/resolve-cache/models/sentence-transformers/all-MiniLM-L6-v2/1110a243fdf4706b3f48f1d95db1a4f5529b4d41/config_sentence_transformers.json "HTTP/1.1 200 OK"
2026-09-12 23:29:43,393 | INFO | sentence_transformers.base.model | Loading SentenceTransformer model from sentence-transformers/all-MiniLM-L6-v2.
2026-09-12 23:29:43,619 | INFO | httpx | HTTP Request: HEAD https://huggingface.co/sentence-transformers/all-MiniLM-L6-v2/resolve/main/config_sentence_transformers.json "HTTP/1.1 307 Temporary Redirect"
2026-09-12 23:29:43,650 | INFO | httpx | HTTP Request: HEAD https://huggingface.co/api/resolve-cache/models/sentence-transformers/all-MiniLM-L6-v2/1110a243fdf4706b3f48f1d95db1a4f5529b4d41/config_sentence_transformers.json "HTTP/1.1 200 OK"
2026-09-12 23:29:43,878 | INFO | httpx | HTTP Request: HEAD https://huggingface.co/sentence-transformers/all-MiniLM-L6-v2/resolve/main/README.md "HTTP/1.1 307 Temporary Redirect"
2026-09-12 23:29:43,919 | INFO | httpx | HTTP Request: HEAD https://huggingface.co/api/resolve-cache/models/sentence-transformers/all-MiniLM-L6-v2/1110a243fdf4706b3f48f1d95db1a4f5529b4d41/README.md "HTTP/1.1 200 OK"
2026-09-12 23:29:44,154 | INFO | httpx | HTTP Request: HEAD https://huggingface.co/sentence-transformers/all-MiniLM-L6-v2/resolve/main/modules.json "HTTP/1.1 307 Temporary Redirect"
2026-09-12 23:29:44,221 | INFO | httpx | HTTP Request: HEAD https://huggingface.co/api/resolve-cache/models/sentence-transformers/all-MiniLM-L6-v2/1110a243fdf4706b3f48f1d95db1a4f5529b4d41/modules.json "HTTP/1.1 200 OK"
2026-09-12 23:29:44,450 | INFO | httpx | HTTP Request: HEAD https://huggingface.co/sentence-transformers/all-MiniLM-L6-v2/resolve/main/sentence_bert_config.json "HTTP/1.1 307 Temporary Redirect"
2026-09-12 23:29:44,483 | INFO | httpx | HTTP Request: HEAD https://huggingface.co/api/resolve-cache/models/sentence-transformers/all-MiniLM-L6-v2/1110a243fdf4706b3f48f1d95db1a4f5529b4d41/sentence_bert_config.json "HTTP/1.1 200 OK"
2026-09-12 23:29:44,757 | INFO | httpx | HTTP Request: HEAD https://huggingface.co/sentence-transformers/all-MiniLM-L6-v2/resolve/main/adapter_config.json "HTTP/1.1 404 Not Found"
2026-09-12 23:29:44,985 | INFO | httpx | HTTP Request: HEAD https://huggingface.co/sentence-transformers/all-MiniLM-L6-v2/resolve/main/config.json "HTTP/1.1 307 Temporary Redirect"
2026-09-12 23:29:45,028 | INFO | httpx | HTTP Request: HEAD https://huggingface.co/api/resolve-cache/models/sentence-transformers/all-MiniLM-L6-v2/1110a243fdf4706b3f48f1d95db1a4f5529b4d41/config.json "HTTP/1.1 200 OK"
2026-09-12 23:29:45,330 | INFO | httpx | HTTP Request: HEAD https://huggingface.co/sentence-transformers/all-MiniLM-L6-v2/resolve/main/processor_config.json "HTTP/1.1 404 Not Found"
2026-09-12 23:29:45,563 | INFO | httpx | HTTP Request: HEAD https://huggingface.co/sentence-transformers/all-MiniLM-L6-v2/resolve/main/preprocessor_config.json "HTTP/1.1 404 Not Found"
2026-09-12 23:29:45,800 | INFO | httpx | HTTP Request: HEAD https://huggingface.co/sentence-transformers/all-MiniLM-L6-v2/resolve/main/video_preprocessor_config.json "HTTP/1.1 404 Not Found"
2026-09-12 23:29:46,035 | INFO | httpx | HTTP Request: HEAD https://huggingface.co/sentence-transformers/all-MiniLM-L6-v2/resolve/main/preprocessor_config.json "HTTP/1.1 404 Not Found"
2026-09-12 23:29:46,265 | INFO | httpx | HTTP Request: HEAD https://huggingface.co/sentence-transformers/all-MiniLM-L6-v2/resolve/main/tokenizer_config.json "HTTP/1.1 307 Temporary Redirect"
2026-09-12 23:29:46,307 | INFO | httpx | HTTP Request: HEAD https://huggingface.co/api/resolve-cache/models/sentence-transformers/all-MiniLM-L6-v2/1110a243fdf4706b3f48f1d95db1a4f5529b4d41/tokenizer_config.json "HTTP/1.1 200 OK"
2026-09-12 23:29:46,549 | INFO | httpx | HTTP Request: HEAD https://huggingface.co/sentence-transformers/all-MiniLM-L6-v2/resolve/main/config.json "HTTP/1.1 307 Temporary Redirect"
2026-09-12 23:29:46,580 | INFO | httpx | HTTP Request: HEAD https://huggingface.co/api/resolve-cache/models/sentence-transformers/all-MiniLM-L6-v2/1110a243fdf4706b3f48f1d95db1a4f5529b4d41/config.json "HTTP/1.1 200 OK"
2026-09-12 23:29:46,814 | INFO | httpx | HTTP Request: HEAD https://huggingface.co/sentence-transformers/all-MiniLM-L6-v2/resolve/main/config.json "HTTP/1.1 307 Temporary Redirect"
2026-09-12 23:29:46,844 | INFO | httpx | HTTP Request: HEAD https://huggingface.co/api/resolve-cache/models/sentence-transformers/all-MiniLM-L6-v2/1110a243fdf4706b3f48f1d95db1a4f5529b4d41/config.json "HTTP/1.1 200 OK"
2026-09-12 23:29:47,075 | INFO | httpx | HTTP Request: HEAD https://huggingface.co/sentence-transformers/all-MiniLM-L6-v2/resolve/main/tokenizer_config.json "HTTP/1.1 307 Temporary Redirect"
2026-09-12 23:29:47,118 | INFO | httpx | HTTP Request: HEAD https://huggingface.co/api/resolve-cache/models/sentence-transformers/all-MiniLM-L6-v2/1110a243fdf4706b3f48f1d95db1a4f5529b4d41/tokenizer_config.json "HTTP/1.1 200 OK"
2026-09-12 23:29:47,434 | INFO | httpx | HTTP Request: GET https://huggingface.co/api/models/sentence-transformers/all-MiniLM-L6-v2/tree/main/additional_chat_templates?recursive=false&expand=false "HTTP/1.1 404 Not Found"
2026-09-12 23:29:47,693 | INFO | httpx | HTTP Request: GET https://huggingface.co/api/models/sentence-transformers/all-MiniLM-L6-v2/tree/main?recursive=true&expand=false "HTTP/1.1 200 OK"
2026-09-12 23:29:47,983 | INFO | httpx | HTTP Request: HEAD https://huggingface.co/sentence-transformers/all-MiniLM-L6-v2/resolve/main/1_Pooling/config.json "HTTP/1.1 307 Temporary Redirect"
2026-09-12 23:29:48,017 | INFO | httpx | HTTP Request: HEAD https://huggingface.co/api/resolve-cache/models/sentence-transformers/all-MiniLM-L6-v2/1110a243fdf4706b3f48f1d95db1a4f5529b4d41/1_Pooling%2Fconfig.json "HTTP/1.1 200 OK"
2026-09-12 23:29:48,256 | INFO | httpx | HTTP Request: GET https://huggingface.co/api/models/sentence-transformers/all-MiniLM-L6-v2 "HTTP/1.1 200 OK"
2026-09-12 23:29:48,264 | INFO | src.embedders.embedding_generator | Embedding model loaded successfully
2026-09-12 23:29:48,264 | INFO | src.embedders.embedding_generator | Generating embedding for chunk (id=1f728121-1669-4c7d-a389-0c9f6d99d1b3_chunk_1)
2026-09-12 23:29:48,327 | INFO | src.storage.jsonl_store | Saving object to data/processed/embeddings.jsonl
2026-09-12 23:29:48,329 | INFO | src.storage.jsonl_store | Object saved successfully
2026-09-12 23:29:48,329 | INFO | src.embedders.embedding_generator | Generating embedding for chunk (id=1f728121-1669-4c7d-a389-0c9f6d99d1b3_chunk_2)
2026-09-12 23:29:48,352 | INFO | src.storage.jsonl_store | Saving object to data/processed/embeddings.jsonl
2026-09-12 23:29:48,353 | INFO | src.storage.jsonl_store | Object saved successfully
2026-09-12 23:29:48,353 | INFO | src.pipelines.dataset_pipeline | embedding Length=2
2026-09-12 23:29:48,353 | INFO | src.pipelines.dataset_pipeline | Processing URL: https://coddy.tech/docs/python/input-and-print
2026-09-12 23:29:48,353 | INFO | src.collectors.docs_collector | Collecting document from https://coddy.tech/docs/python/input-and-print
2026-09-12 23:29:48,450 | INFO | src.collectors.docs_collector | Successfully downloaded page
2026-09-12 23:29:48,503 | INFO | src.collectors.docs_collector | Document created successfully (id=07514aac-4b4a-4ac8-a437-00028de65de4)
2026-09-12 23:29:48,503 | INFO | src.cleaners.document_cleaner | Cleaning document (id=07514aac-4b4a-4ac8-a437-00028de65de4)
2026-09-12 23:29:48,512 | INFO | src.cleaners.document_cleaner | Finished cleaning document (id=07514aac-4b4a-4ac8-a437-00028de65de4)
2026-09-12 23:29:48,512 | INFO | src.validator.document_validator | Validating document (id=07514aac-4b4a-4ac8-a437-00028de65de4)
2026-09-12 23:29:48,512 | INFO | src.enrichers.document_enricher | Enriching document (id=07514aac-4b4a-4ac8-a437-00028de65de4)
2026-09-12 23:29:48,512 | INFO | src.enrichers.document_enricher | Enrichment completed (id=07514aac-4b4a-4ac8-a437-00028de65de4, words=629, chars=3601, quality=1.00)
2026-09-12 23:29:48,512 | INFO | src.storage.jsonl_store | Saving object to data/raw/documents.jsonl
2026-09-12 23:29:48,513 | INFO | src.storage.jsonl_store | Object saved successfully
2026-09-12 23:29:48,513 | INFO | src.pipelines.dataset_pipeline | Saved document (id=07514aac-4b4a-4ac8-a437-00028de65de4, title='Runnable Python Docs: Input & Print | Coddy')
2026-09-12 23:29:48,513 | INFO | src.chunkers.document_chunker | Starting chunking for document (id=07514aac-4b4a-4ac8-a437-00028de65de4)
2026-09-12 23:29:48,513 | INFO | src.chunkers.document_chunker | Chunking completed (id=07514aac-4b4a-4ac8-a437-00028de65de4, chunks=19)
2026-09-12 23:29:48,513 | INFO | src.storage.jsonl_store | Saving 19 objects
2026-09-12 23:29:48,513 | INFO | src.storage.jsonl_store | Saving object to data/processed/chunks.jsonl
2026-09-12 23:29:48,513 | INFO | src.storage.jsonl_store | Object saved successfully
2026-09-12 23:29:48,513 | INFO | src.storage.jsonl_store | Saving object to data/processed/chunks.jsonl
2026-09-12 23:29:48,516 | INFO | src.storage.jsonl_store | Object saved successfully
2026-09-12 23:29:48,516 | INFO | src.storage.jsonl_store | Saving object to data/processed/chunks.jsonl
2026-09-12 23:29:48,517 | INFO | src.storage.jsonl_store | Object saved successfully
2026-09-12 23:29:48,518 | INFO | src.storage.jsonl_store | Saving object to data/processed/chunks.jsonl
2026-09-12 23:29:48,519 | INFO | src.storage.jsonl_store | Object saved successfully
2026-09-12 23:29:48,519 | INFO | src.storage.jsonl_store | Saving object to data/processed/chunks.jsonl
2026-09-12 23:29:48,520 | INFO | src.storage.jsonl_store | Object saved successfully
2026-09-12 23:29:48,520 | INFO | src.storage.jsonl_store | Saving object to data/processed/chunks.jsonl
2026-09-12 23:29:48,520 | INFO | src.storage.jsonl_store | Object saved successfully
2026-09-12 23:29:48,520 | INFO | src.storage.jsonl_store | Saving object to data/processed/chunks.jsonl
2026-09-12 23:29:48,520 | INFO | src.storage.jsonl_store | Object saved successfully
2026-09-12 23:29:48,520 | INFO | src.storage.jsonl_store | Saving object to data/processed/chunks.jsonl
2026-09-12 23:29:48,522 | INFO | src.storage.jsonl_store | Object saved successfully
2026-09-12 23:29:48,522 | INFO | src.storage.jsonl_store | Saving object to data/processed/chunks.jsonl
2026-09-12 23:29:48,523 | INFO | src.storage.jsonl_store | Object saved successfully
2026-09-12 23:29:48,524 | INFO | src.storage.jsonl_store | Saving object to data/processed/chunks.jsonl
2026-09-12 23:29:48,525 | INFO | src.storage.jsonl_store | Object saved successfully
2026-09-12 23:29:48,525 | INFO | src.storage.jsonl_store | Saving object to data/processed/chunks.jsonl
2026-09-12 23:29:48,526 | INFO | src.storage.jsonl_store | Object saved successfully
2026-09-12 23:29:48,526 | INFO | src.storage.jsonl_store | Saving object to data/processed/chunks.jsonl
2026-09-12 23:29:48,526 | INFO | src.storage.jsonl_store | Object saved successfully
2026-09-12 23:29:48,527 | INFO | src.storage.jsonl_store | Saving object to data/processed/chunks.jsonl
2026-09-12 23:29:48,527 | INFO | src.storage.jsonl_store | Object saved successfully
2026-09-12 23:29:48,527 | INFO | src.storage.jsonl_store | Saving object to data/processed/chunks.jsonl
2026-09-12 23:29:48,527 | INFO | src.storage.jsonl_store | Object saved successfully
2026-09-12 23:29:48,528 | INFO | src.storage.jsonl_store | Saving object to data/processed/chunks.jsonl
2026-09-12 23:29:48,528 | INFO | src.storage.jsonl_store | Object saved successfully
2026-09-12 23:29:48,528 | INFO | src.storage.jsonl_store | Saving object to data/processed/chunks.jsonl
2026-09-12 23:29:48,528 | INFO | src.storage.jsonl_store | Object saved successfully
2026-09-12 23:29:48,528 | INFO | src.storage.jsonl_store | Saving object to data/processed/chunks.jsonl
2026-09-12 23:29:48,530 | INFO | src.storage.jsonl_store | Object saved successfully
2026-09-12 23:29:48,530 | INFO | src.storage.jsonl_store | Saving object to data/processed/chunks.jsonl
2026-09-12 23:29:48,530 | INFO | src.storage.jsonl_store | Object saved successfully
2026-09-12 23:29:48,530 | INFO | src.storage.jsonl_store | Saving object to data/processed/chunks.jsonl
2026-09-12 23:29:48,531 | INFO | src.storage.jsonl_store | Object saved successfully
2026-09-12 23:29:48,531 | INFO | src.storage.jsonl_store | Finished saving 19 objects
2026-09-12 23:29:48,531 | INFO | src.pipelines.dataset_pipeline | chunk Length=19
2026-09-12 23:29:48,531 | INFO | src.embedders.embedding_generator | Loading embedding model: all-MiniLM-L6-v2
2026-09-12 23:29:48,532 | INFO | sentence_transformers.base.model | No device provided, using cpu
2026-09-12 23:29:48,757 | INFO | httpx | HTTP Request: HEAD https://huggingface.co/sentence-transformers/all-MiniLM-L6-v2/resolve/main/modules.json "HTTP/1.1 307 Temporary Redirect"
2026-09-12 23:29:48,791 | INFO | httpx | HTTP Request: HEAD https://huggingface.co/api/resolve-cache/models/sentence-transformers/all-MiniLM-L6-v2/1110a243fdf4706b3f48f1d95db1a4f5529b4d41/modules.json "HTTP/1.1 200 OK"
2026-09-12 23:29:49,032 | INFO | httpx | HTTP Request: HEAD https://huggingface.co/sentence-transformers/all-MiniLM-L6-v2/resolve/main/config_sentence_transformers.json "HTTP/1.1 307 Temporary Redirect"
2026-09-12 23:29:49,064 | INFO | httpx | HTTP Request: HEAD https://huggingface.co/api/resolve-cache/models/sentence-transformers/all-MiniLM-L6-v2/1110a243fdf4706b3f48f1d95db1a4f5529b4d41/config_sentence_transformers.json "HTTP/1.1 200 OK"
2026-09-12 23:29:49,069 | INFO | sentence_transformers.base.model | Loading SentenceTransformer model from sentence-transformers/all-MiniLM-L6-v2.
2026-09-12 23:29:49,300 | INFO | httpx | HTTP Request: HEAD https://huggingface.co/sentence-transformers/all-MiniLM-L6-v2/resolve/main/config_sentence_transformers.json "HTTP/1.1 307 Temporary Redirect"
2026-09-12 23:29:49,334 | INFO | httpx | HTTP Request: HEAD https://huggingface.co/api/resolve-cache/models/sentence-transformers/all-MiniLM-L6-v2/1110a243fdf4706b3f48f1d95db1a4f5529b4d41/config_sentence_transformers.json "HTTP/1.1 200 OK"
2026-09-12 23:29:49,586 | INFO | httpx | HTTP Request: HEAD https://huggingface.co/sentence-transformers/all-MiniLM-L6-v2/resolve/main/README.md "HTTP/1.1 307 Temporary Redirect"
2026-09-12 23:29:49,617 | INFO | httpx | HTTP Request: HEAD https://huggingface.co/api/resolve-cache/models/sentence-transformers/all-MiniLM-L6-v2/1110a243fdf4706b3f48f1d95db1a4f5529b4d41/README.md "HTTP/1.1 200 OK"
2026-09-12 23:29:49,848 | INFO | httpx | HTTP Request: HEAD https://huggingface.co/sentence-transformers/all-MiniLM-L6-v2/resolve/main/modules.json "HTTP/1.1 307 Temporary Redirect"
2026-09-12 23:29:49,880 | INFO | httpx | HTTP Request: HEAD https://huggingface.co/api/resolve-cache/models/sentence-transformers/all-MiniLM-L6-v2/1110a243fdf4706b3f48f1d95db1a4f5529b4d41/modules.json "HTTP/1.1 200 OK"
2026-09-12 23:29:50,116 | INFO | httpx | HTTP Request: HEAD https://huggingface.co/sentence-transformers/all-MiniLM-L6-v2/resolve/main/sentence_bert_config.json "HTTP/1.1 307 Temporary Redirect"
2026-09-12 23:29:50,152 | INFO | httpx | HTTP Request: HEAD https://huggingface.co/api/resolve-cache/models/sentence-transformers/all-MiniLM-L6-v2/1110a243fdf4706b3f48f1d95db1a4f5529b4d41/sentence_bert_config.json "HTTP/1.1 200 OK"
2026-09-12 23:29:50,392 | INFO | httpx | HTTP Request: HEAD https://huggingface.co/sentence-transformers/all-MiniLM-L6-v2/resolve/main/adapter_config.json "HTTP/1.1 404 Not Found"
2026-09-12 23:29:50,626 | INFO | httpx | HTTP Request: HEAD https://huggingface.co/sentence-transformers/all-MiniLM-L6-v2/resolve/main/config.json "HTTP/1.1 307 Temporary Redirect"
2026-09-12 23:29:50,657 | INFO | httpx | HTTP Request: HEAD https://huggingface.co/api/resolve-cache/models/sentence-transformers/all-MiniLM-L6-v2/1110a243fdf4706b3f48f1d95db1a4f5529b4d41/config.json "HTTP/1.1 200 OK"
2026-09-12 23:29:50,966 | INFO | httpx | HTTP Request: HEAD https://huggingface.co/sentence-transformers/all-MiniLM-L6-v2/resolve/main/processor_config.json "HTTP/1.1 404 Not Found"
2026-09-12 23:29:51,202 | INFO | httpx | HTTP Request: HEAD https://huggingface.co/sentence-transformers/all-MiniLM-L6-v2/resolve/main/preprocessor_config.json "HTTP/1.1 404 Not Found"
2026-09-12 23:29:51,434 | INFO | httpx | HTTP Request: HEAD https://huggingface.co/sentence-transformers/all-MiniLM-L6-v2/resolve/main/video_preprocessor_config.json "HTTP/1.1 404 Not Found"
2026-09-12 23:29:51,678 | INFO | httpx | HTTP Request: HEAD https://huggingface.co/sentence-transformers/all-MiniLM-L6-v2/resolve/main/preprocessor_config.json "HTTP/1.1 404 Not Found"
2026-09-12 23:29:51,924 | INFO | httpx | HTTP Request: HEAD https://huggingface.co/sentence-transformers/all-MiniLM-L6-v2/resolve/main/tokenizer_config.json "HTTP/1.1 307 Temporary Redirect"
2026-09-12 23:29:51,968 | INFO | httpx | HTTP Request: HEAD https://huggingface.co/api/resolve-cache/models/sentence-transformers/all-MiniLM-L6-v2/1110a243fdf4706b3f48f1d95db1a4f5529b4d41/tokenizer_config.json "HTTP/1.1 200 OK"
2026-09-12 23:29:52,206 | INFO | httpx | HTTP Request: HEAD https://huggingface.co/sentence-transformers/all-MiniLM-L6-v2/resolve/main/config.json "HTTP/1.1 307 Temporary Redirect"
2026-09-12 23:29:52,254 | INFO | httpx | HTTP Request: HEAD https://huggingface.co/api/resolve-cache/models/sentence-transformers/all-MiniLM-L6-v2/1110a243fdf4706b3f48f1d95db1a4f5529b4d41/config.json "HTTP/1.1 200 OK"
2026-09-12 23:29:52,487 | INFO | httpx | HTTP Request: HEAD https://huggingface.co/sentence-transformers/all-MiniLM-L6-v2/resolve/main/config.json "HTTP/1.1 307 Temporary Redirect"
2026-09-12 23:29:52,521 | INFO | httpx | HTTP Request: HEAD https://huggingface.co/api/resolve-cache/models/sentence-transformers/all-MiniLM-L6-v2/1110a243fdf4706b3f48f1d95db1a4f5529b4d41/config.json "HTTP/1.1 200 OK"
2026-09-12 23:29:52,757 | INFO | httpx | HTTP Request: HEAD https://huggingface.co/sentence-transformers/all-MiniLM-L6-v2/resolve/main/tokenizer_config.json "HTTP/1.1 307 Temporary Redirect"
2026-09-12 23:29:52,787 | INFO | httpx | HTTP Request: HEAD https://huggingface.co/api/resolve-cache/models/sentence-transformers/all-MiniLM-L6-v2/1110a243fdf4706b3f48f1d95db1a4f5529b4d41/tokenizer_config.json "HTTP/1.1 200 OK"
2026-09-12 23:29:53,029 | INFO | httpx | HTTP Request: GET https://huggingface.co/api/models/sentence-transformers/all-MiniLM-L6-v2/tree/main/additional_chat_templates?recursive=false&expand=false "HTTP/1.1 404 Not Found"
2026-09-12 23:29:53,309 | INFO | httpx | HTTP Request: GET https://huggingface.co/api/models/sentence-transformers/all-MiniLM-L6-v2/tree/main?recursive=true&expand=false "HTTP/1.1 200 OK"
2026-09-12 23:29:53,666 | INFO | httpx | HTTP Request: HEAD https://huggingface.co/sentence-transformers/all-MiniLM-L6-v2/resolve/main/1_Pooling/config.json "HTTP/1.1 307 Temporary Redirect"
2026-09-12 23:29:53,702 | INFO | httpx | HTTP Request: HEAD https://huggingface.co/api/resolve-cache/models/sentence-transformers/all-MiniLM-L6-v2/1110a243fdf4706b3f48f1d95db1a4f5529b4d41/1_Pooling%2Fconfig.json "HTTP/1.1 200 OK"
2026-09-12 23:29:53,947 | INFO | httpx | HTTP Request: GET https://huggingface.co/api/models/sentence-transformers/all-MiniLM-L6-v2 "HTTP/1.1 200 OK"
2026-09-12 23:29:53,947 | INFO | src.embedders.embedding_generator | Embedding model loaded successfully
2026-09-12 23:29:53,947 | INFO | src.embedders.embedding_generator | Generating embedding for chunk (id=07514aac-4b4a-4ac8-a437-00028de65de4_chunk_1)
2026-09-12 23:29:54,222 | INFO | src.storage.jsonl_store | Saving object to data/processed/embeddings.jsonl
2026-09-12 23:29:54,223 | INFO | src.storage.jsonl_store | Object saved successfully
2026-09-12 23:29:54,223 | INFO | src.embedders.embedding_generator | Generating embedding for chunk (id=07514aac-4b4a-4ac8-a437-00028de65de4_chunk_2)
2026-09-12 23:29:54,255 | INFO | src.storage.jsonl_store | Saving object to data/processed/embeddings.jsonl
2026-09-12 23:29:54,259 | INFO | src.storage.jsonl_store | Object saved successfully
2026-09-12 23:29:54,260 | INFO | src.embedders.embedding_generator | Generating embedding for chunk (id=07514aac-4b4a-4ac8-a437-00028de65de4_chunk_3)
2026-09-12 23:29:54,402 | INFO | src.storage.jsonl_store | Saving object to data/processed/embeddings.jsonl
2026-09-12 23:29:54,405 | INFO | src.storage.jsonl_store | Object saved successfully
2026-09-12 23:29:54,407 | INFO | src.embedders.embedding_generator | Generating embedding for chunk (id=07514aac-4b4a-4ac8-a437-00028de65de4_chunk_4)
2026-09-12 23:29:54,435 | INFO | src.storage.jsonl_store | Saving object to data/processed/embeddings.jsonl
2026-09-12 23:29:54,439 | INFO | src.storage.jsonl_store | Object saved successfully
2026-09-12 23:29:54,439 | INFO | src.embedders.embedding_generator | Generating embedding for chunk (id=07514aac-4b4a-4ac8-a437-00028de65de4_chunk_5)
2026-09-12 23:29:54,557 | INFO | src.storage.jsonl_store | Saving object to data/processed/embeddings.jsonl
2026-09-12 23:29:54,585 | INFO | src.storage.jsonl_store | Object saved successfully
2026-09-12 23:29:54,587 | INFO | src.embedders.embedding_generator | Generating embedding for chunk (id=07514aac-4b4a-4ac8-a437-00028de65de4_chunk_6)
2026-09-12 23:29:54,671 | INFO | src.storage.jsonl_store | Saving object to data/processed/embeddings.jsonl
2026-09-12 23:29:54,671 | INFO | src.storage.jsonl_store | Object saved successfully
2026-09-12 23:29:54,673 | INFO | src.embedders.embedding_generator | Generating embedding for chunk (id=07514aac-4b4a-4ac8-a437-00028de65de4_chunk_7)
2026-09-12 23:29:54,864 | INFO | src.storage.jsonl_store | Saving object to data/processed/embeddings.jsonl
2026-09-12 23:29:54,892 | INFO | src.storage.jsonl_store | Object saved successfully
2026-09-12 23:29:54,895 | INFO | src.embedders.embedding_generator | Generating embedding for chunk (id=07514aac-4b4a-4ac8-a437-00028de65de4_chunk_8)
2026-09-12 23:29:54,932 | INFO | src.storage.jsonl_store | Saving object to data/processed/embeddings.jsonl
2026-09-12 23:29:54,943 | INFO | src.storage.jsonl_store | Object saved successfully
2026-09-12 23:29:54,944 | INFO | src.embedders.embedding_generator | Generating embedding for chunk (id=07514aac-4b4a-4ac8-a437-00028de65de4_chunk_9)
2026-09-12 23:29:54,978 | INFO | src.storage.jsonl_store | Saving object to data/processed/embeddings.jsonl
2026-09-12 23:29:54,980 | INFO | src.storage.jsonl_store | Object saved successfully
2026-09-12 23:29:54,980 | INFO | src.embedders.embedding_generator | Generating embedding for chunk (id=07514aac-4b4a-4ac8-a437-00028de65de4_chunk_10)
2026-09-12 23:29:55,021 | INFO | src.storage.jsonl_store | Saving object to data/processed/embeddings.jsonl
2026-09-12 23:29:55,023 | INFO | src.storage.jsonl_store | Object saved successfully
2026-09-12 23:29:55,023 | INFO | src.embedders.embedding_generator | Generating embedding for chunk (id=07514aac-4b4a-4ac8-a437-00028de65de4_chunk_11)
2026-09-12 23:29:55,062 | INFO | src.storage.jsonl_store | Saving object to data/processed/embeddings.jsonl
2026-09-12 23:29:55,063 | INFO | src.storage.jsonl_store | Object saved successfully
2026-09-12 23:29:55,065 | INFO | src.embedders.embedding_generator | Generating embedding for chunk (id=07514aac-4b4a-4ac8-a437-00028de65de4_chunk_12)
2026-09-12 23:29:55,110 | INFO | src.storage.jsonl_store | Saving object to data/processed/embeddings.jsonl
2026-09-12 23:29:55,123 | INFO | src.storage.jsonl_store | Object saved successfully
2026-09-12 23:29:55,132 | INFO | src.embedders.embedding_generator | Generating embedding for chunk (id=07514aac-4b4a-4ac8-a437-00028de65de4_chunk_13)
2026-09-12 23:29:55,163 | INFO | src.storage.jsonl_store | Saving object to data/processed/embeddings.jsonl
2026-09-12 23:29:55,165 | INFO | src.storage.jsonl_store | Object saved successfully
2026-09-12 23:29:55,165 | INFO | src.embedders.embedding_generator | Generating embedding for chunk (id=07514aac-4b4a-4ac8-a437-00028de65de4_chunk_14)
2026-09-12 23:29:55,202 | INFO | src.storage.jsonl_store | Saving object to data/processed/embeddings.jsonl
2026-09-12 23:29:55,205 | INFO | src.storage.jsonl_store | Object saved successfully
2026-09-12 23:29:55,205 | INFO | src.embedders.embedding_generator | Generating embedding for chunk (id=07514aac-4b4a-4ac8-a437-00028de65de4_chunk_15)
2026-09-12 23:29:55,238 | INFO | src.storage.jsonl_store | Saving object to data/processed/embeddings.jsonl
2026-09-12 23:29:55,241 | INFO | src.storage.jsonl_store | Object saved successfully
2026-09-12 23:29:55,241 | INFO | src.embedders.embedding_generator | Generating embedding for chunk (id=07514aac-4b4a-4ac8-a437-00028de65de4_chunk_16)
2026-09-12 23:29:55,275 | INFO | src.storage.jsonl_store | Saving object to data/processed/embeddings.jsonl
2026-09-12 23:29:55,278 | INFO | src.storage.jsonl_store | Object saved successfully
2026-09-12 23:29:55,279 | INFO | src.embedders.embedding_generator | Generating embedding for chunk (id=07514aac-4b4a-4ac8-a437-00028de65de4_chunk_17)
2026-09-12 23:29:55,306 | INFO | src.storage.jsonl_store | Saving object to data/processed/embeddings.jsonl
2026-09-12 23:29:55,309 | INFO | src.storage.jsonl_store | Object saved successfully
2026-09-12 23:29:55,309 | INFO | src.embedders.embedding_generator | Generating embedding for chunk (id=07514aac-4b4a-4ac8-a437-00028de65de4_chunk_18)
2026-09-12 23:29:55,340 | INFO | src.storage.jsonl_store | Saving object to data/processed/embeddings.jsonl
2026-09-12 23:29:55,344 | INFO | src.storage.jsonl_store | Object saved successfully
2026-09-12 23:29:55,344 | INFO | src.embedders.embedding_generator | Generating embedding for chunk (id=07514aac-4b4a-4ac8-a437-00028de65de4_chunk_19)
2026-09-12 23:29:55,396 | INFO | src.storage.jsonl_store | Saving object to data/processed/embeddings.jsonl
2026-09-12 23:29:55,398 | INFO | src.storage.jsonl_store | Object saved successfully
2026-09-12 23:29:55,404 | INFO | src.pipelines.dataset_pipeline | embedding Length=19
2026-09-12 23:29:55,406 | INFO | src.pipelines.dataset_pipeline | Processing URL: https://.tech/docs/python/input-and-print
2026-09-12 23:29:55,406 | INFO | src.collectors.docs_collector | Collecting document from https://.tech/docs/python/input-and-print
2026-09-12 23:29:55,408 | ERROR | src.collectors.docs_collector | Failed to download https://.tech/docs/python/input-and-print
2026-09-12 23:29:55,409 | ERROR | src.pipelines.dataset_pipeline | Failed to collect https://.tech/docs/python/input-and-print: Unable to download document from https://.tech/docs/python/input-and-print
2026-09-12 23:29:55,409 | INFO | src.pipelines.dataset_pipeline | Processing URL: https://.tech/docs/python/input-and-print
2026-09-12 23:29:55,409 | INFO | src.collectors.docs_collector | Collecting document from https://.tech/docs/python/input-and-print
2026-09-12 23:29:55,410 | ERROR | src.collectors.docs_collector | Failed to download https://.tech/docs/python/input-and-print
2026-09-12 23:29:55,410 | ERROR | src.pipelines.dataset_pipeline | Failed to collect https://.tech/docs/python/input-and-print: Unable to download document from https://.tech/docs/python/input-and-print
2026-09-12 23:29:55,410 | INFO | src.storage.jsonl_store | Reading records from data/processed/embeddings.jsonl
2026-09-12 23:29:55,504 | INFO | src.storage.jsonl_store | Loaded 196 objects
2026-09-12 23:29:55,524 | INFO | src.pipelines.dataset_pipeline | FAISS index contains 196 vectors
2026-09-12 23:31:25,793 | INFO | src.embedders.embedding_generator | Loading embedding model: all-MiniLM-L6-v2
2026-09-12 23:31:25,798 | INFO | sentence_transformers.base.model | No device provided, using cpu
2026-09-12 23:31:26,114 | INFO | httpx | HTTP Request: HEAD https://huggingface.co/sentence-transformers/all-MiniLM-L6-v2/resolve/main/modules.json "HTTP/1.1 307 Temporary Redirect"
2026-09-12 23:31:26,116 | WARNING | huggingface_hub.utils._http | Warning: You are sending unauthenticated requests to the HF Hub. Please set a HF_TOKEN to enable higher rate limits and faster downloads.
2026-09-12 23:31:26,146 | INFO | httpx | HTTP Request: HEAD https://huggingface.co/api/resolve-cache/models/sentence-transformers/all-MiniLM-L6-v2/1110a243fdf4706b3f48f1d95db1a4f5529b4d41/modules.json "HTTP/1.1 200 OK"
2026-09-12 23:31:26,388 | INFO | httpx | HTTP Request: HEAD https://huggingface.co/sentence-transformers/all-MiniLM-L6-v2/resolve/main/config_sentence_transformers.json "HTTP/1.1 307 Temporary Redirect"
2026-09-12 23:31:26,423 | INFO | httpx | HTTP Request: HEAD https://huggingface.co/api/resolve-cache/models/sentence-transformers/all-MiniLM-L6-v2/1110a243fdf4706b3f48f1d95db1a4f5529b4d41/config_sentence_transformers.json "HTTP/1.1 200 OK"
2026-09-12 23:31:26,426 | INFO | sentence_transformers.base.model | Loading SentenceTransformer model from sentence-transformers/all-MiniLM-L6-v2.
2026-09-12 23:31:26,663 | INFO | httpx | HTTP Request: HEAD https://huggingface.co/sentence-transformers/all-MiniLM-L6-v2/resolve/main/config_sentence_transformers.json "HTTP/1.1 307 Temporary Redirect"
2026-09-12 23:31:26,695 | INFO | httpx | HTTP Request: HEAD https://huggingface.co/api/resolve-cache/models/sentence-transformers/all-MiniLM-L6-v2/1110a243fdf4706b3f48f1d95db1a4f5529b4d41/config_sentence_transformers.json "HTTP/1.1 200 OK"
2026-09-12 23:31:26,935 | INFO | httpx | HTTP Request: HEAD https://huggingface.co/sentence-transformers/all-MiniLM-L6-v2/resolve/main/README.md "HTTP/1.1 307 Temporary Redirect"
2026-09-12 23:31:26,970 | INFO | httpx | HTTP Request: HEAD https://huggingface.co/api/resolve-cache/models/sentence-transformers/all-MiniLM-L6-v2/1110a243fdf4706b3f48f1d95db1a4f5529b4d41/README.md "HTTP/1.1 200 OK"
2026-09-12 23:31:27,204 | INFO | httpx | HTTP Request: HEAD https://huggingface.co/sentence-transformers/all-MiniLM-L6-v2/resolve/main/modules.json "HTTP/1.1 307 Temporary Redirect"
2026-09-12 23:31:27,235 | INFO | httpx | HTTP Request: HEAD https://huggingface.co/api/resolve-cache/models/sentence-transformers/all-MiniLM-L6-v2/1110a243fdf4706b3f48f1d95db1a4f5529b4d41/modules.json "HTTP/1.1 200 OK"
2026-09-12 23:31:27,473 | INFO | httpx | HTTP Request: HEAD https://huggingface.co/sentence-transformers/all-MiniLM-L6-v2/resolve/main/sentence_bert_config.json "HTTP/1.1 307 Temporary Redirect"
2026-09-12 23:31:27,507 | INFO | httpx | HTTP Request: HEAD https://huggingface.co/api/resolve-cache/models/sentence-transformers/all-MiniLM-L6-v2/1110a243fdf4706b3f48f1d95db1a4f5529b4d41/sentence_bert_config.json "HTTP/1.1 200 OK"
2026-09-12 23:31:27,746 | INFO | httpx | HTTP Request: HEAD https://huggingface.co/sentence-transformers/all-MiniLM-L6-v2/resolve/main/adapter_config.json "HTTP/1.1 404 Not Found"
2026-09-12 23:31:27,979 | INFO | httpx | HTTP Request: HEAD https://huggingface.co/sentence-transformers/all-MiniLM-L6-v2/resolve/main/config.json "HTTP/1.1 307 Temporary Redirect"
2026-09-12 23:31:28,007 | INFO | httpx | HTTP Request: HEAD https://huggingface.co/api/resolve-cache/models/sentence-transformers/all-MiniLM-L6-v2/1110a243fdf4706b3f48f1d95db1a4f5529b4d41/config.json "HTTP/1.1 200 OK"
2026-09-12 23:31:28,609 | INFO | httpx | HTTP Request: HEAD https://huggingface.co/sentence-transformers/all-MiniLM-L6-v2/resolve/main/processor_config.json "HTTP/1.1 404 Not Found"
2026-09-12 23:31:28,852 | INFO | httpx | HTTP Request: HEAD https://huggingface.co/sentence-transformers/all-MiniLM-L6-v2/resolve/main/preprocessor_config.json "HTTP/1.1 404 Not Found"
2026-09-12 23:31:29,093 | INFO | httpx | HTTP Request: HEAD https://huggingface.co/sentence-transformers/all-MiniLM-L6-v2/resolve/main/video_preprocessor_config.json "HTTP/1.1 404 Not Found"
2026-09-12 23:31:29,338 | INFO | httpx | HTTP Request: HEAD https://huggingface.co/sentence-transformers/all-MiniLM-L6-v2/resolve/main/preprocessor_config.json "HTTP/1.1 404 Not Found"
2026-09-12 23:31:29,570 | INFO | httpx | HTTP Request: HEAD https://huggingface.co/sentence-transformers/all-MiniLM-L6-v2/resolve/main/tokenizer_config.json "HTTP/1.1 307 Temporary Redirect"
2026-09-12 23:31:29,613 | INFO | httpx | HTTP Request: HEAD https://huggingface.co/api/resolve-cache/models/sentence-transformers/all-MiniLM-L6-v2/1110a243fdf4706b3f48f1d95db1a4f5529b4d41/tokenizer_config.json "HTTP/1.1 200 OK"
2026-09-12 23:31:29,856 | INFO | httpx | HTTP Request: HEAD https://huggingface.co/sentence-transformers/all-MiniLM-L6-v2/resolve/main/config.json "HTTP/1.1 307 Temporary Redirect"
2026-09-12 23:31:29,888 | INFO | httpx | HTTP Request: HEAD https://huggingface.co/api/resolve-cache/models/sentence-transformers/all-MiniLM-L6-v2/1110a243fdf4706b3f48f1d95db1a4f5529b4d41/config.json "HTTP/1.1 200 OK"
2026-09-12 23:31:30,137 | INFO | httpx | HTTP Request: HEAD https://huggingface.co/sentence-transformers/all-MiniLM-L6-v2/resolve/main/config.json "HTTP/1.1 307 Temporary Redirect"
2026-09-12 23:31:30,170 | INFO | httpx | HTTP Request: HEAD https://huggingface.co/api/resolve-cache/models/sentence-transformers/all-MiniLM-L6-v2/1110a243fdf4706b3f48f1d95db1a4f5529b4d41/config.json "HTTP/1.1 200 OK"
2026-09-12 23:31:30,407 | INFO | httpx | HTTP Request: HEAD https://huggingface.co/sentence-transformers/all-MiniLM-L6-v2/resolve/main/tokenizer_config.json "HTTP/1.1 307 Temporary Redirect"
2026-09-12 23:31:30,443 | INFO | httpx | HTTP Request: HEAD https://huggingface.co/api/resolve-cache/models/sentence-transformers/all-MiniLM-L6-v2/1110a243fdf4706b3f48f1d95db1a4f5529b4d41/tokenizer_config.json "HTTP/1.1 200 OK"
2026-09-12 23:31:30,690 | INFO | httpx | HTTP Request: GET https://huggingface.co/api/models/sentence-transformers/all-MiniLM-L6-v2/tree/main/additional_chat_templates?recursive=false&expand=false "HTTP/1.1 404 Not Found"
2026-09-12 23:31:30,939 | INFO | httpx | HTTP Request: GET https://huggingface.co/api/models/sentence-transformers/all-MiniLM-L6-v2/tree/main?recursive=true&expand=false "HTTP/1.1 200 OK"
2026-09-12 23:31:31,246 | INFO | httpx | HTTP Request: HEAD https://huggingface.co/sentence-transformers/all-MiniLM-L6-v2/resolve/main/1_Pooling/config.json "HTTP/1.1 307 Temporary Redirect"
2026-09-12 23:31:31,274 | INFO | httpx | HTTP Request: HEAD https://huggingface.co/api/resolve-cache/models/sentence-transformers/all-MiniLM-L6-v2/1110a243fdf4706b3f48f1d95db1a4f5529b4d41/1_Pooling%2Fconfig.json "HTTP/1.1 200 OK"
2026-09-12 23:31:31,529 | INFO | httpx | HTTP Request: GET https://huggingface.co/api/models/sentence-transformers/all-MiniLM-L6-v2 "HTTP/1.1 200 OK"
2026-09-12 23:31:31,536 | INFO | src.embedders.embedding_generator | Embedding model loaded successfully
2026-09-12 23:31:31,539 | INFO | src.storage.jsonl_store | Reading records from data/processed/chunks.jsonl
2026-09-12 23:31:31,568 | INFO | src.storage.jsonl_store | Loaded 196 objects
2026-09-12 23:31:34,136 | INFO | src.pipelines.dataset_pipeline | Processing URL: https://docs.python.org/3/tutorial/
2026-09-12 23:31:34,143 | INFO | src.collectors.docs_collector | Collecting document from https://docs.python.org/3/tutorial/
2026-09-12 23:31:34,253 | INFO | src.collectors.docs_collector | Successfully downloaded page
2026-09-12 23:31:34,293 | INFO | src.collectors.docs_collector | Document created successfully (id=2a53538d-710a-45e8-b0c4-6e636b90e1e4)
2026-09-12 23:31:34,293 | INFO | src.cleaners.document_cleaner | Cleaning document (id=2a53538d-710a-45e8-b0c4-6e636b90e1e4)
2026-09-12 23:31:34,293 | INFO | src.cleaners.document_cleaner | Finished cleaning document (id=2a53538d-710a-45e8-b0c4-6e636b90e1e4)
2026-09-12 23:31:34,293 | INFO | src.validator.document_validator | Validating document (id=2a53538d-710a-45e8-b0c4-6e636b90e1e4)
2026-09-12 23:31:34,293 | INFO | src.enrichers.document_enricher | Enriching document (id=2a53538d-710a-45e8-b0c4-6e636b90e1e4)
2026-09-12 23:31:34,293 | INFO | src.enrichers.document_enricher | Enrichment completed (id=2a53538d-710a-45e8-b0c4-6e636b90e1e4, words=362, chars=2293, quality=0.50)
2026-09-12 23:31:34,293 | INFO | src.storage.jsonl_store | Saving object to data/raw/documents.jsonl
2026-09-12 23:31:34,293 | INFO | src.storage.jsonl_store | Object saved successfully
2026-09-12 23:31:34,301 | INFO | src.pipelines.dataset_pipeline | Saved document (id=2a53538d-710a-45e8-b0c4-6e636b90e1e4, title='The Python Tutorial — Python 3.14.7 documentation')
2026-09-12 23:31:34,301 | INFO | src.chunkers.document_chunker | Starting chunking for document (id=2a53538d-710a-45e8-b0c4-6e636b90e1e4)
2026-09-12 23:31:34,301 | INFO | src.chunkers.document_chunker | Chunking completed (id=2a53538d-710a-45e8-b0c4-6e636b90e1e4, chunks=12)
2026-09-12 23:31:34,301 | INFO | src.storage.jsonl_store | Saving 12 objects
2026-09-12 23:31:34,301 | INFO | src.storage.jsonl_store | Saving object to data/processed/chunks.jsonl
2026-09-12 23:31:34,301 | INFO | src.storage.jsonl_store | Object saved successfully
2026-09-12 23:31:34,301 | INFO | src.storage.jsonl_store | Saving object to data/processed/chunks.jsonl
2026-09-12 23:31:34,303 | INFO | src.storage.jsonl_store | Object saved successfully
2026-09-12 23:31:34,303 | INFO | src.storage.jsonl_store | Saving object to data/processed/chunks.jsonl
2026-09-12 23:31:34,303 | INFO | src.storage.jsonl_store | Object saved successfully
2026-09-12 23:31:34,303 | INFO | src.storage.jsonl_store | Saving object to data/processed/chunks.jsonl
2026-09-12 23:31:34,303 | INFO | src.storage.jsonl_store | Object saved successfully
2026-09-12 23:31:34,303 | INFO | src.storage.jsonl_store | Saving object to data/processed/chunks.jsonl
2026-09-12 23:31:34,303 | INFO | src.storage.jsonl_store | Object saved successfully
2026-09-12 23:31:34,303 | INFO | src.storage.jsonl_store | Saving object to data/processed/chunks.jsonl
2026-09-12 23:31:34,303 | INFO | src.storage.jsonl_store | Object saved successfully
2026-09-12 23:31:34,303 | INFO | src.storage.jsonl_store | Saving object to data/processed/chunks.jsonl
2026-09-12 23:31:34,303 | INFO | src.storage.jsonl_store | Object saved successfully
2026-09-12 23:31:34,306 | INFO | src.storage.jsonl_store | Saving object to data/processed/chunks.jsonl
2026-09-12 23:31:34,306 | INFO | src.storage.jsonl_store | Object saved successfully
2026-09-12 23:31:34,306 | INFO | src.storage.jsonl_store | Saving object to data/processed/chunks.jsonl
2026-09-12 23:31:34,306 | INFO | src.storage.jsonl_store | Object saved successfully
2026-09-12 23:31:34,306 | INFO | src.storage.jsonl_store | Saving object to data/processed/chunks.jsonl
2026-09-12 23:31:34,306 | INFO | src.storage.jsonl_store | Object saved successfully
2026-09-12 23:31:34,306 | INFO | src.storage.jsonl_store | Saving object to data/processed/chunks.jsonl
2026-09-12 23:31:34,306 | INFO | src.storage.jsonl_store | Object saved successfully
2026-09-12 23:31:34,306 | INFO | src.storage.jsonl_store | Saving object to data/processed/chunks.jsonl
2026-09-12 23:31:34,306 | INFO | src.storage.jsonl_store | Object saved successfully
2026-09-12 23:31:34,306 | INFO | src.storage.jsonl_store | Finished saving 12 objects
2026-09-12 23:31:34,306 | INFO | src.pipelines.dataset_pipeline | chunk Length=12
2026-09-12 23:31:34,306 | INFO | src.embedders.embedding_generator | Loading embedding model: all-MiniLM-L6-v2
2026-09-12 23:31:34,306 | INFO | sentence_transformers.base.model | No device provided, using cpu
2026-09-12 23:31:34,537 | INFO | httpx | HTTP Request: HEAD https://huggingface.co/sentence-transformers/all-MiniLM-L6-v2/resolve/main/modules.json "HTTP/1.1 307 Temporary Redirect"
2026-09-12 23:31:34,573 | INFO | httpx | HTTP Request: HEAD https://huggingface.co/api/resolve-cache/models/sentence-transformers/all-MiniLM-L6-v2/1110a243fdf4706b3f48f1d95db1a4f5529b4d41/modules.json "HTTP/1.1 200 OK"
2026-09-12 23:31:34,806 | INFO | httpx | HTTP Request: HEAD https://huggingface.co/sentence-transformers/all-MiniLM-L6-v2/resolve/main/config_sentence_transformers.json "HTTP/1.1 307 Temporary Redirect"
2026-09-12 23:31:34,838 | INFO | httpx | HTTP Request: HEAD https://huggingface.co/api/resolve-cache/models/sentence-transformers/all-MiniLM-L6-v2/1110a243fdf4706b3f48f1d95db1a4f5529b4d41/config_sentence_transformers.json "HTTP/1.1 200 OK"
2026-09-12 23:31:34,838 | INFO | sentence_transformers.base.model | Loading SentenceTransformer model from sentence-transformers/all-MiniLM-L6-v2.
2026-09-12 23:31:35,067 | INFO | httpx | HTTP Request: HEAD https://huggingface.co/sentence-transformers/all-MiniLM-L6-v2/resolve/main/config_sentence_transformers.json "HTTP/1.1 307 Temporary Redirect"
2026-09-12 23:31:35,105 | INFO | httpx | HTTP Request: HEAD https://huggingface.co/api/resolve-cache/models/sentence-transformers/all-MiniLM-L6-v2/1110a243fdf4706b3f48f1d95db1a4f5529b4d41/config_sentence_transformers.json "HTTP/1.1 200 OK"
2026-09-12 23:31:35,461 | INFO | httpx | HTTP Request: HEAD https://huggingface.co/sentence-transformers/all-MiniLM-L6-v2/resolve/main/README.md "HTTP/1.1 307 Temporary Redirect"
2026-09-12 23:31:35,523 | INFO | httpx | HTTP Request: HEAD https://huggingface.co/api/resolve-cache/models/sentence-transformers/all-MiniLM-L6-v2/1110a243fdf4706b3f48f1d95db1a4f5529b4d41/README.md "HTTP/1.1 200 OK"
2026-09-12 23:31:35,753 | INFO | httpx | HTTP Request: HEAD https://huggingface.co/sentence-transformers/all-MiniLM-L6-v2/resolve/main/modules.json "HTTP/1.1 307 Temporary Redirect"
2026-09-12 23:31:35,793 | INFO | httpx | HTTP Request: HEAD https://huggingface.co/api/resolve-cache/models/sentence-transformers/all-MiniLM-L6-v2/1110a243fdf4706b3f48f1d95db1a4f5529b4d41/modules.json "HTTP/1.1 200 OK"
2026-09-12 23:31:36,076 | INFO | httpx | HTTP Request: HEAD https://huggingface.co/sentence-transformers/all-MiniLM-L6-v2/resolve/main/sentence_bert_config.json "HTTP/1.1 307 Temporary Redirect"
2026-09-12 23:31:36,113 | INFO | httpx | HTTP Request: HEAD https://huggingface.co/api/resolve-cache/models/sentence-transformers/all-MiniLM-L6-v2/1110a243fdf4706b3f48f1d95db1a4f5529b4d41/sentence_bert_config.json "HTTP/1.1 200 OK"
2026-09-12 23:31:36,348 | INFO | httpx | HTTP Request: HEAD https://huggingface.co/sentence-transformers/all-MiniLM-L6-v2/resolve/main/adapter_config.json "HTTP/1.1 404 Not Found"
2026-09-12 23:31:36,585 | INFO | httpx | HTTP Request: HEAD https://huggingface.co/sentence-transformers/all-MiniLM-L6-v2/resolve/main/config.json "HTTP/1.1 307 Temporary Redirect"
2026-09-12 23:31:36,635 | INFO | httpx | HTTP Request: HEAD https://huggingface.co/api/resolve-cache/models/sentence-transformers/all-MiniLM-L6-v2/1110a243fdf4706b3f48f1d95db1a4f5529b4d41/config.json "HTTP/1.1 200 OK"
2026-09-12 23:31:37,013 | INFO | httpx | HTTP Request: HEAD https://huggingface.co/sentence-transformers/all-MiniLM-L6-v2/resolve/main/processor_config.json "HTTP/1.1 404 Not Found"
2026-09-12 23:31:37,252 | INFO | httpx | HTTP Request: HEAD https://huggingface.co/sentence-transformers/all-MiniLM-L6-v2/resolve/main/preprocessor_config.json "HTTP/1.1 404 Not Found"
2026-09-12 23:31:37,487 | INFO | httpx | HTTP Request: HEAD https://huggingface.co/sentence-transformers/all-MiniLM-L6-v2/resolve/main/video_preprocessor_config.json "HTTP/1.1 404 Not Found"
2026-09-12 23:31:37,724 | INFO | httpx | HTTP Request: HEAD https://huggingface.co/sentence-transformers/all-MiniLM-L6-v2/resolve/main/preprocessor_config.json "HTTP/1.1 404 Not Found"
2026-09-12 23:31:37,963 | INFO | httpx | HTTP Request: HEAD https://huggingface.co/sentence-transformers/all-MiniLM-L6-v2/resolve/main/tokenizer_config.json "HTTP/1.1 307 Temporary Redirect"
2026-09-12 23:31:37,994 | INFO | httpx | HTTP Request: HEAD https://huggingface.co/api/resolve-cache/models/sentence-transformers/all-MiniLM-L6-v2/1110a243fdf4706b3f48f1d95db1a4f5529b4d41/tokenizer_config.json "HTTP/1.1 200 OK"
2026-09-12 23:31:38,223 | INFO | httpx | HTTP Request: HEAD https://huggingface.co/sentence-transformers/all-MiniLM-L6-v2/resolve/main/config.json "HTTP/1.1 307 Temporary Redirect"
2026-09-12 23:31:38,266 | INFO | httpx | HTTP Request: HEAD https://huggingface.co/api/resolve-cache/models/sentence-transformers/all-MiniLM-L6-v2/1110a243fdf4706b3f48f1d95db1a4f5529b4d41/config.json "HTTP/1.1 200 OK"
2026-09-12 23:31:38,518 | INFO | httpx | HTTP Request: HEAD https://huggingface.co/sentence-transformers/all-MiniLM-L6-v2/resolve/main/config.json "HTTP/1.1 307 Temporary Redirect"
2026-09-12 23:31:38,554 | INFO | httpx | HTTP Request: HEAD https://huggingface.co/api/resolve-cache/models/sentence-transformers/all-MiniLM-L6-v2/1110a243fdf4706b3f48f1d95db1a4f5529b4d41/config.json "HTTP/1.1 200 OK"
2026-09-12 23:31:38,809 | INFO | httpx | HTTP Request: HEAD https://huggingface.co/sentence-transformers/all-MiniLM-L6-v2/resolve/main/tokenizer_config.json "HTTP/1.1 307 Temporary Redirect"
2026-09-12 23:31:38,843 | INFO | httpx | HTTP Request: HEAD https://huggingface.co/api/resolve-cache/models/sentence-transformers/all-MiniLM-L6-v2/1110a243fdf4706b3f48f1d95db1a4f5529b4d41/tokenizer_config.json "HTTP/1.1 200 OK"
2026-09-12 23:31:39,076 | INFO | httpx | HTTP Request: GET https://huggingface.co/api/models/sentence-transformers/all-MiniLM-L6-v2/tree/main/additional_chat_templates?recursive=false&expand=false "HTTP/1.1 404 Not Found"
2026-09-12 23:31:39,321 | INFO | httpx | HTTP Request: GET https://huggingface.co/api/models/sentence-transformers/all-MiniLM-L6-v2/tree/main?recursive=true&expand=false "HTTP/1.1 200 OK"
2026-09-12 23:31:39,644 | INFO | httpx | HTTP Request: HEAD https://huggingface.co/sentence-transformers/all-MiniLM-L6-v2/resolve/main/1_Pooling/config.json "HTTP/1.1 307 Temporary Redirect"
2026-09-12 23:31:39,675 | INFO | httpx | HTTP Request: HEAD https://huggingface.co/api/resolve-cache/models/sentence-transformers/all-MiniLM-L6-v2/1110a243fdf4706b3f48f1d95db1a4f5529b4d41/1_Pooling%2Fconfig.json "HTTP/1.1 200 OK"
2026-09-12 23:31:39,904 | INFO | httpx | HTTP Request: GET https://huggingface.co/api/models/sentence-transformers/all-MiniLM-L6-v2 "HTTP/1.1 200 OK"
2026-09-12 23:31:39,906 | INFO | src.embedders.embedding_generator | Embedding model loaded successfully
2026-09-12 23:31:39,906 | INFO | src.embedders.embedding_generator | Generating embedding for chunk (id=2a53538d-710a-45e8-b0c4-6e636b90e1e4_chunk_1)
2026-09-12 23:31:39,963 | INFO | src.storage.jsonl_store | Saving object to data/processed/embeddings.jsonl
2026-09-12 23:31:39,965 | INFO | src.storage.jsonl_store | Object saved successfully
2026-09-12 23:31:39,965 | INFO | src.embedders.embedding_generator | Generating embedding for chunk (id=2a53538d-710a-45e8-b0c4-6e636b90e1e4_chunk_2)
2026-09-12 23:31:39,985 | INFO | src.storage.jsonl_store | Saving object to data/processed/embeddings.jsonl
2026-09-12 23:31:39,986 | INFO | src.storage.jsonl_store | Object saved successfully
2026-09-12 23:31:39,986 | INFO | src.embedders.embedding_generator | Generating embedding for chunk (id=2a53538d-710a-45e8-b0c4-6e636b90e1e4_chunk_3)
2026-09-12 23:31:40,008 | INFO | src.storage.jsonl_store | Saving object to data/processed/embeddings.jsonl
2026-09-12 23:31:40,008 | INFO | src.storage.jsonl_store | Object saved successfully
2026-09-12 23:31:40,008 | INFO | src.embedders.embedding_generator | Generating embedding for chunk (id=2a53538d-710a-45e8-b0c4-6e636b90e1e4_chunk_4)
2026-09-12 23:31:40,038 | INFO | src.storage.jsonl_store | Saving object to data/processed/embeddings.jsonl
2026-09-12 23:31:40,039 | INFO | src.storage.jsonl_store | Object saved successfully
2026-09-12 23:31:40,040 | INFO | src.embedders.embedding_generator | Generating embedding for chunk (id=2a53538d-710a-45e8-b0c4-6e636b90e1e4_chunk_5)
2026-09-12 23:31:40,064 | INFO | src.storage.jsonl_store | Saving object to data/processed/embeddings.jsonl
2026-09-12 23:31:40,064 | INFO | src.storage.jsonl_store | Object saved successfully
2026-09-12 23:31:40,064 | INFO | src.embedders.embedding_generator | Generating embedding for chunk (id=2a53538d-710a-45e8-b0c4-6e636b90e1e4_chunk_6)
2026-09-12 23:31:40,092 | INFO | src.storage.jsonl_store | Saving object to data/processed/embeddings.jsonl
2026-09-12 23:31:40,093 | INFO | src.storage.jsonl_store | Object saved successfully
2026-09-12 23:31:40,093 | INFO | src.embedders.embedding_generator | Generating embedding for chunk (id=2a53538d-710a-45e8-b0c4-6e636b90e1e4_chunk_7)
2026-09-12 23:31:40,113 | INFO | src.storage.jsonl_store | Saving object to data/processed/embeddings.jsonl
2026-09-12 23:31:40,113 | INFO | src.storage.jsonl_store | Object saved successfully
2026-09-12 23:31:40,118 | INFO | src.embedders.embedding_generator | Generating embedding for chunk (id=2a53538d-710a-45e8-b0c4-6e636b90e1e4_chunk_8)
2026-09-12 23:31:40,140 | INFO | src.storage.jsonl_store | Saving object to data/processed/embeddings.jsonl
2026-09-12 23:31:40,141 | INFO | src.storage.jsonl_store | Object saved successfully
2026-09-12 23:31:40,141 | INFO | src.embedders.embedding_generator | Generating embedding for chunk (id=2a53538d-710a-45e8-b0c4-6e636b90e1e4_chunk_9)
2026-09-12 23:31:40,168 | INFO | src.storage.jsonl_store | Saving object to data/processed/embeddings.jsonl
2026-09-12 23:31:40,170 | INFO | src.storage.jsonl_store | Object saved successfully
2026-09-12 23:31:40,170 | INFO | src.embedders.embedding_generator | Generating embedding for chunk (id=2a53538d-710a-45e8-b0c4-6e636b90e1e4_chunk_10)
2026-09-12 23:31:40,196 | INFO | src.storage.jsonl_store | Saving object to data/processed/embeddings.jsonl
2026-09-12 23:31:40,197 | INFO | src.storage.jsonl_store | Object saved successfully
2026-09-12 23:31:40,197 | INFO | src.embedders.embedding_generator | Generating embedding for chunk (id=2a53538d-710a-45e8-b0c4-6e636b90e1e4_chunk_11)
2026-09-12 23:31:40,218 | INFO | src.storage.jsonl_store | Saving object to data/processed/embeddings.jsonl
2026-09-12 23:31:40,220 | INFO | src.storage.jsonl_store | Object saved successfully
2026-09-12 23:31:40,220 | INFO | src.embedders.embedding_generator | Generating embedding for chunk (id=2a53538d-710a-45e8-b0c4-6e636b90e1e4_chunk_12)
2026-09-12 23:31:40,241 | INFO | src.storage.jsonl_store | Saving object to data/processed/embeddings.jsonl
2026-09-12 23:31:40,243 | INFO | src.storage.jsonl_store | Object saved successfully
2026-09-12 23:31:40,244 | INFO | src.pipelines.dataset_pipeline | embedding Length=12
2026-09-12 23:31:40,244 | INFO | src.pipelines.dataset_pipeline | Processing URL: https://www.programiz.com/python-programming
2026-09-12 23:31:40,244 | INFO | src.collectors.docs_collector | Collecting document from https://www.programiz.com/python-programming
2026-09-12 23:31:40,556 | INFO | src.collectors.docs_collector | Successfully downloaded page
2026-09-12 23:31:40,617 | INFO | src.collectors.docs_collector | Document created successfully (id=ed497c6c-4651-4c14-8fa3-be45e0b4a428)
2026-09-12 23:31:40,617 | INFO | src.cleaners.document_cleaner | Cleaning document (id=ed497c6c-4651-4c14-8fa3-be45e0b4a428)
2026-09-12 23:31:40,617 | INFO | src.cleaners.document_cleaner | Finished cleaning document (id=ed497c6c-4651-4c14-8fa3-be45e0b4a428)
2026-09-12 23:31:40,617 | INFO | src.validator.document_validator | Validating document (id=ed497c6c-4651-4c14-8fa3-be45e0b4a428)
2026-09-12 23:31:40,617 | INFO | src.enrichers.document_enricher | Enriching document (id=ed497c6c-4651-4c14-8fa3-be45e0b4a428)
2026-09-12 23:31:40,617 | INFO | src.enrichers.document_enricher | Enrichment completed (id=ed497c6c-4651-4c14-8fa3-be45e0b4a428, words=539, chars=3053, quality=1.00)
2026-09-12 23:31:40,623 | INFO | src.storage.jsonl_store | Saving object to data/raw/documents.jsonl
2026-09-12 23:31:40,623 | INFO | src.storage.jsonl_store | Object saved successfully
2026-09-12 23:31:40,623 | INFO | src.pipelines.dataset_pipeline | Saved document (id=ed497c6c-4651-4c14-8fa3-be45e0b4a428, title='Learn Python: Programming Tutorials for Beginners')
2026-09-12 23:31:40,623 | INFO | src.chunkers.document_chunker | Starting chunking for document (id=ed497c6c-4651-4c14-8fa3-be45e0b4a428)
2026-09-12 23:31:40,623 | INFO | src.chunkers.document_chunker | Chunking completed (id=ed497c6c-4651-4c14-8fa3-be45e0b4a428, chunks=16)
2026-09-12 23:31:40,623 | INFO | src.storage.jsonl_store | Saving 16 objects
2026-09-12 23:31:40,623 | INFO | src.storage.jsonl_store | Saving object to data/processed/chunks.jsonl
2026-09-12 23:31:40,623 | INFO | src.storage.jsonl_store | Object saved successfully
2026-09-12 23:31:40,623 | INFO | src.storage.jsonl_store | Saving object to data/processed/chunks.jsonl
2026-09-12 23:31:40,623 | INFO | src.storage.jsonl_store | Object saved successfully
2026-09-12 23:31:40,623 | INFO | src.storage.jsonl_store | Saving object to data/processed/chunks.jsonl
2026-09-12 23:31:40,623 | INFO | src.storage.jsonl_store | Object saved successfully
2026-09-12 23:31:40,623 | INFO | src.storage.jsonl_store | Saving object to data/processed/chunks.jsonl
2026-09-12 23:31:40,623 | INFO | src.storage.jsonl_store | Object saved successfully
2026-09-12 23:31:40,623 | INFO | src.storage.jsonl_store | Saving object to data/processed/chunks.jsonl
2026-09-12 23:31:40,623 | INFO | src.storage.jsonl_store | Object saved successfully
2026-09-12 23:31:40,623 | INFO | src.storage.jsonl_store | Saving object to data/processed/chunks.jsonl
2026-09-12 23:31:40,623 | INFO | src.storage.jsonl_store | Object saved successfully
2026-09-12 23:31:40,623 | INFO | src.storage.jsonl_store | Saving object to data/processed/chunks.jsonl
2026-09-12 23:31:40,623 | INFO | src.storage.jsonl_store | Object saved successfully
2026-09-12 23:31:40,623 | INFO | src.storage.jsonl_store | Saving object to data/processed/chunks.jsonl
2026-09-12 23:31:40,623 | INFO | src.storage.jsonl_store | Object saved successfully
2026-09-12 23:31:40,623 | INFO | src.storage.jsonl_store | Saving object to data/processed/chunks.jsonl
2026-09-12 23:31:40,630 | INFO | src.storage.jsonl_store | Object saved successfully
2026-09-12 23:31:40,630 | INFO | src.storage.jsonl_store | Saving object to data/processed/chunks.jsonl
2026-09-12 23:31:40,630 | INFO | src.storage.jsonl_store | Object saved successfully
2026-09-12 23:31:40,630 | INFO | src.storage.jsonl_store | Saving object to data/processed/chunks.jsonl
2026-09-12 23:31:40,630 | INFO | src.storage.jsonl_store | Object saved successfully
2026-09-12 23:31:40,630 | INFO | src.storage.jsonl_store | Saving object to data/processed/chunks.jsonl
2026-09-12 23:31:40,630 | INFO | src.storage.jsonl_store | Object saved successfully
2026-09-12 23:31:40,630 | INFO | src.storage.jsonl_store | Saving object to data/processed/chunks.jsonl
2026-09-12 23:31:40,630 | INFO | src.storage.jsonl_store | Object saved successfully
2026-09-12 23:31:40,630 | INFO | src.storage.jsonl_store | Saving object to data/processed/chunks.jsonl
2026-09-12 23:31:40,630 | INFO | src.storage.jsonl_store | Object saved successfully
2026-09-12 23:31:40,633 | INFO | src.storage.jsonl_store | Saving object to data/processed/chunks.jsonl
2026-09-12 23:31:40,634 | INFO | src.storage.jsonl_store | Object saved successfully
2026-09-12 23:31:40,635 | INFO | src.storage.jsonl_store | Saving object to data/processed/chunks.jsonl
2026-09-12 23:31:40,636 | INFO | src.storage.jsonl_store | Object saved successfully
2026-09-12 23:31:40,636 | INFO | src.storage.jsonl_store | Finished saving 16 objects
2026-09-12 23:31:40,636 | INFO | src.pipelines.dataset_pipeline | chunk Length=16
2026-09-12 23:31:40,637 | INFO | src.embedders.embedding_generator | Loading embedding model: all-MiniLM-L6-v2
2026-09-12 23:31:40,639 | INFO | sentence_transformers.base.model | No device provided, using cpu
2026-09-12 23:31:40,871 | INFO | httpx | HTTP Request: HEAD https://huggingface.co/sentence-transformers/all-MiniLM-L6-v2/resolve/main/modules.json "HTTP/1.1 307 Temporary Redirect"
2026-09-12 23:31:40,914 | INFO | httpx | HTTP Request: HEAD https://huggingface.co/api/resolve-cache/models/sentence-transformers/all-MiniLM-L6-v2/1110a243fdf4706b3f48f1d95db1a4f5529b4d41/modules.json "HTTP/1.1 200 OK"
2026-09-12 23:31:41,144 | INFO | httpx | HTTP Request: HEAD https://huggingface.co/sentence-transformers/all-MiniLM-L6-v2/resolve/main/config_sentence_transformers.json "HTTP/1.1 307 Temporary Redirect"
2026-09-12 23:31:41,177 | INFO | httpx | HTTP Request: HEAD https://huggingface.co/api/resolve-cache/models/sentence-transformers/all-MiniLM-L6-v2/1110a243fdf4706b3f48f1d95db1a4f5529b4d41/config_sentence_transformers.json "HTTP/1.1 200 OK"
2026-09-12 23:31:41,180 | INFO | sentence_transformers.base.model | Loading SentenceTransformer model from sentence-transformers/all-MiniLM-L6-v2.
2026-09-12 23:31:41,417 | INFO | httpx | HTTP Request: HEAD https://huggingface.co/sentence-transformers/all-MiniLM-L6-v2/resolve/main/config_sentence_transformers.json "HTTP/1.1 307 Temporary Redirect"
2026-09-12 23:31:41,448 | INFO | httpx | HTTP Request: HEAD https://huggingface.co/api/resolve-cache/models/sentence-transformers/all-MiniLM-L6-v2/1110a243fdf4706b3f48f1d95db1a4f5529b4d41/config_sentence_transformers.json "HTTP/1.1 200 OK"
2026-09-12 23:31:41,785 | INFO | httpx | HTTP Request: HEAD https://huggingface.co/sentence-transformers/all-MiniLM-L6-v2/resolve/main/README.md "HTTP/1.1 307 Temporary Redirect"
2026-09-12 23:31:41,820 | INFO | httpx | HTTP Request: HEAD https://huggingface.co/api/resolve-cache/models/sentence-transformers/all-MiniLM-L6-v2/1110a243fdf4706b3f48f1d95db1a4f5529b4d41/README.md "HTTP/1.1 200 OK"
2026-09-12 23:31:42,053 | INFO | httpx | HTTP Request: HEAD https://huggingface.co/sentence-transformers/all-MiniLM-L6-v2/resolve/main/modules.json "HTTP/1.1 307 Temporary Redirect"
2026-09-12 23:31:42,090 | INFO | httpx | HTTP Request: HEAD https://huggingface.co/api/resolve-cache/models/sentence-transformers/all-MiniLM-L6-v2/1110a243fdf4706b3f48f1d95db1a4f5529b4d41/modules.json "HTTP/1.1 200 OK"
2026-09-12 23:31:42,424 | INFO | httpx | HTTP Request: HEAD https://huggingface.co/sentence-transformers/all-MiniLM-L6-v2/resolve/main/sentence_bert_config.json "HTTP/1.1 307 Temporary Redirect"
2026-09-12 23:31:42,622 | INFO | httpx | HTTP Request: HEAD https://huggingface.co/api/resolve-cache/models/sentence-transformers/all-MiniLM-L6-v2/1110a243fdf4706b3f48f1d95db1a4f5529b4d41/sentence_bert_config.json "HTTP/1.1 200 OK"
2026-09-12 23:31:43,022 | INFO | httpx | HTTP Request: HEAD https://huggingface.co/sentence-transformers/all-MiniLM-L6-v2/resolve/main/adapter_config.json "HTTP/1.1 404 Not Found"
2026-09-12 23:31:43,280 | INFO | httpx | HTTP Request: HEAD https://huggingface.co/sentence-transformers/all-MiniLM-L6-v2/resolve/main/config.json "HTTP/1.1 307 Temporary Redirect"
2026-09-12 23:31:43,376 | INFO | httpx | HTTP Request: HEAD https://huggingface.co/api/resolve-cache/models/sentence-transformers/all-MiniLM-L6-v2/1110a243fdf4706b3f48f1d95db1a4f5529b4d41/config.json "HTTP/1.1 200 OK"
2026-09-12 23:31:43,678 | INFO | httpx | HTTP Request: HEAD https://huggingface.co/sentence-transformers/all-MiniLM-L6-v2/resolve/main/processor_config.json "HTTP/1.1 404 Not Found"
2026-09-12 23:31:43,992 | INFO | httpx | HTTP Request: HEAD https://huggingface.co/sentence-transformers/all-MiniLM-L6-v2/resolve/main/preprocessor_config.json "HTTP/1.1 404 Not Found"
2026-09-12 23:31:44,659 | INFO | httpx | HTTP Request: HEAD https://huggingface.co/sentence-transformers/all-MiniLM-L6-v2/resolve/main/video_preprocessor_config.json "HTTP/1.1 404 Not Found"
2026-09-12 23:31:45,043 | INFO | httpx | HTTP Request: HEAD https://huggingface.co/sentence-transformers/all-MiniLM-L6-v2/resolve/main/preprocessor_config.json "HTTP/1.1 404 Not Found"
2026-09-12 23:31:45,353 | INFO | httpx | HTTP Request: HEAD https://huggingface.co/sentence-transformers/all-MiniLM-L6-v2/resolve/main/tokenizer_config.json "HTTP/1.1 307 Temporary Redirect"
2026-09-12 23:31:45,490 | INFO | httpx | HTTP Request: HEAD https://huggingface.co/api/resolve-cache/models/sentence-transformers/all-MiniLM-L6-v2/1110a243fdf4706b3f48f1d95db1a4f5529b4d41/tokenizer_config.json "HTTP/1.1 200 OK"
2026-09-12 23:31:45,863 | INFO | httpx | HTTP Request: HEAD https://huggingface.co/sentence-transformers/all-MiniLM-L6-v2/resolve/main/config.json "HTTP/1.1 307 Temporary Redirect"
2026-09-12 23:31:46,098 | INFO | httpx | HTTP Request: HEAD https://huggingface.co/api/resolve-cache/models/sentence-transformers/all-MiniLM-L6-v2/1110a243fdf4706b3f48f1d95db1a4f5529b4d41/config.json "HTTP/1.1 200 OK"
2026-09-12 23:31:46,636 | INFO | httpx | HTTP Request: HEAD https://huggingface.co/sentence-transformers/all-MiniLM-L6-v2/resolve/main/config.json "HTTP/1.1 307 Temporary Redirect"
2026-09-12 23:31:46,734 | INFO | httpx | HTTP Request: HEAD https://huggingface.co/api/resolve-cache/models/sentence-transformers/all-MiniLM-L6-v2/1110a243fdf4706b3f48f1d95db1a4f5529b4d41/config.json "HTTP/1.1 200 OK"
2026-09-12 23:31:47,013 | INFO | httpx | HTTP Request: HEAD https://huggingface.co/sentence-transformers/all-MiniLM-L6-v2/resolve/main/tokenizer_config.json "HTTP/1.1 307 Temporary Redirect"
2026-09-12 23:31:47,203 | INFO | httpx | HTTP Request: HEAD https://huggingface.co/api/resolve-cache/models/sentence-transformers/all-MiniLM-L6-v2/1110a243fdf4706b3f48f1d95db1a4f5529b4d41/tokenizer_config.json "HTTP/1.1 200 OK"
2026-09-12 23:31:47,501 | INFO | httpx | HTTP Request: GET https://huggingface.co/api/models/sentence-transformers/all-MiniLM-L6-v2/tree/main/additional_chat_templates?recursive=false&expand=false "HTTP/1.1 404 Not Found"
2026-09-12 23:31:47,757 | INFO | httpx | HTTP Request: GET https://huggingface.co/api/models/sentence-transformers/all-MiniLM-L6-v2/tree/main?recursive=true&expand=false "HTTP/1.1 200 OK"
2026-09-12 23:31:48,083 | INFO | httpx | HTTP Request: HEAD https://huggingface.co/sentence-transformers/all-MiniLM-L6-v2/resolve/main/1_Pooling/config.json "HTTP/1.1 307 Temporary Redirect"
2026-09-12 23:31:48,207 | INFO | httpx | HTTP Request: HEAD https://huggingface.co/api/resolve-cache/models/sentence-transformers/all-MiniLM-L6-v2/1110a243fdf4706b3f48f1d95db1a4f5529b4d41/1_Pooling%2Fconfig.json "HTTP/1.1 200 OK"
2026-09-12 23:31:48,517 | INFO | httpx | HTTP Request: GET https://huggingface.co/api/models/sentence-transformers/all-MiniLM-L6-v2 "HTTP/1.1 200 OK"
2026-09-12 23:31:48,521 | INFO | src.embedders.embedding_generator | Embedding model loaded successfully
2026-09-12 23:31:48,523 | INFO | src.embedders.embedding_generator | Generating embedding for chunk (id=ed497c6c-4651-4c14-8fa3-be45e0b4a428_chunk_1)
2026-09-12 23:31:48,574 | INFO | src.storage.jsonl_store | Saving object to data/processed/embeddings.jsonl
2026-09-12 23:31:48,577 | INFO | src.storage.jsonl_store | Object saved successfully
2026-09-12 23:31:48,577 | INFO | src.embedders.embedding_generator | Generating embedding for chunk (id=ed497c6c-4651-4c14-8fa3-be45e0b4a428_chunk_2)
2026-09-12 23:31:48,606 | INFO | src.storage.jsonl_store | Saving object to data/processed/embeddings.jsonl
2026-09-12 23:31:48,609 | INFO | src.storage.jsonl_store | Object saved successfully
2026-09-12 23:31:48,609 | INFO | src.embedders.embedding_generator | Generating embedding for chunk (id=ed497c6c-4651-4c14-8fa3-be45e0b4a428_chunk_3)
2026-09-12 23:31:48,638 | INFO | src.storage.jsonl_store | Saving object to data/processed/embeddings.jsonl
2026-09-12 23:31:48,640 | INFO | src.storage.jsonl_store | Object saved successfully
2026-09-12 23:31:48,640 | INFO | src.embedders.embedding_generator | Generating embedding for chunk (id=ed497c6c-4651-4c14-8fa3-be45e0b4a428_chunk_4)
2026-09-12 23:31:48,666 | INFO | src.storage.jsonl_store | Saving object to data/processed/embeddings.jsonl
2026-09-12 23:31:48,668 | INFO | src.storage.jsonl_store | Object saved successfully
2026-09-12 23:31:48,669 | INFO | src.embedders.embedding_generator | Generating embedding for chunk (id=ed497c6c-4651-4c14-8fa3-be45e0b4a428_chunk_5)
2026-09-12 23:31:48,693 | INFO | src.storage.jsonl_store | Saving object to data/processed/embeddings.jsonl
2026-09-12 23:31:48,693 | INFO | src.storage.jsonl_store | Object saved successfully
2026-09-12 23:31:48,693 | INFO | src.embedders.embedding_generator | Generating embedding for chunk (id=ed497c6c-4651-4c14-8fa3-be45e0b4a428_chunk_6)
2026-09-12 23:31:48,717 | INFO | src.storage.jsonl_store | Saving object to data/processed/embeddings.jsonl
2026-09-12 23:31:48,719 | INFO | src.storage.jsonl_store | Object saved successfully
2026-09-12 23:31:48,719 | INFO | src.embedders.embedding_generator | Generating embedding for chunk (id=ed497c6c-4651-4c14-8fa3-be45e0b4a428_chunk_7)
2026-09-12 23:31:48,753 | INFO | src.storage.jsonl_store | Saving object to data/processed/embeddings.jsonl
2026-09-12 23:31:48,753 | INFO | src.storage.jsonl_store | Object saved successfully
2026-09-12 23:31:48,753 | INFO | src.embedders.embedding_generator | Generating embedding for chunk (id=ed497c6c-4651-4c14-8fa3-be45e0b4a428_chunk_8)
2026-09-12 23:31:48,785 | INFO | src.storage.jsonl_store | Saving object to data/processed/embeddings.jsonl
2026-09-12 23:31:48,786 | INFO | src.storage.jsonl_store | Object saved successfully
2026-09-12 23:31:48,786 | INFO | src.embedders.embedding_generator | Generating embedding for chunk (id=ed497c6c-4651-4c14-8fa3-be45e0b4a428_chunk_9)
2026-09-12 23:31:48,815 | INFO | src.storage.jsonl_store | Saving object to data/processed/embeddings.jsonl
2026-09-12 23:31:48,817 | INFO | src.storage.jsonl_store | Object saved successfully
2026-09-12 23:31:48,818 | INFO | src.embedders.embedding_generator | Generating embedding for chunk (id=ed497c6c-4651-4c14-8fa3-be45e0b4a428_chunk_10)
2026-09-12 23:31:48,843 | INFO | src.storage.jsonl_store | Saving object to data/processed/embeddings.jsonl
2026-09-12 23:31:48,845 | INFO | src.storage.jsonl_store | Object saved successfully
2026-09-12 23:31:48,846 | INFO | src.embedders.embedding_generator | Generating embedding for chunk (id=ed497c6c-4651-4c14-8fa3-be45e0b4a428_chunk_11)
2026-09-12 23:31:48,867 | INFO | src.storage.jsonl_store | Saving object to data/processed/embeddings.jsonl
2026-09-12 23:31:48,869 | INFO | src.storage.jsonl_store | Object saved successfully
2026-09-12 23:31:48,869 | INFO | src.embedders.embedding_generator | Generating embedding for chunk (id=ed497c6c-4651-4c14-8fa3-be45e0b4a428_chunk_12)
2026-09-12 23:31:48,893 | INFO | src.storage.jsonl_store | Saving object to data/processed/embeddings.jsonl
2026-09-12 23:31:48,895 | INFO | src.storage.jsonl_store | Object saved successfully
2026-09-12 23:31:48,895 | INFO | src.embedders.embedding_generator | Generating embedding for chunk (id=ed497c6c-4651-4c14-8fa3-be45e0b4a428_chunk_13)
2026-09-12 23:31:48,918 | INFO | src.storage.jsonl_store | Saving object to data/processed/embeddings.jsonl
2026-09-12 23:31:48,919 | INFO | src.storage.jsonl_store | Object saved successfully
2026-09-12 23:31:48,919 | INFO | src.embedders.embedding_generator | Generating embedding for chunk (id=ed497c6c-4651-4c14-8fa3-be45e0b4a428_chunk_14)
2026-09-12 23:31:48,950 | INFO | src.storage.jsonl_store | Saving object to data/processed/embeddings.jsonl
2026-09-12 23:31:48,953 | INFO | src.storage.jsonl_store | Object saved successfully
2026-09-12 23:31:48,953 | INFO | src.embedders.embedding_generator | Generating embedding for chunk (id=ed497c6c-4651-4c14-8fa3-be45e0b4a428_chunk_15)
2026-09-12 23:31:48,986 | INFO | src.storage.jsonl_store | Saving object to data/processed/embeddings.jsonl
2026-09-12 23:31:48,987 | INFO | src.storage.jsonl_store | Object saved successfully
2026-09-12 23:31:48,987 | INFO | src.embedders.embedding_generator | Generating embedding for chunk (id=ed497c6c-4651-4c14-8fa3-be45e0b4a428_chunk_16)
2026-09-12 23:31:49,004 | INFO | src.storage.jsonl_store | Saving object to data/processed/embeddings.jsonl
2026-09-12 23:31:49,005 | INFO | src.storage.jsonl_store | Object saved successfully
2026-09-12 23:31:49,005 | INFO | src.pipelines.dataset_pipeline | embedding Length=16
2026-09-12 23:31:49,005 | INFO | src.pipelines.dataset_pipeline | Processing URL: https://developer.mozilla.org/en-US/docs/Glossary/Python
2026-09-12 23:31:49,006 | INFO | src.collectors.docs_collector | Collecting document from https://developer.mozilla.org/en-US/docs/Glossary/Python
2026-09-12 23:31:49,248 | INFO | src.collectors.docs_collector | Successfully downloaded page
2026-09-12 23:31:49,353 | INFO | src.collectors.docs_collector | Document created successfully (id=8e19329f-b121-4586-a6c4-122f2dabad88)
2026-09-12 23:31:49,353 | INFO | src.cleaners.document_cleaner | Cleaning document (id=8e19329f-b121-4586-a6c4-122f2dabad88)
2026-09-12 23:31:49,353 | INFO | src.cleaners.document_cleaner | Finished cleaning document (id=8e19329f-b121-4586-a6c4-122f2dabad88)
2026-09-12 23:31:49,353 | INFO | src.validator.document_validator | Validating document (id=8e19329f-b121-4586-a6c4-122f2dabad88)
2026-09-12 23:31:49,353 | INFO | src.enrichers.document_enricher | Enriching document (id=8e19329f-b121-4586-a6c4-122f2dabad88)
2026-09-12 23:31:49,353 | INFO | src.enrichers.document_enricher | Enrichment completed (id=8e19329f-b121-4586-a6c4-122f2dabad88, words=104, chars=705, quality=0.50)
2026-09-12 23:31:49,353 | INFO | src.storage.jsonl_store | Saving object to data/raw/documents.jsonl
2026-09-12 23:31:49,353 | INFO | src.storage.jsonl_store | Object saved successfully
2026-09-12 23:31:49,353 | INFO | src.pipelines.dataset_pipeline | Saved document (id=8e19329f-b121-4586-a6c4-122f2dabad88, title='Python - Glossary | MDN')
2026-09-12 23:31:49,353 | INFO | src.chunkers.document_chunker | Starting chunking for document (id=8e19329f-b121-4586-a6c4-122f2dabad88)
2026-09-12 23:31:49,353 | INFO | src.chunkers.document_chunker | Chunking completed (id=8e19329f-b121-4586-a6c4-122f2dabad88, chunks=4)
2026-09-12 23:31:49,353 | INFO | src.storage.jsonl_store | Saving 4 objects
2026-09-12 23:31:49,353 | INFO | src.storage.jsonl_store | Saving object to data/processed/chunks.jsonl
2026-09-12 23:31:49,353 | INFO | src.storage.jsonl_store | Object saved successfully
2026-09-12 23:31:49,353 | INFO | src.storage.jsonl_store | Saving object to data/processed/chunks.jsonl
2026-09-12 23:31:49,353 | INFO | src.storage.jsonl_store | Object saved successfully
2026-09-12 23:31:49,353 | INFO | src.storage.jsonl_store | Saving object to data/processed/chunks.jsonl
2026-09-12 23:31:49,353 | INFO | src.storage.jsonl_store | Object saved successfully
2026-09-12 23:31:49,353 | INFO | src.storage.jsonl_store | Saving object to data/processed/chunks.jsonl
2026-09-12 23:31:49,361 | INFO | src.storage.jsonl_store | Object saved successfully
2026-09-12 23:31:49,361 | INFO | src.storage.jsonl_store | Finished saving 4 objects
2026-09-12 23:31:49,361 | INFO | src.pipelines.dataset_pipeline | chunk Length=4
2026-09-12 23:31:49,361 | INFO | src.embedders.embedding_generator | Loading embedding model: all-MiniLM-L6-v2
2026-09-12 23:31:49,363 | INFO | sentence_transformers.base.model | No device provided, using cpu
2026-09-12 23:31:49,683 | INFO | httpx | HTTP Request: HEAD https://huggingface.co/sentence-transformers/all-MiniLM-L6-v2/resolve/main/modules.json "HTTP/1.1 307 Temporary Redirect"
2026-09-12 23:31:49,723 | INFO | httpx | HTTP Request: HEAD https://huggingface.co/api/resolve-cache/models/sentence-transformers/all-MiniLM-L6-v2/1110a243fdf4706b3f48f1d95db1a4f5529b4d41/modules.json "HTTP/1.1 200 OK"
2026-09-12 23:31:49,989 | INFO | httpx | HTTP Request: HEAD https://huggingface.co/sentence-transformers/all-MiniLM-L6-v2/resolve/main/config_sentence_transformers.json "HTTP/1.1 307 Temporary Redirect"
2026-09-12 23:31:50,038 | INFO | httpx | HTTP Request: HEAD https://huggingface.co/api/resolve-cache/models/sentence-transformers/all-MiniLM-L6-v2/1110a243fdf4706b3f48f1d95db1a4f5529b4d41/config_sentence_transformers.json "HTTP/1.1 200 OK"
2026-09-12 23:31:50,041 | INFO | sentence_transformers.base.model | Loading SentenceTransformer model from sentence-transformers/all-MiniLM-L6-v2.
2026-09-12 23:31:50,273 | INFO | httpx | HTTP Request: HEAD https://huggingface.co/sentence-transformers/all-MiniLM-L6-v2/resolve/main/config_sentence_transformers.json "HTTP/1.1 307 Temporary Redirect"
2026-09-12 23:31:50,309 | INFO | httpx | HTTP Request: HEAD https://huggingface.co/api/resolve-cache/models/sentence-transformers/all-MiniLM-L6-v2/1110a243fdf4706b3f48f1d95db1a4f5529b4d41/config_sentence_transformers.json "HTTP/1.1 200 OK"
2026-09-12 23:31:50,563 | INFO | httpx | HTTP Request: HEAD https://huggingface.co/sentence-transformers/all-MiniLM-L6-v2/resolve/main/README.md "HTTP/1.1 307 Temporary Redirect"
2026-09-12 23:31:50,593 | INFO | httpx | HTTP Request: HEAD https://huggingface.co/api/resolve-cache/models/sentence-transformers/all-MiniLM-L6-v2/1110a243fdf4706b3f48f1d95db1a4f5529b4d41/README.md "HTTP/1.1 200 OK"
2026-09-12 23:31:50,833 | INFO | httpx | HTTP Request: HEAD https://huggingface.co/sentence-transformers/all-MiniLM-L6-v2/resolve/main/modules.json "HTTP/1.1 307 Temporary Redirect"
2026-09-12 23:31:50,865 | INFO | httpx | HTTP Request: HEAD https://huggingface.co/api/resolve-cache/models/sentence-transformers/all-MiniLM-L6-v2/1110a243fdf4706b3f48f1d95db1a4f5529b4d41/modules.json "HTTP/1.1 200 OK"
2026-09-12 23:31:51,103 | INFO | httpx | HTTP Request: HEAD https://huggingface.co/sentence-transformers/all-MiniLM-L6-v2/resolve/main/sentence_bert_config.json "HTTP/1.1 307 Temporary Redirect"
2026-09-12 23:31:51,143 | INFO | httpx | HTTP Request: HEAD https://huggingface.co/api/resolve-cache/models/sentence-transformers/all-MiniLM-L6-v2/1110a243fdf4706b3f48f1d95db1a4f5529b4d41/sentence_bert_config.json "HTTP/1.1 200 OK"
2026-09-12 23:31:51,422 | INFO | httpx | HTTP Request: HEAD https://huggingface.co/sentence-transformers/all-MiniLM-L6-v2/resolve/main/adapter_config.json "HTTP/1.1 404 Not Found"
2026-09-12 23:31:51,718 | INFO | httpx | HTTP Request: HEAD https://huggingface.co/sentence-transformers/all-MiniLM-L6-v2/resolve/main/config.json "HTTP/1.1 307 Temporary Redirect"
2026-09-12 23:31:51,758 | INFO | httpx | HTTP Request: HEAD https://huggingface.co/api/resolve-cache/models/sentence-transformers/all-MiniLM-L6-v2/1110a243fdf4706b3f48f1d95db1a4f5529b4d41/config.json "HTTP/1.1 200 OK"
2026-09-12 23:31:52,064 | INFO | httpx | HTTP Request: HEAD https://huggingface.co/sentence-transformers/all-MiniLM-L6-v2/resolve/main/processor_config.json "HTTP/1.1 404 Not Found"
2026-09-12 23:31:52,300 | INFO | httpx | HTTP Request: HEAD https://huggingface.co/sentence-transformers/all-MiniLM-L6-v2/resolve/main/preprocessor_config.json "HTTP/1.1 404 Not Found"
2026-09-12 23:31:52,543 | INFO | httpx | HTTP Request: HEAD https://huggingface.co/sentence-transformers/all-MiniLM-L6-v2/resolve/main/video_preprocessor_config.json "HTTP/1.1 404 Not Found"
2026-09-12 23:31:52,773 | INFO | httpx | HTTP Request: HEAD https://huggingface.co/sentence-transformers/all-MiniLM-L6-v2/resolve/main/preprocessor_config.json "HTTP/1.1 404 Not Found"
2026-09-12 23:31:53,018 | INFO | httpx | HTTP Request: HEAD https://huggingface.co/sentence-transformers/all-MiniLM-L6-v2/resolve/main/tokenizer_config.json "HTTP/1.1 307 Temporary Redirect"
2026-09-12 23:31:53,051 | INFO | httpx | HTTP Request: HEAD https://huggingface.co/api/resolve-cache/models/sentence-transformers/all-MiniLM-L6-v2/1110a243fdf4706b3f48f1d95db1a4f5529b4d41/tokenizer_config.json "HTTP/1.1 200 OK"
2026-09-12 23:31:53,292 | INFO | httpx | HTTP Request: HEAD https://huggingface.co/sentence-transformers/all-MiniLM-L6-v2/resolve/main/config.json "HTTP/1.1 307 Temporary Redirect"
2026-09-12 23:31:53,326 | INFO | httpx | HTTP Request: HEAD https://huggingface.co/api/resolve-cache/models/sentence-transformers/all-MiniLM-L6-v2/1110a243fdf4706b3f48f1d95db1a4f5529b4d41/config.json "HTTP/1.1 200 OK"
2026-09-12 23:31:53,563 | INFO | httpx | HTTP Request: HEAD https://huggingface.co/sentence-transformers/all-MiniLM-L6-v2/resolve/main/config.json "HTTP/1.1 307 Temporary Redirect"
2026-09-12 23:31:53,596 | INFO | httpx | HTTP Request: HEAD https://huggingface.co/api/resolve-cache/models/sentence-transformers/all-MiniLM-L6-v2/1110a243fdf4706b3f48f1d95db1a4f5529b4d41/config.json "HTTP/1.1 200 OK"
2026-09-12 23:31:53,837 | INFO | httpx | HTTP Request: HEAD https://huggingface.co/sentence-transformers/all-MiniLM-L6-v2/resolve/main/tokenizer_config.json "HTTP/1.1 307 Temporary Redirect"
2026-09-12 23:31:53,877 | INFO | httpx | HTTP Request: HEAD https://huggingface.co/api/resolve-cache/models/sentence-transformers/all-MiniLM-L6-v2/1110a243fdf4706b3f48f1d95db1a4f5529b4d41/tokenizer_config.json "HTTP/1.1 200 OK"
2026-09-12 23:31:54,113 | INFO | httpx | HTTP Request: GET https://huggingface.co/api/models/sentence-transformers/all-MiniLM-L6-v2/tree/main/additional_chat_templates?recursive=false&expand=false "HTTP/1.1 404 Not Found"
2026-09-12 23:31:54,376 | INFO | httpx | HTTP Request: GET https://huggingface.co/api/models/sentence-transformers/all-MiniLM-L6-v2/tree/main?recursive=true&expand=false "HTTP/1.1 200 OK"
2026-09-12 23:31:54,839 | INFO | httpx | HTTP Request: HEAD https://huggingface.co/sentence-transformers/all-MiniLM-L6-v2/resolve/main/1_Pooling/config.json "HTTP/1.1 307 Temporary Redirect"
2026-09-12 23:31:54,871 | INFO | httpx | HTTP Request: HEAD https://huggingface.co/api/resolve-cache/models/sentence-transformers/all-MiniLM-L6-v2/1110a243fdf4706b3f48f1d95db1a4f5529b4d41/1_Pooling%2Fconfig.json "HTTP/1.1 200 OK"
2026-09-12 23:31:55,123 | INFO | httpx | HTTP Request: GET https://huggingface.co/api/models/sentence-transformers/all-MiniLM-L6-v2 "HTTP/1.1 200 OK"
2026-09-12 23:31:55,123 | INFO | src.embedders.embedding_generator | Embedding model loaded successfully
2026-09-12 23:31:55,123 | INFO | src.embedders.embedding_generator | Generating embedding for chunk (id=8e19329f-b121-4586-a6c4-122f2dabad88_chunk_1)
2026-09-12 23:31:55,184 | INFO | src.storage.jsonl_store | Saving object to data/processed/embeddings.jsonl
2026-09-12 23:31:55,184 | INFO | src.storage.jsonl_store | Object saved successfully
2026-09-12 23:31:55,184 | INFO | src.embedders.embedding_generator | Generating embedding for chunk (id=8e19329f-b121-4586-a6c4-122f2dabad88_chunk_2)
2026-09-12 23:31:55,215 | INFO | src.storage.jsonl_store | Saving object to data/processed/embeddings.jsonl
2026-09-12 23:31:55,217 | INFO | src.storage.jsonl_store | Object saved successfully
2026-09-12 23:31:55,217 | INFO | src.embedders.embedding_generator | Generating embedding for chunk (id=8e19329f-b121-4586-a6c4-122f2dabad88_chunk_3)
2026-09-12 23:31:55,243 | INFO | src.storage.jsonl_store | Saving object to data/processed/embeddings.jsonl
2026-09-12 23:31:55,245 | INFO | src.storage.jsonl_store | Object saved successfully
2026-09-12 23:31:55,245 | INFO | src.embedders.embedding_generator | Generating embedding for chunk (id=8e19329f-b121-4586-a6c4-122f2dabad88_chunk_4)
2026-09-12 23:31:55,268 | INFO | src.storage.jsonl_store | Saving object to data/processed/embeddings.jsonl
2026-09-12 23:31:55,270 | INFO | src.storage.jsonl_store | Object saved successfully
2026-09-12 23:31:55,270 | INFO | src.pipelines.dataset_pipeline | embedding Length=4
2026-09-12 23:31:55,270 | INFO | src.pipelines.dataset_pipeline | Processing URL: https://codehs.com/textbook/intropython_textbook/
2026-09-12 23:31:55,270 | INFO | src.collectors.docs_collector | Collecting document from https://codehs.com/textbook/intropython_textbook/
2026-09-12 23:31:56,111 | INFO | src.collectors.docs_collector | Successfully downloaded page
2026-09-12 23:31:56,184 | INFO | src.collectors.docs_collector | Document created successfully (id=de20f9b0-1190-41f1-ab8e-7c907ed5ddef)
2026-09-12 23:31:56,185 | INFO | src.cleaners.document_cleaner | Cleaning document (id=de20f9b0-1190-41f1-ab8e-7c907ed5ddef)
2026-09-12 23:31:56,185 | INFO | src.cleaners.document_cleaner | Finished cleaning document (id=de20f9b0-1190-41f1-ab8e-7c907ed5ddef)
2026-09-12 23:31:56,185 | INFO | src.validator.document_validator | Validating document (id=de20f9b0-1190-41f1-ab8e-7c907ed5ddef)
2026-09-12 23:31:56,186 | INFO | src.enrichers.document_enricher | Enriching document (id=de20f9b0-1190-41f1-ab8e-7c907ed5ddef)
2026-09-12 23:31:56,186 | INFO | src.enrichers.document_enricher | Enrichment completed (id=de20f9b0-1190-41f1-ab8e-7c907ed5ddef, words=45, chars=275, quality=0.50)
2026-09-12 23:31:56,186 | INFO | src.storage.jsonl_store | Saving object to data/raw/documents.jsonl
2026-09-12 23:31:56,187 | INFO | src.storage.jsonl_store | Object saved successfully
2026-09-12 23:31:56,187 | INFO | src.pipelines.dataset_pipeline | Saved document (id=de20f9b0-1190-41f1-ab8e-7c907ed5ddef, title='Textbook: Intro to Python Textbook | CodeHS')
2026-09-12 23:31:56,187 | INFO | src.chunkers.document_chunker | Starting chunking for document (id=de20f9b0-1190-41f1-ab8e-7c907ed5ddef)
2026-09-12 23:31:56,187 | INFO | src.chunkers.document_chunker | Chunking completed (id=de20f9b0-1190-41f1-ab8e-7c907ed5ddef, chunks=2)
2026-09-12 23:31:56,188 | INFO | src.storage.jsonl_store | Saving 2 objects
2026-09-12 23:31:56,188 | INFO | src.storage.jsonl_store | Saving object to data/processed/chunks.jsonl
2026-09-12 23:31:56,188 | INFO | src.storage.jsonl_store | Object saved successfully
2026-09-12 23:31:56,188 | INFO | src.storage.jsonl_store | Saving object to data/processed/chunks.jsonl
2026-09-12 23:31:56,189 | INFO | src.storage.jsonl_store | Object saved successfully
2026-09-12 23:31:56,189 | INFO | src.storage.jsonl_store | Finished saving 2 objects
2026-09-12 23:31:56,189 | INFO | src.pipelines.dataset_pipeline | chunk Length=2
2026-09-12 23:31:56,189 | INFO | src.embedders.embedding_generator | Loading embedding model: all-MiniLM-L6-v2
2026-09-12 23:31:56,191 | INFO | sentence_transformers.base.model | No device provided, using cpu
2026-09-12 23:31:56,432 | INFO | httpx | HTTP Request: HEAD https://huggingface.co/sentence-transformers/all-MiniLM-L6-v2/resolve/main/modules.json "HTTP/1.1 307 Temporary Redirect"
2026-09-12 23:31:56,489 | INFO | httpx | HTTP Request: HEAD https://huggingface.co/api/resolve-cache/models/sentence-transformers/all-MiniLM-L6-v2/1110a243fdf4706b3f48f1d95db1a4f5529b4d41/modules.json "HTTP/1.1 200 OK"
2026-09-12 23:31:56,752 | INFO | httpx | HTTP Request: HEAD https://huggingface.co/sentence-transformers/all-MiniLM-L6-v2/resolve/main/config_sentence_transformers.json "HTTP/1.1 307 Temporary Redirect"
2026-09-12 23:31:56,789 | INFO | httpx | HTTP Request: HEAD https://huggingface.co/api/resolve-cache/models/sentence-transformers/all-MiniLM-L6-v2/1110a243fdf4706b3f48f1d95db1a4f5529b4d41/config_sentence_transformers.json "HTTP/1.1 200 OK"
2026-09-12 23:31:56,791 | INFO | sentence_transformers.base.model | Loading SentenceTransformer model from sentence-transformers/all-MiniLM-L6-v2.
2026-09-12 23:31:57,113 | INFO | httpx | HTTP Request: HEAD https://huggingface.co/sentence-transformers/all-MiniLM-L6-v2/resolve/main/config_sentence_transformers.json "HTTP/1.1 307 Temporary Redirect"
2026-09-12 23:31:57,204 | INFO | httpx | HTTP Request: HEAD https://huggingface.co/api/resolve-cache/models/sentence-transformers/all-MiniLM-L6-v2/1110a243fdf4706b3f48f1d95db1a4f5529b4d41/config_sentence_transformers.json "HTTP/1.1 200 OK"
2026-09-12 23:31:57,463 | INFO | httpx | HTTP Request: HEAD https://huggingface.co/sentence-transformers/all-MiniLM-L6-v2/resolve/main/README.md "HTTP/1.1 307 Temporary Redirect"
2026-09-12 23:31:57,502 | INFO | httpx | HTTP Request: HEAD https://huggingface.co/api/resolve-cache/models/sentence-transformers/all-MiniLM-L6-v2/1110a243fdf4706b3f48f1d95db1a4f5529b4d41/README.md "HTTP/1.1 200 OK"
2026-09-12 23:31:57,784 | INFO | httpx | HTTP Request: HEAD https://huggingface.co/sentence-transformers/all-MiniLM-L6-v2/resolve/main/modules.json "HTTP/1.1 307 Temporary Redirect"
2026-09-12 23:31:57,868 | INFO | httpx | HTTP Request: HEAD https://huggingface.co/api/resolve-cache/models/sentence-transformers/all-MiniLM-L6-v2/1110a243fdf4706b3f48f1d95db1a4f5529b4d41/modules.json "HTTP/1.1 200 OK"
2026-09-12 23:31:58,136 | INFO | httpx | HTTP Request: HEAD https://huggingface.co/sentence-transformers/all-MiniLM-L6-v2/resolve/main/sentence_bert_config.json "HTTP/1.1 307 Temporary Redirect"
2026-09-12 23:31:58,173 | INFO | httpx | HTTP Request: HEAD https://huggingface.co/api/resolve-cache/models/sentence-transformers/all-MiniLM-L6-v2/1110a243fdf4706b3f48f1d95db1a4f5529b4d41/sentence_bert_config.json "HTTP/1.1 200 OK"
2026-09-12 23:31:58,506 | INFO | httpx | HTTP Request: HEAD https://huggingface.co/sentence-transformers/all-MiniLM-L6-v2/resolve/main/adapter_config.json "HTTP/1.1 404 Not Found"
2026-09-12 23:31:58,739 | INFO | httpx | HTTP Request: HEAD https://huggingface.co/sentence-transformers/all-MiniLM-L6-v2/resolve/main/config.json "HTTP/1.1 307 Temporary Redirect"
2026-09-12 23:31:58,811 | INFO | httpx | HTTP Request: HEAD https://huggingface.co/api/resolve-cache/models/sentence-transformers/all-MiniLM-L6-v2/1110a243fdf4706b3f48f1d95db1a4f5529b4d41/config.json "HTTP/1.1 200 OK"
2026-09-12 23:31:59,173 | INFO | httpx | HTTP Request: HEAD https://huggingface.co/sentence-transformers/all-MiniLM-L6-v2/resolve/main/processor_config.json "HTTP/1.1 404 Not Found"
2026-09-12 23:31:59,418 | INFO | httpx | HTTP Request: HEAD https://huggingface.co/sentence-transformers/all-MiniLM-L6-v2/resolve/main/preprocessor_config.json "HTTP/1.1 404 Not Found"
2026-09-12 23:31:59,689 | INFO | httpx | HTTP Request: HEAD https://huggingface.co/sentence-transformers/all-MiniLM-L6-v2/resolve/main/video_preprocessor_config.json "HTTP/1.1 404 Not Found"
2026-09-12 23:31:59,948 | INFO | httpx | HTTP Request: HEAD https://huggingface.co/sentence-transformers/all-MiniLM-L6-v2/resolve/main/preprocessor_config.json "HTTP/1.1 404 Not Found"
2026-09-12 23:32:00,197 | INFO | httpx | HTTP Request: HEAD https://huggingface.co/sentence-transformers/all-MiniLM-L6-v2/resolve/main/tokenizer_config.json "HTTP/1.1 307 Temporary Redirect"
2026-09-12 23:32:00,235 | INFO | httpx | HTTP Request: HEAD https://huggingface.co/api/resolve-cache/models/sentence-transformers/all-MiniLM-L6-v2/1110a243fdf4706b3f48f1d95db1a4f5529b4d41/tokenizer_config.json "HTTP/1.1 200 OK"
2026-09-12 23:32:00,473 | INFO | httpx | HTTP Request: HEAD https://huggingface.co/sentence-transformers/all-MiniLM-L6-v2/resolve/main/config.json "HTTP/1.1 307 Temporary Redirect"
2026-09-12 23:32:00,535 | INFO | httpx | HTTP Request: HEAD https://huggingface.co/api/resolve-cache/models/sentence-transformers/all-MiniLM-L6-v2/1110a243fdf4706b3f48f1d95db1a4f5529b4d41/config.json "HTTP/1.1 200 OK"
2026-09-12 23:32:00,778 | INFO | httpx | HTTP Request: HEAD https://huggingface.co/sentence-transformers/all-MiniLM-L6-v2/resolve/main/config.json "HTTP/1.1 307 Temporary Redirect"
2026-09-12 23:32:00,806 | INFO | httpx | HTTP Request: HEAD https://huggingface.co/api/resolve-cache/models/sentence-transformers/all-MiniLM-L6-v2/1110a243fdf4706b3f48f1d95db1a4f5529b4d41/config.json "HTTP/1.1 200 OK"
2026-09-12 23:32:01,046 | INFO | httpx | HTTP Request: HEAD https://huggingface.co/sentence-transformers/all-MiniLM-L6-v2/resolve/main/tokenizer_config.json "HTTP/1.1 307 Temporary Redirect"
2026-09-12 23:32:01,073 | INFO | httpx | HTTP Request: HEAD https://huggingface.co/api/resolve-cache/models/sentence-transformers/all-MiniLM-L6-v2/1110a243fdf4706b3f48f1d95db1a4f5529b4d41/tokenizer_config.json "HTTP/1.1 200 OK"
2026-09-12 23:32:01,326 | INFO | httpx | HTTP Request: GET https://huggingface.co/api/models/sentence-transformers/all-MiniLM-L6-v2/tree/main/additional_chat_templates?recursive=false&expand=false "HTTP/1.1 404 Not Found"
2026-09-12 23:32:01,568 | INFO | httpx | HTTP Request: GET https://huggingface.co/api/models/sentence-transformers/all-MiniLM-L6-v2/tree/main?recursive=true&expand=false "HTTP/1.1 200 OK"
2026-09-12 23:32:01,903 | INFO | httpx | HTTP Request: HEAD https://huggingface.co/sentence-transformers/all-MiniLM-L6-v2/resolve/main/1_Pooling/config.json "HTTP/1.1 307 Temporary Redirect"
2026-09-12 23:32:01,934 | INFO | httpx | HTTP Request: HEAD https://huggingface.co/api/resolve-cache/models/sentence-transformers/all-MiniLM-L6-v2/1110a243fdf4706b3f48f1d95db1a4f5529b4d41/1_Pooling%2Fconfig.json "HTTP/1.1 200 OK"
2026-09-12 23:32:02,185 | INFO | httpx | HTTP Request: GET https://huggingface.co/api/models/sentence-transformers/all-MiniLM-L6-v2 "HTTP/1.1 200 OK"
2026-09-12 23:32:02,189 | INFO | src.embedders.embedding_generator | Embedding model loaded successfully
2026-09-12 23:32:02,190 | INFO | src.embedders.embedding_generator | Generating embedding for chunk (id=de20f9b0-1190-41f1-ab8e-7c907ed5ddef_chunk_1)
2026-09-12 23:32:02,238 | INFO | src.storage.jsonl_store | Saving object to data/processed/embeddings.jsonl
2026-09-12 23:32:02,239 | INFO | src.storage.jsonl_store | Object saved successfully
2026-09-12 23:32:02,239 | INFO | src.embedders.embedding_generator | Generating embedding for chunk (id=de20f9b0-1190-41f1-ab8e-7c907ed5ddef_chunk_2)
2026-09-12 23:32:02,258 | INFO | src.storage.jsonl_store | Saving object to data/processed/embeddings.jsonl
2026-09-12 23:32:02,260 | INFO | src.storage.jsonl_store | Object saved successfully
2026-09-12 23:32:02,260 | INFO | src.pipelines.dataset_pipeline | embedding Length=2
2026-09-12 23:32:02,260 | INFO | src.pipelines.dataset_pipeline | Processing URL: https://coddy.tech/docs/python/input-and-print
2026-09-12 23:32:02,260 | INFO | src.collectors.docs_collector | Collecting document from https://coddy.tech/docs/python/input-and-print
2026-09-12 23:32:02,453 | INFO | src.collectors.docs_collector | Successfully downloaded page
2026-09-12 23:32:02,505 | INFO | src.collectors.docs_collector | Document created successfully (id=42b0d89a-4841-44f1-9bf0-959109434e72)
2026-09-12 23:32:02,506 | INFO | src.cleaners.document_cleaner | Cleaning document (id=42b0d89a-4841-44f1-9bf0-959109434e72)
2026-09-12 23:32:02,507 | INFO | src.cleaners.document_cleaner | Finished cleaning document (id=42b0d89a-4841-44f1-9bf0-959109434e72)
2026-09-12 23:32:02,507 | INFO | src.validator.document_validator | Validating document (id=42b0d89a-4841-44f1-9bf0-959109434e72)
2026-09-12 23:32:02,507 | INFO | src.enrichers.document_enricher | Enriching document (id=42b0d89a-4841-44f1-9bf0-959109434e72)
2026-09-12 23:32:02,507 | INFO | src.enrichers.document_enricher | Enrichment completed (id=42b0d89a-4841-44f1-9bf0-959109434e72, words=629, chars=3601, quality=1.00)
2026-09-12 23:32:02,507 | INFO | src.storage.jsonl_store | Saving object to data/raw/documents.jsonl
2026-09-12 23:32:02,508 | INFO | src.storage.jsonl_store | Object saved successfully
2026-09-12 23:32:02,508 | INFO | src.pipelines.dataset_pipeline | Saved document (id=42b0d89a-4841-44f1-9bf0-959109434e72, title='Runnable Python Docs: Input & Print | Coddy')
2026-09-12 23:32:02,508 | INFO | src.chunkers.document_chunker | Starting chunking for document (id=42b0d89a-4841-44f1-9bf0-959109434e72)
2026-09-12 23:32:02,508 | INFO | src.chunkers.document_chunker | Chunking completed (id=42b0d89a-4841-44f1-9bf0-959109434e72, chunks=19)
2026-09-12 23:32:02,508 | INFO | src.storage.jsonl_store | Saving 19 objects
2026-09-12 23:32:02,508 | INFO | src.storage.jsonl_store | Saving object to data/processed/chunks.jsonl
2026-09-12 23:32:02,508 | INFO | src.storage.jsonl_store | Object saved successfully
2026-09-12 23:32:02,509 | INFO | src.storage.jsonl_store | Saving object to data/processed/chunks.jsonl
2026-09-12 23:32:02,509 | INFO | src.storage.jsonl_store | Object saved successfully
2026-09-12 23:32:02,509 | INFO | src.storage.jsonl_store | Saving object to data/processed/chunks.jsonl
2026-09-12 23:32:02,509 | INFO | src.storage.jsonl_store | Object saved successfully
2026-09-12 23:32:02,509 | INFO | src.storage.jsonl_store | Saving object to data/processed/chunks.jsonl
2026-09-12 23:32:02,511 | INFO | src.storage.jsonl_store | Object saved successfully
2026-09-12 23:32:02,511 | INFO | src.storage.jsonl_store | Saving object to data/processed/chunks.jsonl
2026-09-12 23:32:02,511 | INFO | src.storage.jsonl_store | Object saved successfully
2026-09-12 23:32:02,511 | INFO | src.storage.jsonl_store | Saving object to data/processed/chunks.jsonl
2026-09-12 23:32:02,511 | INFO | src.storage.jsonl_store | Object saved successfully
2026-09-12 23:32:02,512 | INFO | src.storage.jsonl_store | Saving object to data/processed/chunks.jsonl
2026-09-12 23:32:02,512 | INFO | src.storage.jsonl_store | Object saved successfully
2026-09-12 23:32:02,513 | INFO | src.storage.jsonl_store | Saving object to data/processed/chunks.jsonl
2026-09-12 23:32:02,513 | INFO | src.storage.jsonl_store | Object saved successfully
2026-09-12 23:32:02,513 | INFO | src.storage.jsonl_store | Saving object to data/processed/chunks.jsonl
2026-09-12 23:32:02,513 | INFO | src.storage.jsonl_store | Object saved successfully
2026-09-12 23:32:02,513 | INFO | src.storage.jsonl_store | Saving object to data/processed/chunks.jsonl
2026-09-12 23:32:02,514 | INFO | src.storage.jsonl_store | Object saved successfully
2026-09-12 23:32:02,514 | INFO | src.storage.jsonl_store | Saving object to data/processed/chunks.jsonl
2026-09-12 23:32:02,515 | INFO | src.storage.jsonl_store | Object saved successfully
2026-09-12 23:32:02,515 | INFO | src.storage.jsonl_store | Saving object to data/processed/chunks.jsonl
2026-09-12 23:32:02,515 | INFO | src.storage.jsonl_store | Object saved successfully
2026-09-12 23:32:02,516 | INFO | src.storage.jsonl_store | Saving object to data/processed/chunks.jsonl
2026-09-12 23:32:02,516 | INFO | src.storage.jsonl_store | Object saved successfully
2026-09-12 23:32:02,517 | INFO | src.storage.jsonl_store | Saving object to data/processed/chunks.jsonl
2026-09-12 23:32:02,517 | INFO | src.storage.jsonl_store | Object saved successfully
2026-09-12 23:32:02,517 | INFO | src.storage.jsonl_store | Saving object to data/processed/chunks.jsonl
2026-09-12 23:32:02,517 | INFO | src.storage.jsonl_store | Object saved successfully
2026-09-12 23:32:02,517 | INFO | src.storage.jsonl_store | Saving object to data/processed/chunks.jsonl
2026-09-12 23:32:02,520 | INFO | src.storage.jsonl_store | Object saved successfully
2026-09-12 23:32:02,520 | INFO | src.storage.jsonl_store | Saving object to data/processed/chunks.jsonl
2026-09-12 23:32:02,520 | INFO | src.storage.jsonl_store | Object saved successfully
2026-09-12 23:32:02,520 | INFO | src.storage.jsonl_store | Saving object to data/processed/chunks.jsonl
2026-09-12 23:32:02,520 | INFO | src.storage.jsonl_store | Object saved successfully
2026-09-12 23:32:02,520 | INFO | src.storage.jsonl_store | Saving object to data/processed/chunks.jsonl
2026-09-12 23:32:02,522 | INFO | src.storage.jsonl_store | Object saved successfully
2026-09-12 23:32:02,522 | INFO | src.storage.jsonl_store | Finished saving 19 objects
2026-09-12 23:32:02,522 | INFO | src.pipelines.dataset_pipeline | chunk Length=19
2026-09-12 23:32:02,522 | INFO | src.embedders.embedding_generator | Loading embedding model: all-MiniLM-L6-v2
2026-09-12 23:32:02,523 | INFO | sentence_transformers.base.model | No device provided, using cpu
2026-09-12 23:32:02,755 | INFO | httpx | HTTP Request: HEAD https://huggingface.co/sentence-transformers/all-MiniLM-L6-v2/resolve/main/modules.json "HTTP/1.1 307 Temporary Redirect"
2026-09-12 23:32:02,798 | INFO | httpx | HTTP Request: HEAD https://huggingface.co/api/resolve-cache/models/sentence-transformers/all-MiniLM-L6-v2/1110a243fdf4706b3f48f1d95db1a4f5529b4d41/modules.json "HTTP/1.1 200 OK"
2026-09-12 23:32:03,094 | INFO | httpx | HTTP Request: HEAD https://huggingface.co/sentence-transformers/all-MiniLM-L6-v2/resolve/main/config_sentence_transformers.json "HTTP/1.1 307 Temporary Redirect"
2026-09-12 23:32:03,154 | INFO | httpx | HTTP Request: HEAD https://huggingface.co/api/resolve-cache/models/sentence-transformers/all-MiniLM-L6-v2/1110a243fdf4706b3f48f1d95db1a4f5529b4d41/config_sentence_transformers.json "HTTP/1.1 200 OK"
2026-09-12 23:32:03,159 | INFO | sentence_transformers.base.model | Loading SentenceTransformer model from sentence-transformers/all-MiniLM-L6-v2.
2026-09-12 23:32:03,413 | INFO | httpx | HTTP Request: HEAD https://huggingface.co/sentence-transformers/all-MiniLM-L6-v2/resolve/main/config_sentence_transformers.json "HTTP/1.1 307 Temporary Redirect"
2026-09-12 23:32:03,443 | INFO | httpx | HTTP Request: HEAD https://huggingface.co/api/resolve-cache/models/sentence-transformers/all-MiniLM-L6-v2/1110a243fdf4706b3f48f1d95db1a4f5529b4d41/config_sentence_transformers.json "HTTP/1.1 200 OK"
2026-09-12 23:32:03,706 | INFO | httpx | HTTP Request: HEAD https://huggingface.co/sentence-transformers/all-MiniLM-L6-v2/resolve/main/README.md "HTTP/1.1 307 Temporary Redirect"
2026-09-12 23:32:03,743 | INFO | httpx | HTTP Request: HEAD https://huggingface.co/api/resolve-cache/models/sentence-transformers/all-MiniLM-L6-v2/1110a243fdf4706b3f48f1d95db1a4f5529b4d41/README.md "HTTP/1.1 200 OK"
2026-09-12 23:32:04,003 | INFO | httpx | HTTP Request: HEAD https://huggingface.co/sentence-transformers/all-MiniLM-L6-v2/resolve/main/modules.json "HTTP/1.1 307 Temporary Redirect"
2026-09-12 23:32:04,359 | INFO | httpx | HTTP Request: HEAD https://huggingface.co/api/resolve-cache/models/sentence-transformers/all-MiniLM-L6-v2/1110a243fdf4706b3f48f1d95db1a4f5529b4d41/modules.json "HTTP/1.1 200 OK"
2026-09-12 23:32:04,714 | INFO | httpx | HTTP Request: HEAD https://huggingface.co/sentence-transformers/all-MiniLM-L6-v2/resolve/main/sentence_bert_config.json "HTTP/1.1 307 Temporary Redirect"
2026-09-12 23:32:04,763 | INFO | httpx | HTTP Request: HEAD https://huggingface.co/api/resolve-cache/models/sentence-transformers/all-MiniLM-L6-v2/1110a243fdf4706b3f48f1d95db1a4f5529b4d41/sentence_bert_config.json "HTTP/1.1 200 OK"
2026-09-12 23:32:05,033 | INFO | httpx | HTTP Request: HEAD https://huggingface.co/sentence-transformers/all-MiniLM-L6-v2/resolve/main/adapter_config.json "HTTP/1.1 404 Not Found"
2026-09-12 23:32:05,291 | INFO | httpx | HTTP Request: HEAD https://huggingface.co/sentence-transformers/all-MiniLM-L6-v2/resolve/main/config.json "HTTP/1.1 307 Temporary Redirect"
2026-09-12 23:32:05,417 | INFO | httpx | HTTP Request: HEAD https://huggingface.co/api/resolve-cache/models/sentence-transformers/all-MiniLM-L6-v2/1110a243fdf4706b3f48f1d95db1a4f5529b4d41/config.json "HTTP/1.1 200 OK"
2026-09-12 23:32:05,806 | INFO | httpx | HTTP Request: HEAD https://huggingface.co/sentence-transformers/all-MiniLM-L6-v2/resolve/main/processor_config.json "HTTP/1.1 404 Not Found"
2026-09-12 23:32:06,137 | INFO | httpx | HTTP Request: HEAD https://huggingface.co/sentence-transformers/all-MiniLM-L6-v2/resolve/main/preprocessor_config.json "HTTP/1.1 404 Not Found"
2026-09-12 23:32:06,380 | INFO | httpx | HTTP Request: HEAD https://huggingface.co/sentence-transformers/all-MiniLM-L6-v2/resolve/main/video_preprocessor_config.json "HTTP/1.1 404 Not Found"
2026-09-12 23:32:06,623 | INFO | httpx | HTTP Request: HEAD https://huggingface.co/sentence-transformers/all-MiniLM-L6-v2/resolve/main/preprocessor_config.json "HTTP/1.1 404 Not Found"
2026-09-12 23:32:06,885 | INFO | httpx | HTTP Request: HEAD https://huggingface.co/sentence-transformers/all-MiniLM-L6-v2/resolve/main/tokenizer_config.json "HTTP/1.1 307 Temporary Redirect"
2026-09-12 23:32:06,913 | INFO | httpx | HTTP Request: HEAD https://huggingface.co/api/resolve-cache/models/sentence-transformers/all-MiniLM-L6-v2/1110a243fdf4706b3f48f1d95db1a4f5529b4d41/tokenizer_config.json "HTTP/1.1 200 OK"
2026-09-12 23:32:07,166 | INFO | httpx | HTTP Request: HEAD https://huggingface.co/sentence-transformers/all-MiniLM-L6-v2/resolve/main/config.json "HTTP/1.1 307 Temporary Redirect"
2026-09-12 23:32:07,206 | INFO | httpx | HTTP Request: HEAD https://huggingface.co/api/resolve-cache/models/sentence-transformers/all-MiniLM-L6-v2/1110a243fdf4706b3f48f1d95db1a4f5529b4d41/config.json "HTTP/1.1 200 OK"
2026-09-12 23:32:07,495 | INFO | httpx | HTTP Request: HEAD https://huggingface.co/sentence-transformers/all-MiniLM-L6-v2/resolve/main/config.json "HTTP/1.1 307 Temporary Redirect"
2026-09-12 23:32:07,530 | INFO | httpx | HTTP Request: HEAD https://huggingface.co/api/resolve-cache/models/sentence-transformers/all-MiniLM-L6-v2/1110a243fdf4706b3f48f1d95db1a4f5529b4d41/config.json "HTTP/1.1 200 OK"
2026-09-12 23:32:07,793 | INFO | httpx | HTTP Request: HEAD https://huggingface.co/sentence-transformers/all-MiniLM-L6-v2/resolve/main/tokenizer_config.json "HTTP/1.1 307 Temporary Redirect"
2026-09-12 23:32:07,903 | INFO | httpx | HTTP Request: HEAD https://huggingface.co/api/resolve-cache/models/sentence-transformers/all-MiniLM-L6-v2/1110a243fdf4706b3f48f1d95db1a4f5529b4d41/tokenizer_config.json "HTTP/1.1 200 OK"
2026-09-12 23:32:08,167 | INFO | httpx | HTTP Request: GET https://huggingface.co/api/models/sentence-transformers/all-MiniLM-L6-v2/tree/main/additional_chat_templates?recursive=false&expand=false "HTTP/1.1 404 Not Found"
2026-09-12 23:32:08,404 | INFO | httpx | HTTP Request: GET https://huggingface.co/api/models/sentence-transformers/all-MiniLM-L6-v2/tree/main?recursive=true&expand=false "HTTP/1.1 200 OK"
2026-09-12 23:32:08,777 | INFO | httpx | HTTP Request: HEAD https://huggingface.co/sentence-transformers/all-MiniLM-L6-v2/resolve/main/1_Pooling/config.json "HTTP/1.1 307 Temporary Redirect"
2026-09-12 23:32:08,813 | INFO | httpx | HTTP Request: HEAD https://huggingface.co/api/resolve-cache/models/sentence-transformers/all-MiniLM-L6-v2/1110a243fdf4706b3f48f1d95db1a4f5529b4d41/1_Pooling%2Fconfig.json "HTTP/1.1 200 OK"
2026-09-12 23:32:09,053 | INFO | httpx | HTTP Request: GET https://huggingface.co/api/models/sentence-transformers/all-MiniLM-L6-v2 "HTTP/1.1 200 OK"
2026-09-12 23:32:09,053 | INFO | src.embedders.embedding_generator | Embedding model loaded successfully
2026-09-12 23:32:09,063 | INFO | src.embedders.embedding_generator | Generating embedding for chunk (id=42b0d89a-4841-44f1-9bf0-959109434e72_chunk_1)
2026-09-12 23:32:09,110 | INFO | src.storage.jsonl_store | Saving object to data/processed/embeddings.jsonl
2026-09-12 23:32:09,113 | INFO | src.storage.jsonl_store | Object saved successfully
2026-09-12 23:32:09,113 | INFO | src.embedders.embedding_generator | Generating embedding for chunk (id=42b0d89a-4841-44f1-9bf0-959109434e72_chunk_2)
2026-09-12 23:32:09,135 | INFO | src.storage.jsonl_store | Saving object to data/processed/embeddings.jsonl
2026-09-12 23:32:09,136 | INFO | src.storage.jsonl_store | Object saved successfully
2026-09-12 23:32:09,136 | INFO | src.embedders.embedding_generator | Generating embedding for chunk (id=42b0d89a-4841-44f1-9bf0-959109434e72_chunk_3)
2026-09-12 23:32:09,163 | INFO | src.storage.jsonl_store | Saving object to data/processed/embeddings.jsonl
2026-09-12 23:32:09,164 | INFO | src.storage.jsonl_store | Object saved successfully
2026-09-12 23:32:09,164 | INFO | src.embedders.embedding_generator | Generating embedding for chunk (id=42b0d89a-4841-44f1-9bf0-959109434e72_chunk_4)
2026-09-12 23:32:09,189 | INFO | src.storage.jsonl_store | Saving object to data/processed/embeddings.jsonl
2026-09-12 23:32:09,189 | INFO | src.storage.jsonl_store | Object saved successfully
2026-09-12 23:32:09,189 | INFO | src.embedders.embedding_generator | Generating embedding for chunk (id=42b0d89a-4841-44f1-9bf0-959109434e72_chunk_5)
2026-09-12 23:32:09,218 | INFO | src.storage.jsonl_store | Saving object to data/processed/embeddings.jsonl
2026-09-12 23:32:09,219 | INFO | src.storage.jsonl_store | Object saved successfully
2026-09-12 23:32:09,219 | INFO | src.embedders.embedding_generator | Generating embedding for chunk (id=42b0d89a-4841-44f1-9bf0-959109434e72_chunk_6)
2026-09-12 23:32:09,243 | INFO | src.storage.jsonl_store | Saving object to data/processed/embeddings.jsonl
2026-09-12 23:32:09,245 | INFO | src.storage.jsonl_store | Object saved successfully
2026-09-12 23:32:09,245 | INFO | src.embedders.embedding_generator | Generating embedding for chunk (id=42b0d89a-4841-44f1-9bf0-959109434e72_chunk_7)
2026-09-12 23:32:09,270 | INFO | src.storage.jsonl_store | Saving object to data/processed/embeddings.jsonl
2026-09-12 23:32:09,272 | INFO | src.storage.jsonl_store | Object saved successfully
2026-09-12 23:32:09,272 | INFO | src.embedders.embedding_generator | Generating embedding for chunk (id=42b0d89a-4841-44f1-9bf0-959109434e72_chunk_8)
2026-09-12 23:32:09,303 | INFO | src.storage.jsonl_store | Saving object to data/processed/embeddings.jsonl
2026-09-12 23:32:09,304 | INFO | src.storage.jsonl_store | Object saved successfully
2026-09-12 23:32:09,304 | INFO | src.embedders.embedding_generator | Generating embedding for chunk (id=42b0d89a-4841-44f1-9bf0-959109434e72_chunk_9)
2026-09-12 23:32:09,332 | INFO | src.storage.jsonl_store | Saving object to data/processed/embeddings.jsonl
2026-09-12 23:32:09,335 | INFO | src.storage.jsonl_store | Object saved successfully
2026-09-12 23:32:09,335 | INFO | src.embedders.embedding_generator | Generating embedding for chunk (id=42b0d89a-4841-44f1-9bf0-959109434e72_chunk_10)
2026-09-12 23:32:09,367 | INFO | src.storage.jsonl_store | Saving object to data/processed/embeddings.jsonl
2026-09-12 23:32:09,369 | INFO | src.storage.jsonl_store | Object saved successfully
2026-09-12 23:32:09,369 | INFO | src.embedders.embedding_generator | Generating embedding for chunk (id=42b0d89a-4841-44f1-9bf0-959109434e72_chunk_11)
2026-09-12 23:32:09,393 | INFO | src.storage.jsonl_store | Saving object to data/processed/embeddings.jsonl
2026-09-12 23:32:09,395 | INFO | src.storage.jsonl_store | Object saved successfully
2026-09-12 23:32:09,395 | INFO | src.embedders.embedding_generator | Generating embedding for chunk (id=42b0d89a-4841-44f1-9bf0-959109434e72_chunk_12)
2026-09-12 23:32:09,427 | INFO | src.storage.jsonl_store | Saving object to data/processed/embeddings.jsonl
2026-09-12 23:32:09,429 | INFO | src.storage.jsonl_store | Object saved successfully
2026-09-12 23:32:09,429 | INFO | src.embedders.embedding_generator | Generating embedding for chunk (id=42b0d89a-4841-44f1-9bf0-959109434e72_chunk_13)
2026-09-12 23:32:09,531 | INFO | src.storage.jsonl_store | Saving object to data/processed/embeddings.jsonl
2026-09-12 23:32:09,536 | INFO | src.storage.jsonl_store | Object saved successfully
2026-09-12 23:32:09,540 | INFO | src.embedders.embedding_generator | Generating embedding for chunk (id=42b0d89a-4841-44f1-9bf0-959109434e72_chunk_14)
2026-09-12 23:32:09,626 | INFO | src.storage.jsonl_store | Saving object to data/processed/embeddings.jsonl
2026-09-12 23:32:09,632 | INFO | src.storage.jsonl_store | Object saved successfully
2026-09-12 23:32:09,637 | INFO | src.embedders.embedding_generator | Generating embedding for chunk (id=42b0d89a-4841-44f1-9bf0-959109434e72_chunk_15)
2026-09-12 23:32:09,673 | INFO | src.storage.jsonl_store | Saving object to data/processed/embeddings.jsonl
2026-09-12 23:32:09,675 | INFO | src.storage.jsonl_store | Object saved successfully
2026-09-12 23:32:09,675 | INFO | src.embedders.embedding_generator | Generating embedding for chunk (id=42b0d89a-4841-44f1-9bf0-959109434e72_chunk_16)
2026-09-12 23:32:09,696 | INFO | src.storage.jsonl_store | Saving object to data/processed/embeddings.jsonl
2026-09-12 23:32:09,697 | INFO | src.storage.jsonl_store | Object saved successfully
2026-09-12 23:32:09,697 | INFO | src.embedders.embedding_generator | Generating embedding for chunk (id=42b0d89a-4841-44f1-9bf0-959109434e72_chunk_17)
2026-09-12 23:32:09,713 | INFO | src.storage.jsonl_store | Saving object to data/processed/embeddings.jsonl
2026-09-12 23:32:09,717 | INFO | src.storage.jsonl_store | Object saved successfully
2026-09-12 23:32:09,717 | INFO | src.embedders.embedding_generator | Generating embedding for chunk (id=42b0d89a-4841-44f1-9bf0-959109434e72_chunk_18)
2026-09-12 23:32:09,745 | INFO | src.storage.jsonl_store | Saving object to data/processed/embeddings.jsonl
2026-09-12 23:32:09,746 | INFO | src.storage.jsonl_store | Object saved successfully
2026-09-12 23:32:09,746 | INFO | src.embedders.embedding_generator | Generating embedding for chunk (id=42b0d89a-4841-44f1-9bf0-959109434e72_chunk_19)
2026-09-12 23:32:09,759 | INFO | src.storage.jsonl_store | Saving object to data/processed/embeddings.jsonl
2026-09-12 23:32:09,762 | INFO | src.storage.jsonl_store | Object saved successfully
2026-09-12 23:32:09,762 | INFO | src.pipelines.dataset_pipeline | embedding Length=19
2026-09-12 23:32:09,762 | INFO | src.pipelines.dataset_pipeline | Processing URL: https://.tech/docs/python/input-and-print
2026-09-12 23:32:09,762 | INFO | src.collectors.docs_collector | Collecting document from https://.tech/docs/python/input-and-print
2026-09-12 23:32:09,763 | ERROR | src.collectors.docs_collector | Failed to download https://.tech/docs/python/input-and-print
2026-09-12 23:32:09,763 | ERROR | src.pipelines.dataset_pipeline | Failed to collect https://.tech/docs/python/input-and-print: Unable to download document from https://.tech/docs/python/input-and-print
2026-09-12 23:32:09,763 | INFO | src.pipelines.dataset_pipeline | Processing URL: https://.tech/docs/python/input-and-print
2026-09-12 23:32:09,763 | INFO | src.collectors.docs_collector | Collecting document from https://.tech/docs/python/input-and-print
2026-09-12 23:32:09,764 | ERROR | src.collectors.docs_collector | Failed to download https://.tech/docs/python/input-and-print
2026-09-12 23:32:09,764 | ERROR | src.pipelines.dataset_pipeline | Failed to collect https://.tech/docs/python/input-and-print: Unable to download document from https://.tech/docs/python/input-and-print
2026-09-12 23:32:09,764 | INFO | src.storage.jsonl_store | Reading records from data/processed/embeddings.jsonl
2026-09-12 23:32:09,831 | INFO | src.storage.jsonl_store | Loaded 249 objects
2026-09-12 23:32:09,840 | INFO | src.pipelines.dataset_pipeline | FAISS index contains 249 vectors
2026-09-12 23:38:32,412 | INFO | src.embedders.embedding_generator | Loading embedding model: all-MiniLM-L6-v2
2026-09-12 23:38:32,419 | INFO | sentence_transformers.base.model | No device provided, using cpu
2026-09-12 23:38:32,750 | INFO | httpx | HTTP Request: HEAD https://huggingface.co/sentence-transformers/all-MiniLM-L6-v2/resolve/main/modules.json "HTTP/1.1 307 Temporary Redirect"
2026-09-12 23:38:32,753 | WARNING | huggingface_hub.utils._http | Warning: You are sending unauthenticated requests to the HF Hub. Please set a HF_TOKEN to enable higher rate limits and faster downloads.
2026-09-12 23:38:32,774 | INFO | httpx | HTTP Request: HEAD https://huggingface.co/api/resolve-cache/models/sentence-transformers/all-MiniLM-L6-v2/1110a243fdf4706b3f48f1d95db1a4f5529b4d41/modules.json "HTTP/1.1 200 OK"
2026-09-12 23:38:33,016 | INFO | httpx | HTTP Request: HEAD https://huggingface.co/sentence-transformers/all-MiniLM-L6-v2/resolve/main/config_sentence_transformers.json "HTTP/1.1 307 Temporary Redirect"
2026-09-12 23:38:33,051 | INFO | httpx | HTTP Request: HEAD https://huggingface.co/api/resolve-cache/models/sentence-transformers/all-MiniLM-L6-v2/1110a243fdf4706b3f48f1d95db1a4f5529b4d41/config_sentence_transformers.json "HTTP/1.1 200 OK"
2026-09-12 23:38:33,056 | INFO | sentence_transformers.base.model | Loading SentenceTransformer model from sentence-transformers/all-MiniLM-L6-v2.
2026-09-12 23:38:33,358 | INFO | httpx | HTTP Request: HEAD https://huggingface.co/sentence-transformers/all-MiniLM-L6-v2/resolve/main/config_sentence_transformers.json "HTTP/1.1 307 Temporary Redirect"
2026-09-12 23:38:33,382 | INFO | httpx | HTTP Request: HEAD https://huggingface.co/api/resolve-cache/models/sentence-transformers/all-MiniLM-L6-v2/1110a243fdf4706b3f48f1d95db1a4f5529b4d41/config_sentence_transformers.json "HTTP/1.1 200 OK"
2026-09-12 23:38:33,625 | INFO | httpx | HTTP Request: HEAD https://huggingface.co/sentence-transformers/all-MiniLM-L6-v2/resolve/main/README.md "HTTP/1.1 307 Temporary Redirect"
2026-09-12 23:38:33,652 | INFO | httpx | HTTP Request: HEAD https://huggingface.co/api/resolve-cache/models/sentence-transformers/all-MiniLM-L6-v2/1110a243fdf4706b3f48f1d95db1a4f5529b4d41/README.md "HTTP/1.1 200 OK"
2026-09-12 23:38:34,072 | INFO | httpx | HTTP Request: HEAD https://huggingface.co/sentence-transformers/all-MiniLM-L6-v2/resolve/main/modules.json "HTTP/1.1 307 Temporary Redirect"
2026-09-12 23:38:34,092 | INFO | httpx | HTTP Request: HEAD https://huggingface.co/api/resolve-cache/models/sentence-transformers/all-MiniLM-L6-v2/1110a243fdf4706b3f48f1d95db1a4f5529b4d41/modules.json "HTTP/1.1 200 OK"
2026-09-12 23:38:34,336 | INFO | httpx | HTTP Request: HEAD https://huggingface.co/sentence-transformers/all-MiniLM-L6-v2/resolve/main/sentence_bert_config.json "HTTP/1.1 307 Temporary Redirect"
2026-09-12 23:38:34,363 | INFO | httpx | HTTP Request: HEAD https://huggingface.co/api/resolve-cache/models/sentence-transformers/all-MiniLM-L6-v2/1110a243fdf4706b3f48f1d95db1a4f5529b4d41/sentence_bert_config.json "HTTP/1.1 200 OK"
2026-09-12 23:38:34,612 | INFO | httpx | HTTP Request: HEAD https://huggingface.co/sentence-transformers/all-MiniLM-L6-v2/resolve/main/adapter_config.json "HTTP/1.1 404 Not Found"
2026-09-12 23:38:34,871 | INFO | httpx | HTTP Request: HEAD https://huggingface.co/sentence-transformers/all-MiniLM-L6-v2/resolve/main/config.json "HTTP/1.1 307 Temporary Redirect"
2026-09-12 23:38:34,896 | INFO | httpx | HTTP Request: HEAD https://huggingface.co/api/resolve-cache/models/sentence-transformers/all-MiniLM-L6-v2/1110a243fdf4706b3f48f1d95db1a4f5529b4d41/config.json "HTTP/1.1 200 OK"
2026-09-12 23:38:35,662 | INFO | httpx | HTTP Request: HEAD https://huggingface.co/sentence-transformers/all-MiniLM-L6-v2/resolve/main/processor_config.json "HTTP/1.1 404 Not Found"
2026-09-12 23:38:35,916 | INFO | httpx | HTTP Request: HEAD https://huggingface.co/sentence-transformers/all-MiniLM-L6-v2/resolve/main/preprocessor_config.json "HTTP/1.1 404 Not Found"
2026-09-12 23:38:36,167 | INFO | httpx | HTTP Request: HEAD https://huggingface.co/sentence-transformers/all-MiniLM-L6-v2/resolve/main/video_preprocessor_config.json "HTTP/1.1 404 Not Found"
2026-09-12 23:38:36,412 | INFO | httpx | HTTP Request: HEAD https://huggingface.co/sentence-transformers/all-MiniLM-L6-v2/resolve/main/preprocessor_config.json "HTTP/1.1 404 Not Found"
2026-09-12 23:38:36,698 | INFO | httpx | HTTP Request: HEAD https://huggingface.co/sentence-transformers/all-MiniLM-L6-v2/resolve/main/tokenizer_config.json "HTTP/1.1 307 Temporary Redirect"
2026-09-12 23:38:36,755 | INFO | httpx | HTTP Request: HEAD https://huggingface.co/api/resolve-cache/models/sentence-transformers/all-MiniLM-L6-v2/1110a243fdf4706b3f48f1d95db1a4f5529b4d41/tokenizer_config.json "HTTP/1.1 200 OK"
2026-09-12 23:38:37,007 | INFO | httpx | HTTP Request: HEAD https://huggingface.co/sentence-transformers/all-MiniLM-L6-v2/resolve/main/config.json "HTTP/1.1 307 Temporary Redirect"
2026-09-12 23:38:37,022 | INFO | httpx | HTTP Request: HEAD https://huggingface.co/api/resolve-cache/models/sentence-transformers/all-MiniLM-L6-v2/1110a243fdf4706b3f48f1d95db1a4f5529b4d41/config.json "HTTP/1.1 200 OK"
2026-09-12 23:38:37,277 | INFO | httpx | HTTP Request: HEAD https://huggingface.co/sentence-transformers/all-MiniLM-L6-v2/resolve/main/config.json "HTTP/1.1 307 Temporary Redirect"
2026-09-12 23:38:37,300 | INFO | httpx | HTTP Request: HEAD https://huggingface.co/api/resolve-cache/models/sentence-transformers/all-MiniLM-L6-v2/1110a243fdf4706b3f48f1d95db1a4f5529b4d41/config.json "HTTP/1.1 200 OK"
2026-09-12 23:38:37,550 | INFO | httpx | HTTP Request: HEAD https://huggingface.co/sentence-transformers/all-MiniLM-L6-v2/resolve/main/tokenizer_config.json "HTTP/1.1 307 Temporary Redirect"
2026-09-12 23:38:37,577 | INFO | httpx | HTTP Request: HEAD https://huggingface.co/api/resolve-cache/models/sentence-transformers/all-MiniLM-L6-v2/1110a243fdf4706b3f48f1d95db1a4f5529b4d41/tokenizer_config.json "HTTP/1.1 200 OK"
2026-09-12 23:38:38,001 | INFO | httpx | HTTP Request: GET https://huggingface.co/api/models/sentence-transformers/all-MiniLM-L6-v2/tree/main/additional_chat_templates?recursive=false&expand=false "HTTP/1.1 404 Not Found"
2026-09-12 23:38:38,251 | INFO | httpx | HTTP Request: GET https://huggingface.co/api/models/sentence-transformers/all-MiniLM-L6-v2/tree/main?recursive=true&expand=false "HTTP/1.1 200 OK"
2026-09-12 23:38:38,726 | INFO | httpx | HTTP Request: HEAD https://huggingface.co/sentence-transformers/all-MiniLM-L6-v2/resolve/main/1_Pooling/config.json "HTTP/1.1 307 Temporary Redirect"
2026-09-12 23:38:38,755 | INFO | httpx | HTTP Request: HEAD https://huggingface.co/api/resolve-cache/models/sentence-transformers/all-MiniLM-L6-v2/1110a243fdf4706b3f48f1d95db1a4f5529b4d41/1_Pooling%2Fconfig.json "HTTP/1.1 200 OK"
2026-09-12 23:38:39,005 | INFO | httpx | HTTP Request: GET https://huggingface.co/api/models/sentence-transformers/all-MiniLM-L6-v2 "HTTP/1.1 200 OK"
2026-09-12 23:38:39,012 | INFO | src.embedders.embedding_generator | Embedding model loaded successfully
2026-09-12 23:38:39,016 | INFO | src.storage.jsonl_store | Reading records from data/processed/chunks.jsonl
2026-09-12 23:38:39,220 | INFO | src.storage.jsonl_store | Loaded 249 objects
2026-09-12 23:40:10,650 | INFO | src.pipelines.dataset_pipeline | Processing URL: https://docs.python.org/3/tutorial/
2026-09-12 23:40:10,651 | INFO | src.collectors.docs_collector | Collecting document from https://docs.python.org/3/tutorial/
2026-09-12 23:40:11,122 | INFO | src.collectors.docs_collector | Successfully downloaded page
2026-09-12 23:40:11,162 | INFO | src.collectors.docs_collector | Document created successfully (id=df8fdfdc-15de-4ece-bf9d-2b90f1613d5f)
2026-09-12 23:40:11,162 | INFO | src.cleaners.document_cleaner | Cleaning document (id=df8fdfdc-15de-4ece-bf9d-2b90f1613d5f)
2026-09-12 23:40:11,162 | INFO | src.cleaners.document_cleaner | Finished cleaning document (id=df8fdfdc-15de-4ece-bf9d-2b90f1613d5f)
2026-09-12 23:40:11,162 | INFO | src.validator.document_validator | Validating document (id=df8fdfdc-15de-4ece-bf9d-2b90f1613d5f)
2026-09-12 23:40:11,162 | INFO | src.enrichers.document_enricher | Enriching document (id=df8fdfdc-15de-4ece-bf9d-2b90f1613d5f)
2026-09-12 23:40:11,162 | INFO | src.enrichers.document_enricher | Enrichment completed (id=df8fdfdc-15de-4ece-bf9d-2b90f1613d5f, words=362, chars=2293, quality=0.50)
2026-09-12 23:40:11,162 | INFO | src.storage.jsonl_store | Saving object to data/raw/documents.jsonl
2026-09-12 23:40:11,332 | INFO | src.storage.jsonl_store | Object saved successfully
2026-09-12 23:40:11,332 | INFO | src.pipelines.dataset_pipeline | Saved document (id=df8fdfdc-15de-4ece-bf9d-2b90f1613d5f, title='The Python Tutorial — Python 3.14.7 documentation')
2026-09-12 23:40:11,332 | INFO | src.chunkers.document_chunker | Starting chunking for document (id=df8fdfdc-15de-4ece-bf9d-2b90f1613d5f)
2026-09-12 23:40:11,332 | INFO | src.chunkers.document_chunker | Chunking completed (id=df8fdfdc-15de-4ece-bf9d-2b90f1613d5f, chunks=12)
2026-09-12 23:40:11,332 | INFO | src.storage.jsonl_store | Saving 12 objects
2026-09-12 23:40:11,332 | INFO | src.storage.jsonl_store | Saving object to data/processed/chunks.jsonl
2026-09-12 23:40:11,332 | INFO | src.storage.jsonl_store | Object saved successfully
2026-09-12 23:40:11,332 | INFO | src.storage.jsonl_store | Saving object to data/processed/chunks.jsonl
2026-09-12 23:40:11,332 | INFO | src.storage.jsonl_store | Object saved successfully
2026-09-12 23:40:11,332 | INFO | src.storage.jsonl_store | Saving object to data/processed/chunks.jsonl
2026-09-12 23:40:11,332 | INFO | src.storage.jsonl_store | Object saved successfully
2026-09-12 23:40:11,332 | INFO | src.storage.jsonl_store | Saving object to data/processed/chunks.jsonl
2026-09-12 23:40:11,332 | INFO | src.storage.jsonl_store | Object saved successfully
2026-09-12 23:40:11,332 | INFO | src.storage.jsonl_store | Saving object to data/processed/chunks.jsonl
2026-09-12 23:40:11,332 | INFO | src.storage.jsonl_store | Object saved successfully
2026-09-12 23:40:11,332 | INFO | src.storage.jsonl_store | Saving object to data/processed/chunks.jsonl
2026-09-12 23:40:11,332 | INFO | src.storage.jsonl_store | Object saved successfully
2026-09-12 23:40:11,332 | INFO | src.storage.jsonl_store | Saving object to data/processed/chunks.jsonl
2026-09-12 23:40:11,332 | INFO | src.storage.jsonl_store | Object saved successfully
2026-09-12 23:40:11,332 | INFO | src.storage.jsonl_store | Saving object to data/processed/chunks.jsonl
2026-09-12 23:40:11,332 | INFO | src.storage.jsonl_store | Object saved successfully
2026-09-12 23:40:11,332 | INFO | src.storage.jsonl_store | Saving object to data/processed/chunks.jsonl
2026-09-12 23:40:11,341 | INFO | src.storage.jsonl_store | Object saved successfully
2026-09-12 23:40:11,341 | INFO | src.storage.jsonl_store | Saving object to data/processed/chunks.jsonl
2026-09-12 23:40:11,341 | INFO | src.storage.jsonl_store | Object saved successfully
2026-09-12 23:40:11,341 | INFO | src.storage.jsonl_store | Saving object to data/processed/chunks.jsonl
2026-09-12 23:40:11,341 | INFO | src.storage.jsonl_store | Object saved successfully
2026-09-12 23:40:11,341 | INFO | src.storage.jsonl_store | Saving object to data/processed/chunks.jsonl
2026-09-12 23:40:11,341 | INFO | src.storage.jsonl_store | Object saved successfully
2026-09-12 23:40:11,341 | INFO | src.storage.jsonl_store | Finished saving 12 objects
2026-09-12 23:40:11,341 | INFO | src.pipelines.dataset_pipeline | chunk Length=12
2026-09-12 23:40:11,341 | INFO | src.embedders.embedding_generator | Loading embedding model: all-MiniLM-L6-v2
2026-09-12 23:40:11,344 | INFO | sentence_transformers.base.model | No device provided, using cpu
2026-09-12 23:40:11,936 | INFO | httpx | HTTP Request: HEAD https://huggingface.co/sentence-transformers/all-MiniLM-L6-v2/resolve/main/modules.json "HTTP/1.1 307 Temporary Redirect"
2026-09-12 23:40:12,002 | INFO | httpx | HTTP Request: HEAD https://huggingface.co/api/resolve-cache/models/sentence-transformers/all-MiniLM-L6-v2/1110a243fdf4706b3f48f1d95db1a4f5529b4d41/modules.json "HTTP/1.1 200 OK"
2026-09-12 23:40:12,253 | INFO | httpx | HTTP Request: HEAD https://huggingface.co/sentence-transformers/all-MiniLM-L6-v2/resolve/main/config_sentence_transformers.json "HTTP/1.1 307 Temporary Redirect"
2026-09-12 23:40:12,302 | INFO | httpx | HTTP Request: HEAD https://huggingface.co/api/resolve-cache/models/sentence-transformers/all-MiniLM-L6-v2/1110a243fdf4706b3f48f1d95db1a4f5529b4d41/config_sentence_transformers.json "HTTP/1.1 200 OK"
2026-09-12 23:40:12,354 | INFO | sentence_transformers.base.model | Loading SentenceTransformer model from sentence-transformers/all-MiniLM-L6-v2.
2026-09-12 23:40:12,651 | INFO | httpx | HTTP Request: HEAD https://huggingface.co/sentence-transformers/all-MiniLM-L6-v2/resolve/main/config_sentence_transformers.json "HTTP/1.1 307 Temporary Redirect"
2026-09-12 23:40:12,725 | INFO | httpx | HTTP Request: HEAD https://huggingface.co/api/resolve-cache/models/sentence-transformers/all-MiniLM-L6-v2/1110a243fdf4706b3f48f1d95db1a4f5529b4d41/config_sentence_transformers.json "HTTP/1.1 200 OK"
2026-09-12 23:40:12,991 | INFO | httpx | HTTP Request: HEAD https://huggingface.co/sentence-transformers/all-MiniLM-L6-v2/resolve/main/README.md "HTTP/1.1 307 Temporary Redirect"
2026-09-12 23:40:13,061 | INFO | httpx | HTTP Request: HEAD https://huggingface.co/api/resolve-cache/models/sentence-transformers/all-MiniLM-L6-v2/1110a243fdf4706b3f48f1d95db1a4f5529b4d41/README.md "HTTP/1.1 200 OK"
2026-09-12 23:40:13,542 | INFO | httpx | HTTP Request: HEAD https://huggingface.co/sentence-transformers/all-MiniLM-L6-v2/resolve/main/modules.json "HTTP/1.1 307 Temporary Redirect"
2026-09-12 23:40:13,602 | INFO | httpx | HTTP Request: HEAD https://huggingface.co/api/resolve-cache/models/sentence-transformers/all-MiniLM-L6-v2/1110a243fdf4706b3f48f1d95db1a4f5529b4d41/modules.json "HTTP/1.1 200 OK"
2026-09-12 23:40:13,891 | INFO | httpx | HTTP Request: HEAD https://huggingface.co/sentence-transformers/all-MiniLM-L6-v2/resolve/main/sentence_bert_config.json "HTTP/1.1 307 Temporary Redirect"
2026-09-12 23:40:14,014 | INFO | httpx | HTTP Request: HEAD https://huggingface.co/api/resolve-cache/models/sentence-transformers/all-MiniLM-L6-v2/1110a243fdf4706b3f48f1d95db1a4f5529b4d41/sentence_bert_config.json "HTTP/1.1 200 OK"
2026-09-12 23:40:14,285 | INFO | httpx | HTTP Request: HEAD https://huggingface.co/sentence-transformers/all-MiniLM-L6-v2/resolve/main/adapter_config.json "HTTP/1.1 404 Not Found"
2026-09-12 23:40:14,626 | INFO | httpx | HTTP Request: HEAD https://huggingface.co/sentence-transformers/all-MiniLM-L6-v2/resolve/main/config.json "HTTP/1.1 307 Temporary Redirect"
2026-09-12 23:40:14,650 | INFO | httpx | HTTP Request: HEAD https://huggingface.co/api/resolve-cache/models/sentence-transformers/all-MiniLM-L6-v2/1110a243fdf4706b3f48f1d95db1a4f5529b4d41/config.json "HTTP/1.1 200 OK"
2026-09-12 23:40:15,643 | INFO | httpx | HTTP Request: HEAD https://huggingface.co/sentence-transformers/all-MiniLM-L6-v2/resolve/main/processor_config.json "HTTP/1.1 404 Not Found"
2026-09-12 23:40:15,943 | INFO | httpx | HTTP Request: HEAD https://huggingface.co/sentence-transformers/all-MiniLM-L6-v2/resolve/main/preprocessor_config.json "HTTP/1.1 404 Not Found"
2026-09-12 23:40:16,205 | INFO | httpx | HTTP Request: HEAD https://huggingface.co/sentence-transformers/all-MiniLM-L6-v2/resolve/main/video_preprocessor_config.json "HTTP/1.1 404 Not Found"
2026-09-12 23:40:16,469 | INFO | httpx | HTTP Request: HEAD https://huggingface.co/sentence-transformers/all-MiniLM-L6-v2/resolve/main/preprocessor_config.json "HTTP/1.1 404 Not Found"
2026-09-12 23:40:16,792 | INFO | httpx | HTTP Request: HEAD https://huggingface.co/sentence-transformers/all-MiniLM-L6-v2/resolve/main/tokenizer_config.json "HTTP/1.1 307 Temporary Redirect"
2026-09-12 23:40:16,962 | INFO | httpx | HTTP Request: HEAD https://huggingface.co/api/resolve-cache/models/sentence-transformers/all-MiniLM-L6-v2/1110a243fdf4706b3f48f1d95db1a4f5529b4d41/tokenizer_config.json "HTTP/1.1 200 OK"
2026-09-12 23:40:17,298 | INFO | httpx | HTTP Request: HEAD https://huggingface.co/sentence-transformers/all-MiniLM-L6-v2/resolve/main/config.json "HTTP/1.1 307 Temporary Redirect"
2026-09-12 23:40:17,343 | INFO | httpx | HTTP Request: HEAD https://huggingface.co/api/resolve-cache/models/sentence-transformers/all-MiniLM-L6-v2/1110a243fdf4706b3f48f1d95db1a4f5529b4d41/config.json "HTTP/1.1 200 OK"
2026-09-12 23:40:17,624 | INFO | httpx | HTTP Request: HEAD https://huggingface.co/sentence-transformers/all-MiniLM-L6-v2/resolve/main/config.json "HTTP/1.1 307 Temporary Redirect"
2026-09-12 23:40:17,672 | INFO | httpx | HTTP Request: HEAD https://huggingface.co/api/resolve-cache/models/sentence-transformers/all-MiniLM-L6-v2/1110a243fdf4706b3f48f1d95db1a4f5529b4d41/config.json "HTTP/1.1 200 OK"
2026-09-12 23:40:17,934 | INFO | httpx | HTTP Request: HEAD https://huggingface.co/sentence-transformers/all-MiniLM-L6-v2/resolve/main/tokenizer_config.json "HTTP/1.1 307 Temporary Redirect"
2026-09-12 23:40:18,012 | INFO | httpx | HTTP Request: HEAD https://huggingface.co/api/resolve-cache/models/sentence-transformers/all-MiniLM-L6-v2/1110a243fdf4706b3f48f1d95db1a4f5529b4d41/tokenizer_config.json "HTTP/1.1 200 OK"
2026-09-12 23:40:18,252 | INFO | httpx | HTTP Request: GET https://huggingface.co/api/models/sentence-transformers/all-MiniLM-L6-v2/tree/main/additional_chat_templates?recursive=false&expand=false "HTTP/1.1 404 Not Found"
2026-09-12 23:40:18,512 | INFO | httpx | HTTP Request: GET https://huggingface.co/api/models/sentence-transformers/all-MiniLM-L6-v2/tree/main?recursive=true&expand=false "HTTP/1.1 200 OK"
2026-09-12 23:40:18,803 | INFO | httpx | HTTP Request: HEAD https://huggingface.co/sentence-transformers/all-MiniLM-L6-v2/resolve/main/1_Pooling/config.json "HTTP/1.1 307 Temporary Redirect"
2026-09-12 23:40:18,849 | INFO | httpx | HTTP Request: HEAD https://huggingface.co/api/resolve-cache/models/sentence-transformers/all-MiniLM-L6-v2/1110a243fdf4706b3f48f1d95db1a4f5529b4d41/1_Pooling%2Fconfig.json "HTTP/1.1 200 OK"
2026-09-12 23:40:19,122 | INFO | httpx | HTTP Request: GET https://huggingface.co/api/models/sentence-transformers/all-MiniLM-L6-v2 "HTTP/1.1 200 OK"
2026-09-12 23:40:19,122 | INFO | src.embedders.embedding_generator | Embedding model loaded successfully
2026-09-12 23:40:19,122 | INFO | src.embedders.embedding_generator | Generating embedding for chunk (id=df8fdfdc-15de-4ece-bf9d-2b90f1613d5f_chunk_1)
2026-09-12 23:40:19,272 | INFO | src.storage.jsonl_store | Saving object to data/processed/embeddings.jsonl
2026-09-12 23:40:19,272 | INFO | src.storage.jsonl_store | Object saved successfully
2026-09-12 23:40:19,272 | INFO | src.embedders.embedding_generator | Generating embedding for chunk (id=df8fdfdc-15de-4ece-bf9d-2b90f1613d5f_chunk_2)
2026-09-12 23:40:19,294 | INFO | src.storage.jsonl_store | Saving object to data/processed/embeddings.jsonl
2026-09-12 23:40:19,296 | INFO | src.storage.jsonl_store | Object saved successfully
2026-09-12 23:40:19,296 | INFO | src.embedders.embedding_generator | Generating embedding for chunk (id=df8fdfdc-15de-4ece-bf9d-2b90f1613d5f_chunk_3)
2026-09-12 23:40:19,312 | INFO | src.storage.jsonl_store | Saving object to data/processed/embeddings.jsonl
2026-09-12 23:40:19,312 | INFO | src.storage.jsonl_store | Object saved successfully
2026-09-12 23:40:19,312 | INFO | src.embedders.embedding_generator | Generating embedding for chunk (id=df8fdfdc-15de-4ece-bf9d-2b90f1613d5f_chunk_4)
2026-09-12 23:40:19,329 | INFO | src.storage.jsonl_store | Saving object to data/processed/embeddings.jsonl
2026-09-12 23:40:19,329 | INFO | src.storage.jsonl_store | Object saved successfully
2026-09-12 23:40:19,329 | INFO | src.embedders.embedding_generator | Generating embedding for chunk (id=df8fdfdc-15de-4ece-bf9d-2b90f1613d5f_chunk_5)
2026-09-12 23:40:19,352 | INFO | src.storage.jsonl_store | Saving object to data/processed/embeddings.jsonl
2026-09-12 23:40:19,352 | INFO | src.storage.jsonl_store | Object saved successfully
2026-09-12 23:40:19,352 | INFO | src.embedders.embedding_generator | Generating embedding for chunk (id=df8fdfdc-15de-4ece-bf9d-2b90f1613d5f_chunk_6)
2026-09-12 23:40:19,370 | INFO | src.storage.jsonl_store | Saving object to data/processed/embeddings.jsonl
2026-09-12 23:40:19,372 | INFO | src.storage.jsonl_store | Object saved successfully
2026-09-12 23:40:19,372 | INFO | src.embedders.embedding_generator | Generating embedding for chunk (id=df8fdfdc-15de-4ece-bf9d-2b90f1613d5f_chunk_7)
2026-09-12 23:40:19,389 | INFO | src.storage.jsonl_store | Saving object to data/processed/embeddings.jsonl
2026-09-12 23:40:19,390 | INFO | src.storage.jsonl_store | Object saved successfully
2026-09-12 23:40:19,391 | INFO | src.embedders.embedding_generator | Generating embedding for chunk (id=df8fdfdc-15de-4ece-bf9d-2b90f1613d5f_chunk_8)
2026-09-12 23:40:19,402 | INFO | src.storage.jsonl_store | Saving object to data/processed/embeddings.jsonl
2026-09-12 23:40:19,402 | INFO | src.storage.jsonl_store | Object saved successfully
2026-09-12 23:40:19,402 | INFO | src.embedders.embedding_generator | Generating embedding for chunk (id=df8fdfdc-15de-4ece-bf9d-2b90f1613d5f_chunk_9)
2026-09-12 23:40:19,426 | INFO | src.storage.jsonl_store | Saving object to data/processed/embeddings.jsonl
2026-09-12 23:40:19,427 | INFO | src.storage.jsonl_store | Object saved successfully
2026-09-12 23:40:19,427 | INFO | src.embedders.embedding_generator | Generating embedding for chunk (id=df8fdfdc-15de-4ece-bf9d-2b90f1613d5f_chunk_10)
2026-09-12 23:40:19,443 | INFO | src.storage.jsonl_store | Saving object to data/processed/embeddings.jsonl
2026-09-12 23:40:19,443 | INFO | src.storage.jsonl_store | Object saved successfully
2026-09-12 23:40:19,443 | INFO | src.embedders.embedding_generator | Generating embedding for chunk (id=df8fdfdc-15de-4ece-bf9d-2b90f1613d5f_chunk_11)
2026-09-12 23:40:19,463 | INFO | src.storage.jsonl_store | Saving object to data/processed/embeddings.jsonl
2026-09-12 23:40:19,463 | INFO | src.storage.jsonl_store | Object saved successfully
2026-09-12 23:40:19,463 | INFO | src.embedders.embedding_generator | Generating embedding for chunk (id=df8fdfdc-15de-4ece-bf9d-2b90f1613d5f_chunk_12)
2026-09-12 23:40:19,481 | INFO | src.storage.jsonl_store | Saving object to data/processed/embeddings.jsonl
2026-09-12 23:40:19,482 | INFO | src.storage.jsonl_store | Object saved successfully
2026-09-12 23:40:19,482 | INFO | src.pipelines.dataset_pipeline | embedding Length=12
2026-09-12 23:40:19,484 | INFO | src.pipelines.dataset_pipeline | Processing URL: https://www.programiz.com/python-programming
2026-09-12 23:40:19,484 | INFO | src.collectors.docs_collector | Collecting document from https://www.programiz.com/python-programming
2026-09-12 23:40:19,872 | INFO | src.collectors.docs_collector | Successfully downloaded page
2026-09-12 23:40:19,915 | INFO | src.collectors.docs_collector | Document created successfully (id=a150ba3c-869e-4798-8ada-a40d815260db)
2026-09-12 23:40:19,922 | INFO | src.cleaners.document_cleaner | Cleaning document (id=a150ba3c-869e-4798-8ada-a40d815260db)
2026-09-12 23:40:19,922 | INFO | src.cleaners.document_cleaner | Finished cleaning document (id=a150ba3c-869e-4798-8ada-a40d815260db)
2026-09-12 23:40:19,922 | INFO | src.validator.document_validator | Validating document (id=a150ba3c-869e-4798-8ada-a40d815260db)
2026-09-12 23:40:19,922 | INFO | src.enrichers.document_enricher | Enriching document (id=a150ba3c-869e-4798-8ada-a40d815260db)
2026-09-12 23:40:19,922 | INFO | src.enrichers.document_enricher | Enrichment completed (id=a150ba3c-869e-4798-8ada-a40d815260db, words=539, chars=3053, quality=1.00)
2026-09-12 23:40:19,922 | INFO | src.storage.jsonl_store | Saving object to data/raw/documents.jsonl
2026-09-12 23:40:19,922 | INFO | src.storage.jsonl_store | Object saved successfully
2026-09-12 23:40:19,922 | INFO | src.pipelines.dataset_pipeline | Saved document (id=a150ba3c-869e-4798-8ada-a40d815260db, title='Learn Python: Programming Tutorials for Beginners')
2026-09-12 23:40:19,922 | INFO | src.chunkers.document_chunker | Starting chunking for document (id=a150ba3c-869e-4798-8ada-a40d815260db)
2026-09-12 23:40:19,922 | INFO | src.chunkers.document_chunker | Chunking completed (id=a150ba3c-869e-4798-8ada-a40d815260db, chunks=16)
2026-09-12 23:40:19,922 | INFO | src.storage.jsonl_store | Saving 16 objects
2026-09-12 23:40:19,922 | INFO | src.storage.jsonl_store | Saving object to data/processed/chunks.jsonl
2026-09-12 23:40:19,922 | INFO | src.storage.jsonl_store | Object saved successfully
2026-09-12 23:40:19,922 | INFO | src.storage.jsonl_store | Saving object to data/processed/chunks.jsonl
2026-09-12 23:40:19,922 | INFO | src.storage.jsonl_store | Object saved successfully
2026-09-12 23:40:19,922 | INFO | src.storage.jsonl_store | Saving object to data/processed/chunks.jsonl
2026-09-12 23:40:19,922 | INFO | src.storage.jsonl_store | Object saved successfully
2026-09-12 23:40:19,922 | INFO | src.storage.jsonl_store | Saving object to data/processed/chunks.jsonl
2026-09-12 23:40:19,922 | INFO | src.storage.jsonl_store | Object saved successfully
2026-09-12 23:40:19,922 | INFO | src.storage.jsonl_store | Saving object to data/processed/chunks.jsonl
2026-09-12 23:40:19,928 | INFO | src.storage.jsonl_store | Object saved successfully
2026-09-12 23:40:19,928 | INFO | src.storage.jsonl_store | Saving object to data/processed/chunks.jsonl
2026-09-12 23:40:19,928 | INFO | src.storage.jsonl_store | Object saved successfully
2026-09-12 23:40:19,928 | INFO | src.storage.jsonl_store | Saving object to data/processed/chunks.jsonl
2026-09-12 23:40:19,928 | INFO | src.storage.jsonl_store | Object saved successfully
2026-09-12 23:40:19,928 | INFO | src.storage.jsonl_store | Saving object to data/processed/chunks.jsonl
2026-09-12 23:40:19,929 | INFO | src.storage.jsonl_store | Object saved successfully
2026-09-12 23:40:19,929 | INFO | src.storage.jsonl_store | Saving object to data/processed/chunks.jsonl
2026-09-12 23:40:19,930 | INFO | src.storage.jsonl_store | Object saved successfully
2026-09-12 23:40:19,930 | INFO | src.storage.jsonl_store | Saving object to data/processed/chunks.jsonl
2026-09-12 23:40:19,930 | INFO | src.storage.jsonl_store | Object saved successfully
2026-09-12 23:40:19,930 | INFO | src.storage.jsonl_store | Saving object to data/processed/chunks.jsonl
2026-09-12 23:40:19,930 | INFO | src.storage.jsonl_store | Object saved successfully
2026-09-12 23:40:19,931 | INFO | src.storage.jsonl_store | Saving object to data/processed/chunks.jsonl
2026-09-12 23:40:19,931 | INFO | src.storage.jsonl_store | Object saved successfully
2026-09-12 23:40:19,931 | INFO | src.storage.jsonl_store | Saving object to data/processed/chunks.jsonl
2026-09-12 23:40:19,931 | INFO | src.storage.jsonl_store | Object saved successfully
2026-09-12 23:40:19,931 | INFO | src.storage.jsonl_store | Saving object to data/processed/chunks.jsonl
2026-09-12 23:40:19,932 | INFO | src.storage.jsonl_store | Object saved successfully
2026-09-12 23:40:19,932 | INFO | src.storage.jsonl_store | Saving object to data/processed/chunks.jsonl
2026-09-12 23:40:19,934 | INFO | src.storage.jsonl_store | Object saved successfully
2026-09-12 23:40:19,934 | INFO | src.storage.jsonl_store | Saving object to data/processed/chunks.jsonl
2026-09-12 23:40:19,934 | INFO | src.storage.jsonl_store | Object saved successfully
2026-09-12 23:40:19,934 | INFO | src.storage.jsonl_store | Finished saving 16 objects
2026-09-12 23:40:19,934 | INFO | src.pipelines.dataset_pipeline | chunk Length=16
2026-09-12 23:40:19,935 | INFO | src.embedders.embedding_generator | Loading embedding model: all-MiniLM-L6-v2
2026-09-12 23:40:19,936 | INFO | sentence_transformers.base.model | No device provided, using cpu
2026-09-12 23:40:20,172 | INFO | httpx | HTTP Request: HEAD https://huggingface.co/sentence-transformers/all-MiniLM-L6-v2/resolve/main/modules.json "HTTP/1.1 307 Temporary Redirect"
2026-09-12 23:40:20,202 | INFO | httpx | HTTP Request: HEAD https://huggingface.co/api/resolve-cache/models/sentence-transformers/all-MiniLM-L6-v2/1110a243fdf4706b3f48f1d95db1a4f5529b4d41/modules.json "HTTP/1.1 200 OK"
2026-09-12 23:40:20,452 | INFO | httpx | HTTP Request: HEAD https://huggingface.co/sentence-transformers/all-MiniLM-L6-v2/resolve/main/config_sentence_transformers.json "HTTP/1.1 307 Temporary Redirect"
2026-09-12 23:40:20,483 | INFO | httpx | HTTP Request: HEAD https://huggingface.co/api/resolve-cache/models/sentence-transformers/all-MiniLM-L6-v2/1110a243fdf4706b3f48f1d95db1a4f5529b4d41/config_sentence_transformers.json "HTTP/1.1 200 OK"
2026-09-12 23:40:20,486 | INFO | sentence_transformers.base.model | Loading SentenceTransformer model from sentence-transformers/all-MiniLM-L6-v2.
2026-09-12 23:40:20,725 | INFO | httpx | HTTP Request: HEAD https://huggingface.co/sentence-transformers/all-MiniLM-L6-v2/resolve/main/config_sentence_transformers.json "HTTP/1.1 307 Temporary Redirect"
2026-09-12 23:40:20,752 | INFO | httpx | HTTP Request: HEAD https://huggingface.co/api/resolve-cache/models/sentence-transformers/all-MiniLM-L6-v2/1110a243fdf4706b3f48f1d95db1a4f5529b4d41/config_sentence_transformers.json "HTTP/1.1 200 OK"
2026-09-12 23:40:20,992 | INFO | httpx | HTTP Request: HEAD https://huggingface.co/sentence-transformers/all-MiniLM-L6-v2/resolve/main/README.md "HTTP/1.1 307 Temporary Redirect"
2026-09-12 23:40:21,021 | INFO | httpx | HTTP Request: HEAD https://huggingface.co/api/resolve-cache/models/sentence-transformers/all-MiniLM-L6-v2/1110a243fdf4706b3f48f1d95db1a4f5529b4d41/README.md "HTTP/1.1 200 OK"
2026-09-12 23:40:21,270 | INFO | httpx | HTTP Request: HEAD https://huggingface.co/sentence-transformers/all-MiniLM-L6-v2/resolve/main/modules.json "HTTP/1.1 307 Temporary Redirect"
2026-09-12 23:40:21,292 | INFO | httpx | HTTP Request: HEAD https://huggingface.co/api/resolve-cache/models/sentence-transformers/all-MiniLM-L6-v2/1110a243fdf4706b3f48f1d95db1a4f5529b4d41/modules.json "HTTP/1.1 200 OK"
2026-09-12 23:40:21,533 | INFO | httpx | HTTP Request: HEAD https://huggingface.co/sentence-transformers/all-MiniLM-L6-v2/resolve/main/sentence_bert_config.json "HTTP/1.1 307 Temporary Redirect"
2026-09-12 23:40:21,564 | INFO | httpx | HTTP Request: HEAD https://huggingface.co/api/resolve-cache/models/sentence-transformers/all-MiniLM-L6-v2/1110a243fdf4706b3f48f1d95db1a4f5529b4d41/sentence_bert_config.json "HTTP/1.1 200 OK"
2026-09-12 23:40:21,811 | INFO | httpx | HTTP Request: HEAD https://huggingface.co/sentence-transformers/all-MiniLM-L6-v2/resolve/main/adapter_config.json "HTTP/1.1 404 Not Found"
2026-09-12 23:40:22,055 | INFO | httpx | HTTP Request: HEAD https://huggingface.co/sentence-transformers/all-MiniLM-L6-v2/resolve/main/config.json "HTTP/1.1 307 Temporary Redirect"
2026-09-12 23:40:22,085 | INFO | httpx | HTTP Request: HEAD https://huggingface.co/api/resolve-cache/models/sentence-transformers/all-MiniLM-L6-v2/1110a243fdf4706b3f48f1d95db1a4f5529b4d41/config.json "HTTP/1.1 200 OK"
2026-09-12 23:40:22,372 | INFO | httpx | HTTP Request: HEAD https://huggingface.co/sentence-transformers/all-MiniLM-L6-v2/resolve/main/processor_config.json "HTTP/1.1 404 Not Found"
2026-09-12 23:40:22,622 | INFO | httpx | HTTP Request: HEAD https://huggingface.co/sentence-transformers/all-MiniLM-L6-v2/resolve/main/preprocessor_config.json "HTTP/1.1 404 Not Found"
2026-09-12 23:40:22,863 | INFO | httpx | HTTP Request: HEAD https://huggingface.co/sentence-transformers/all-MiniLM-L6-v2/resolve/main/video_preprocessor_config.json "HTTP/1.1 404 Not Found"
2026-09-12 23:40:23,113 | INFO | httpx | HTTP Request: HEAD https://huggingface.co/sentence-transformers/all-MiniLM-L6-v2/resolve/main/preprocessor_config.json "HTTP/1.1 404 Not Found"
2026-09-12 23:40:23,352 | INFO | httpx | HTTP Request: HEAD https://huggingface.co/sentence-transformers/all-MiniLM-L6-v2/resolve/main/tokenizer_config.json "HTTP/1.1 307 Temporary Redirect"
2026-09-12 23:40:23,372 | INFO | httpx | HTTP Request: HEAD https://huggingface.co/api/resolve-cache/models/sentence-transformers/all-MiniLM-L6-v2/1110a243fdf4706b3f48f1d95db1a4f5529b4d41/tokenizer_config.json "HTTP/1.1 200 OK"
2026-09-12 23:40:23,623 | INFO | httpx | HTTP Request: HEAD https://huggingface.co/sentence-transformers/all-MiniLM-L6-v2/resolve/main/config.json "HTTP/1.1 307 Temporary Redirect"
2026-09-12 23:40:23,654 | INFO | httpx | HTTP Request: HEAD https://huggingface.co/api/resolve-cache/models/sentence-transformers/all-MiniLM-L6-v2/1110a243fdf4706b3f48f1d95db1a4f5529b4d41/config.json "HTTP/1.1 200 OK"
2026-09-12 23:40:23,942 | INFO | httpx | HTTP Request: HEAD https://huggingface.co/sentence-transformers/all-MiniLM-L6-v2/resolve/main/config.json "HTTP/1.1 307 Temporary Redirect"
2026-09-12 23:40:23,969 | INFO | httpx | HTTP Request: HEAD https://huggingface.co/api/resolve-cache/models/sentence-transformers/all-MiniLM-L6-v2/1110a243fdf4706b3f48f1d95db1a4f5529b4d41/config.json "HTTP/1.1 200 OK"
2026-09-12 23:40:24,223 | INFO | httpx | HTTP Request: HEAD https://huggingface.co/sentence-transformers/all-MiniLM-L6-v2/resolve/main/tokenizer_config.json "HTTP/1.1 307 Temporary Redirect"
2026-09-12 23:40:24,252 | INFO | httpx | HTTP Request: HEAD https://huggingface.co/api/resolve-cache/models/sentence-transformers/all-MiniLM-L6-v2/1110a243fdf4706b3f48f1d95db1a4f5529b4d41/tokenizer_config.json "HTTP/1.1 200 OK"
2026-09-12 23:40:24,509 | INFO | httpx | HTTP Request: GET https://huggingface.co/api/models/sentence-transformers/all-MiniLM-L6-v2/tree/main/additional_chat_templates?recursive=false&expand=false "HTTP/1.1 404 Not Found"
2026-09-12 23:40:24,761 | INFO | httpx | HTTP Request: GET https://huggingface.co/api/models/sentence-transformers/all-MiniLM-L6-v2/tree/main?recursive=true&expand=false "HTTP/1.1 200 OK"
2026-09-12 23:40:25,035 | INFO | httpx | HTTP Request: HEAD https://huggingface.co/sentence-transformers/all-MiniLM-L6-v2/resolve/main/1_Pooling/config.json "HTTP/1.1 307 Temporary Redirect"
2026-09-12 23:40:25,062 | INFO | httpx | HTTP Request: HEAD https://huggingface.co/api/resolve-cache/models/sentence-transformers/all-MiniLM-L6-v2/1110a243fdf4706b3f48f1d95db1a4f5529b4d41/1_Pooling%2Fconfig.json "HTTP/1.1 200 OK"
2026-09-12 23:40:25,317 | INFO | httpx | HTTP Request: GET https://huggingface.co/api/models/sentence-transformers/all-MiniLM-L6-v2 "HTTP/1.1 200 OK"
2026-09-12 23:40:25,322 | INFO | src.embedders.embedding_generator | Embedding model loaded successfully
2026-09-12 23:40:25,322 | INFO | src.embedders.embedding_generator | Generating embedding for chunk (id=a150ba3c-869e-4798-8ada-a40d815260db_chunk_1)
2026-09-12 23:40:25,341 | INFO | src.storage.jsonl_store | Saving object to data/processed/embeddings.jsonl
2026-09-12 23:40:25,348 | INFO | src.storage.jsonl_store | Object saved successfully
2026-09-12 23:40:25,348 | INFO | src.embedders.embedding_generator | Generating embedding for chunk (id=a150ba3c-869e-4798-8ada-a40d815260db_chunk_2)
2026-09-12 23:40:25,364 | INFO | src.storage.jsonl_store | Saving object to data/processed/embeddings.jsonl
2026-09-12 23:40:25,364 | INFO | src.storage.jsonl_store | Object saved successfully
2026-09-12 23:40:25,364 | INFO | src.embedders.embedding_generator | Generating embedding for chunk (id=a150ba3c-869e-4798-8ada-a40d815260db_chunk_3)
2026-09-12 23:40:25,381 | INFO | src.storage.jsonl_store | Saving object to data/processed/embeddings.jsonl
2026-09-12 23:40:25,384 | INFO | src.storage.jsonl_store | Object saved successfully
2026-09-12 23:40:25,384 | INFO | src.embedders.embedding_generator | Generating embedding for chunk (id=a150ba3c-869e-4798-8ada-a40d815260db_chunk_4)
2026-09-12 23:40:25,400 | INFO | src.storage.jsonl_store | Saving object to data/processed/embeddings.jsonl
2026-09-12 23:40:25,402 | INFO | src.storage.jsonl_store | Object saved successfully
2026-09-12 23:40:25,402 | INFO | src.embedders.embedding_generator | Generating embedding for chunk (id=a150ba3c-869e-4798-8ada-a40d815260db_chunk_5)
2026-09-12 23:40:25,423 | INFO | src.storage.jsonl_store | Saving object to data/processed/embeddings.jsonl
2026-09-12 23:40:25,423 | INFO | src.storage.jsonl_store | Object saved successfully
2026-09-12 23:40:25,423 | INFO | src.embedders.embedding_generator | Generating embedding for chunk (id=a150ba3c-869e-4798-8ada-a40d815260db_chunk_6)
2026-09-12 23:40:25,447 | INFO | src.storage.jsonl_store | Saving object to data/processed/embeddings.jsonl
2026-09-12 23:40:25,449 | INFO | src.storage.jsonl_store | Object saved successfully
2026-09-12 23:40:25,449 | INFO | src.embedders.embedding_generator | Generating embedding for chunk (id=a150ba3c-869e-4798-8ada-a40d815260db_chunk_7)
2026-09-12 23:40:25,468 | INFO | src.storage.jsonl_store | Saving object to data/processed/embeddings.jsonl
2026-09-12 23:40:25,469 | INFO | src.storage.jsonl_store | Object saved successfully
2026-09-12 23:40:25,469 | INFO | src.embedders.embedding_generator | Generating embedding for chunk (id=a150ba3c-869e-4798-8ada-a40d815260db_chunk_8)
2026-09-12 23:40:25,488 | INFO | src.storage.jsonl_store | Saving object to data/processed/embeddings.jsonl
2026-09-12 23:40:25,489 | INFO | src.storage.jsonl_store | Object saved successfully
2026-09-12 23:40:25,489 | INFO | src.embedders.embedding_generator | Generating embedding for chunk (id=a150ba3c-869e-4798-8ada-a40d815260db_chunk_9)
2026-09-12 23:40:25,511 | INFO | src.storage.jsonl_store | Saving object to data/processed/embeddings.jsonl
2026-09-12 23:40:25,511 | INFO | src.storage.jsonl_store | Object saved successfully
2026-09-12 23:40:25,511 | INFO | src.embedders.embedding_generator | Generating embedding for chunk (id=a150ba3c-869e-4798-8ada-a40d815260db_chunk_10)
2026-09-12 23:40:25,532 | INFO | src.storage.jsonl_store | Saving object to data/processed/embeddings.jsonl
2026-09-12 23:40:25,686 | INFO | src.storage.jsonl_store | Object saved successfully
2026-09-12 23:40:25,686 | INFO | src.embedders.embedding_generator | Generating embedding for chunk (id=a150ba3c-869e-4798-8ada-a40d815260db_chunk_11)
2026-09-12 23:40:25,708 | INFO | src.storage.jsonl_store | Saving object to data/processed/embeddings.jsonl
2026-09-12 23:40:25,709 | INFO | src.storage.jsonl_store | Object saved successfully
2026-09-12 23:40:25,709 | INFO | src.embedders.embedding_generator | Generating embedding for chunk (id=a150ba3c-869e-4798-8ada-a40d815260db_chunk_12)
2026-09-12 23:40:25,727 | INFO | src.storage.jsonl_store | Saving object to data/processed/embeddings.jsonl
2026-09-12 23:40:25,727 | INFO | src.storage.jsonl_store | Object saved successfully
2026-09-12 23:40:25,727 | INFO | src.embedders.embedding_generator | Generating embedding for chunk (id=a150ba3c-869e-4798-8ada-a40d815260db_chunk_13)
2026-09-12 23:40:25,746 | INFO | src.storage.jsonl_store | Saving object to data/processed/embeddings.jsonl
2026-09-12 23:40:25,746 | INFO | src.storage.jsonl_store | Object saved successfully
2026-09-12 23:40:25,746 | INFO | src.embedders.embedding_generator | Generating embedding for chunk (id=a150ba3c-869e-4798-8ada-a40d815260db_chunk_14)
2026-09-12 23:40:25,765 | INFO | src.storage.jsonl_store | Saving object to data/processed/embeddings.jsonl
2026-09-12 23:40:25,767 | INFO | src.storage.jsonl_store | Object saved successfully
2026-09-12 23:40:25,767 | INFO | src.embedders.embedding_generator | Generating embedding for chunk (id=a150ba3c-869e-4798-8ada-a40d815260db_chunk_15)
2026-09-12 23:40:25,786 | INFO | src.storage.jsonl_store | Saving object to data/processed/embeddings.jsonl
2026-09-12 23:40:25,788 | INFO | src.storage.jsonl_store | Object saved successfully
2026-09-12 23:40:25,788 | INFO | src.embedders.embedding_generator | Generating embedding for chunk (id=a150ba3c-869e-4798-8ada-a40d815260db_chunk_16)
2026-09-12 23:40:25,804 | INFO | src.storage.jsonl_store | Saving object to data/processed/embeddings.jsonl
2026-09-12 23:40:25,805 | INFO | src.storage.jsonl_store | Object saved successfully
2026-09-12 23:40:25,805 | INFO | src.pipelines.dataset_pipeline | embedding Length=16
2026-09-12 23:40:25,805 | INFO | src.pipelines.dataset_pipeline | Processing URL: https://developer.mozilla.org/en-US/docs/Glossary/Python
2026-09-12 23:40:25,805 | INFO | src.collectors.docs_collector | Collecting document from https://developer.mozilla.org/en-US/docs/Glossary/Python
2026-09-12 23:40:25,920 | INFO | src.collectors.docs_collector | Successfully downloaded page
2026-09-12 23:40:25,982 | INFO | src.collectors.docs_collector | Document created successfully (id=8daec27d-d5d0-454c-9a33-b73949c3f512)
2026-09-12 23:40:25,984 | INFO | src.cleaners.document_cleaner | Cleaning document (id=8daec27d-d5d0-454c-9a33-b73949c3f512)
2026-09-12 23:40:25,984 | INFO | src.cleaners.document_cleaner | Finished cleaning document (id=8daec27d-d5d0-454c-9a33-b73949c3f512)
2026-09-12 23:40:25,984 | INFO | src.validator.document_validator | Validating document (id=8daec27d-d5d0-454c-9a33-b73949c3f512)
2026-09-12 23:40:25,984 | INFO | src.enrichers.document_enricher | Enriching document (id=8daec27d-d5d0-454c-9a33-b73949c3f512)
2026-09-12 23:40:25,984 | INFO | src.enrichers.document_enricher | Enrichment completed (id=8daec27d-d5d0-454c-9a33-b73949c3f512, words=104, chars=705, quality=0.50)
2026-09-12 23:40:25,984 | INFO | src.storage.jsonl_store | Saving object to data/raw/documents.jsonl
2026-09-12 23:40:25,986 | INFO | src.storage.jsonl_store | Object saved successfully
2026-09-12 23:40:25,986 | INFO | src.pipelines.dataset_pipeline | Saved document (id=8daec27d-d5d0-454c-9a33-b73949c3f512, title='Python - Glossary | MDN')
2026-09-12 23:40:25,986 | INFO | src.chunkers.document_chunker | Starting chunking for document (id=8daec27d-d5d0-454c-9a33-b73949c3f512)
2026-09-12 23:40:25,986 | INFO | src.chunkers.document_chunker | Chunking completed (id=8daec27d-d5d0-454c-9a33-b73949c3f512, chunks=4)
2026-09-12 23:40:25,986 | INFO | src.storage.jsonl_store | Saving 4 objects
2026-09-12 23:40:25,986 | INFO | src.storage.jsonl_store | Saving object to data/processed/chunks.jsonl
2026-09-12 23:40:25,986 | INFO | src.storage.jsonl_store | Object saved successfully
2026-09-12 23:40:25,986 | INFO | src.storage.jsonl_store | Saving object to data/processed/chunks.jsonl
2026-09-12 23:40:25,986 | INFO | src.storage.jsonl_store | Object saved successfully
2026-09-12 23:40:25,986 | INFO | src.storage.jsonl_store | Saving object to data/processed/chunks.jsonl
2026-09-12 23:40:25,986 | INFO | src.storage.jsonl_store | Object saved successfully
2026-09-12 23:40:25,986 | INFO | src.storage.jsonl_store | Saving object to data/processed/chunks.jsonl
2026-09-12 23:40:25,988 | INFO | src.storage.jsonl_store | Object saved successfully
2026-09-12 23:40:25,988 | INFO | src.storage.jsonl_store | Finished saving 4 objects
2026-09-12 23:40:25,988 | INFO | src.pipelines.dataset_pipeline | chunk Length=4
2026-09-12 23:40:25,988 | INFO | src.embedders.embedding_generator | Loading embedding model: all-MiniLM-L6-v2
2026-09-12 23:40:25,989 | INFO | sentence_transformers.base.model | No device provided, using cpu
2026-09-12 23:40:26,226 | INFO | httpx | HTTP Request: HEAD https://huggingface.co/sentence-transformers/all-MiniLM-L6-v2/resolve/main/modules.json "HTTP/1.1 307 Temporary Redirect"
2026-09-12 23:40:26,252 | INFO | httpx | HTTP Request: HEAD https://huggingface.co/api/resolve-cache/models/sentence-transformers/all-MiniLM-L6-v2/1110a243fdf4706b3f48f1d95db1a4f5529b4d41/modules.json "HTTP/1.1 200 OK"
2026-09-12 23:40:26,505 | INFO | httpx | HTTP Request: HEAD https://huggingface.co/sentence-transformers/all-MiniLM-L6-v2/resolve/main/config_sentence_transformers.json "HTTP/1.1 307 Temporary Redirect"
2026-09-12 23:40:26,522 | INFO | httpx | HTTP Request: HEAD https://huggingface.co/api/resolve-cache/models/sentence-transformers/all-MiniLM-L6-v2/1110a243fdf4706b3f48f1d95db1a4f5529b4d41/config_sentence_transformers.json "HTTP/1.1 200 OK"
2026-09-12 23:40:26,522 | INFO | sentence_transformers.base.model | Loading SentenceTransformer model from sentence-transformers/all-MiniLM-L6-v2.
2026-09-12 23:40:26,772 | INFO | httpx | HTTP Request: HEAD https://huggingface.co/sentence-transformers/all-MiniLM-L6-v2/resolve/main/config_sentence_transformers.json "HTTP/1.1 307 Temporary Redirect"
2026-09-12 23:40:26,797 | INFO | httpx | HTTP Request: HEAD https://huggingface.co/api/resolve-cache/models/sentence-transformers/all-MiniLM-L6-v2/1110a243fdf4706b3f48f1d95db1a4f5529b4d41/config_sentence_transformers.json "HTTP/1.1 200 OK"
2026-09-12 23:40:27,041 | INFO | httpx | HTTP Request: HEAD https://huggingface.co/sentence-transformers/all-MiniLM-L6-v2/resolve/main/README.md "HTTP/1.1 307 Temporary Redirect"
2026-09-12 23:40:27,063 | INFO | httpx | HTTP Request: HEAD https://huggingface.co/api/resolve-cache/models/sentence-transformers/all-MiniLM-L6-v2/1110a243fdf4706b3f48f1d95db1a4f5529b4d41/README.md "HTTP/1.1 200 OK"
2026-09-12 23:40:27,302 | INFO | httpx | HTTP Request: HEAD https://huggingface.co/sentence-transformers/all-MiniLM-L6-v2/resolve/main/modules.json "HTTP/1.1 307 Temporary Redirect"
2026-09-12 23:40:27,332 | INFO | httpx | HTTP Request: HEAD https://huggingface.co/api/resolve-cache/models/sentence-transformers/all-MiniLM-L6-v2/1110a243fdf4706b3f48f1d95db1a4f5529b4d41/modules.json "HTTP/1.1 200 OK"
2026-09-12 23:40:27,575 | INFO | httpx | HTTP Request: HEAD https://huggingface.co/sentence-transformers/all-MiniLM-L6-v2/resolve/main/sentence_bert_config.json "HTTP/1.1 307 Temporary Redirect"
2026-09-12 23:40:27,602 | INFO | httpx | HTTP Request: HEAD https://huggingface.co/api/resolve-cache/models/sentence-transformers/all-MiniLM-L6-v2/1110a243fdf4706b3f48f1d95db1a4f5529b4d41/sentence_bert_config.json "HTTP/1.1 200 OK"
2026-09-12 23:40:27,934 | INFO | httpx | HTTP Request: HEAD https://huggingface.co/sentence-transformers/all-MiniLM-L6-v2/resolve/main/adapter_config.json "HTTP/1.1 404 Not Found"
2026-09-12 23:40:28,186 | INFO | httpx | HTTP Request: HEAD https://huggingface.co/sentence-transformers/all-MiniLM-L6-v2/resolve/main/config.json "HTTP/1.1 307 Temporary Redirect"
2026-09-12 23:40:28,211 | INFO | httpx | HTTP Request: HEAD https://huggingface.co/api/resolve-cache/models/sentence-transformers/all-MiniLM-L6-v2/1110a243fdf4706b3f48f1d95db1a4f5529b4d41/config.json "HTTP/1.1 200 OK"
2026-09-12 23:40:28,506 | INFO | httpx | HTTP Request: HEAD https://huggingface.co/sentence-transformers/all-MiniLM-L6-v2/resolve/main/processor_config.json "HTTP/1.1 404 Not Found"
2026-09-12 23:40:28,752 | INFO | httpx | HTTP Request: HEAD https://huggingface.co/sentence-transformers/all-MiniLM-L6-v2/resolve/main/preprocessor_config.json "HTTP/1.1 404 Not Found"
2026-09-12 23:40:29,001 | INFO | httpx | HTTP Request: HEAD https://huggingface.co/sentence-transformers/all-MiniLM-L6-v2/resolve/main/video_preprocessor_config.json "HTTP/1.1 404 Not Found"
2026-09-12 23:40:29,245 | INFO | httpx | HTTP Request: HEAD https://huggingface.co/sentence-transformers/all-MiniLM-L6-v2/resolve/main/preprocessor_config.json "HTTP/1.1 404 Not Found"
2026-09-12 23:40:29,492 | INFO | httpx | HTTP Request: HEAD https://huggingface.co/sentence-transformers/all-MiniLM-L6-v2/resolve/main/tokenizer_config.json "HTTP/1.1 307 Temporary Redirect"
2026-09-12 23:40:29,512 | INFO | httpx | HTTP Request: HEAD https://huggingface.co/api/resolve-cache/models/sentence-transformers/all-MiniLM-L6-v2/1110a243fdf4706b3f48f1d95db1a4f5529b4d41/tokenizer_config.json "HTTP/1.1 200 OK"
2026-09-12 23:40:29,782 | INFO | httpx | HTTP Request: HEAD https://huggingface.co/sentence-transformers/all-MiniLM-L6-v2/resolve/main/config.json "HTTP/1.1 307 Temporary Redirect"
2026-09-12 23:40:29,821 | INFO | httpx | HTTP Request: HEAD https://huggingface.co/api/resolve-cache/models/sentence-transformers/all-MiniLM-L6-v2/1110a243fdf4706b3f48f1d95db1a4f5529b4d41/config.json "HTTP/1.1 200 OK"
2026-09-12 23:40:30,085 | INFO | httpx | HTTP Request: HEAD https://huggingface.co/sentence-transformers/all-MiniLM-L6-v2/resolve/main/config.json "HTTP/1.1 307 Temporary Redirect"
2026-09-12 23:40:30,122 | INFO | httpx | HTTP Request: HEAD https://huggingface.co/api/resolve-cache/models/sentence-transformers/all-MiniLM-L6-v2/1110a243fdf4706b3f48f1d95db1a4f5529b4d41/config.json "HTTP/1.1 200 OK"
2026-09-12 23:40:30,380 | INFO | httpx | HTTP Request: HEAD https://huggingface.co/sentence-transformers/all-MiniLM-L6-v2/resolve/main/tokenizer_config.json "HTTP/1.1 307 Temporary Redirect"
2026-09-12 23:40:30,422 | INFO | httpx | HTTP Request: HEAD https://huggingface.co/api/resolve-cache/models/sentence-transformers/all-MiniLM-L6-v2/1110a243fdf4706b3f48f1d95db1a4f5529b4d41/tokenizer_config.json "HTTP/1.1 200 OK"
2026-09-12 23:40:30,685 | INFO | httpx | HTTP Request: GET https://huggingface.co/api/models/sentence-transformers/all-MiniLM-L6-v2/tree/main/additional_chat_templates?recursive=false&expand=false "HTTP/1.1 404 Not Found"
2026-09-12 23:40:30,943 | INFO | httpx | HTTP Request: GET https://huggingface.co/api/models/sentence-transformers/all-MiniLM-L6-v2/tree/main?recursive=true&expand=false "HTTP/1.1 200 OK"
2026-09-12 23:40:31,235 | INFO | httpx | HTTP Request: HEAD https://huggingface.co/sentence-transformers/all-MiniLM-L6-v2/resolve/main/1_Pooling/config.json "HTTP/1.1 307 Temporary Redirect"
2026-09-12 23:40:31,262 | INFO | httpx | HTTP Request: HEAD https://huggingface.co/api/resolve-cache/models/sentence-transformers/all-MiniLM-L6-v2/1110a243fdf4706b3f48f1d95db1a4f5529b4d41/1_Pooling%2Fconfig.json "HTTP/1.1 200 OK"
2026-09-12 23:40:31,572 | INFO | httpx | HTTP Request: GET https://huggingface.co/api/models/sentence-transformers/all-MiniLM-L6-v2 "HTTP/1.1 200 OK"
2026-09-12 23:40:31,572 | INFO | src.embedders.embedding_generator | Embedding model loaded successfully
2026-09-12 23:40:31,572 | INFO | src.embedders.embedding_generator | Generating embedding for chunk (id=8daec27d-d5d0-454c-9a33-b73949c3f512_chunk_1)
2026-09-12 23:40:31,599 | INFO | src.storage.jsonl_store | Saving object to data/processed/embeddings.jsonl
2026-09-12 23:40:31,602 | INFO | src.storage.jsonl_store | Object saved successfully
2026-09-12 23:40:31,602 | INFO | src.embedders.embedding_generator | Generating embedding for chunk (id=8daec27d-d5d0-454c-9a33-b73949c3f512_chunk_2)
2026-09-12 23:40:31,616 | INFO | src.storage.jsonl_store | Saving object to data/processed/embeddings.jsonl
2026-09-12 23:40:31,618 | INFO | src.storage.jsonl_store | Object saved successfully
2026-09-12 23:40:31,618 | INFO | src.embedders.embedding_generator | Generating embedding for chunk (id=8daec27d-d5d0-454c-9a33-b73949c3f512_chunk_3)
2026-09-12 23:40:31,632 | INFO | src.storage.jsonl_store | Saving object to data/processed/embeddings.jsonl
2026-09-12 23:40:31,632 | INFO | src.storage.jsonl_store | Object saved successfully
2026-09-12 23:40:31,632 | INFO | src.embedders.embedding_generator | Generating embedding for chunk (id=8daec27d-d5d0-454c-9a33-b73949c3f512_chunk_4)
2026-09-12 23:40:31,650 | INFO | src.storage.jsonl_store | Saving object to data/processed/embeddings.jsonl
2026-09-12 23:40:31,652 | INFO | src.storage.jsonl_store | Object saved successfully
2026-09-12 23:40:31,652 | INFO | src.pipelines.dataset_pipeline | embedding Length=4
2026-09-12 23:40:31,653 | INFO | src.pipelines.dataset_pipeline | Processing URL: https://codehs.com/textbook/intropython_textbook/
2026-09-12 23:40:31,653 | INFO | src.collectors.docs_collector | Collecting document from https://codehs.com/textbook/intropython_textbook/
2026-09-12 23:40:32,055 | INFO | src.collectors.docs_collector | Successfully downloaded page
2026-09-12 23:40:32,106 | INFO | src.collectors.docs_collector | Document created successfully (id=23a49a58-b052-4d07-a444-3f59ecbc4dbd)
2026-09-12 23:40:32,112 | INFO | src.cleaners.document_cleaner | Cleaning document (id=23a49a58-b052-4d07-a444-3f59ecbc4dbd)
2026-09-12 23:40:32,112 | INFO | src.cleaners.document_cleaner | Finished cleaning document (id=23a49a58-b052-4d07-a444-3f59ecbc4dbd)
2026-09-12 23:40:32,112 | INFO | src.validator.document_validator | Validating document (id=23a49a58-b052-4d07-a444-3f59ecbc4dbd)
2026-09-12 23:40:32,112 | INFO | src.enrichers.document_enricher | Enriching document (id=23a49a58-b052-4d07-a444-3f59ecbc4dbd)
2026-09-12 23:40:32,112 | INFO | src.enrichers.document_enricher | Enrichment completed (id=23a49a58-b052-4d07-a444-3f59ecbc4dbd, words=45, chars=275, quality=0.50)
2026-09-12 23:40:32,112 | INFO | src.storage.jsonl_store | Saving object to data/raw/documents.jsonl
2026-09-12 23:40:32,112 | INFO | src.storage.jsonl_store | Object saved successfully
2026-09-12 23:40:32,112 | INFO | src.pipelines.dataset_pipeline | Saved document (id=23a49a58-b052-4d07-a444-3f59ecbc4dbd, title='Textbook: Intro to Python Textbook | CodeHS')
2026-09-12 23:40:32,112 | INFO | src.chunkers.document_chunker | Starting chunking for document (id=23a49a58-b052-4d07-a444-3f59ecbc4dbd)
2026-09-12 23:40:32,112 | INFO | src.chunkers.document_chunker | Chunking completed (id=23a49a58-b052-4d07-a444-3f59ecbc4dbd, chunks=2)
2026-09-12 23:40:32,112 | INFO | src.storage.jsonl_store | Saving 2 objects
2026-09-12 23:40:32,112 | INFO | src.storage.jsonl_store | Saving object to data/processed/chunks.jsonl
2026-09-12 23:40:32,112 | INFO | src.storage.jsonl_store | Object saved successfully
2026-09-12 23:40:32,112 | INFO | src.storage.jsonl_store | Saving object to data/processed/chunks.jsonl
2026-09-12 23:40:32,114 | INFO | src.storage.jsonl_store | Object saved successfully
2026-09-12 23:40:32,114 | INFO | src.storage.jsonl_store | Finished saving 2 objects
2026-09-12 23:40:32,114 | INFO | src.pipelines.dataset_pipeline | chunk Length=2
2026-09-12 23:40:32,114 | INFO | src.embedders.embedding_generator | Loading embedding model: all-MiniLM-L6-v2
2026-09-12 23:40:32,117 | INFO | sentence_transformers.base.model | No device provided, using cpu
2026-09-12 23:40:32,366 | INFO | httpx | HTTP Request: HEAD https://huggingface.co/sentence-transformers/all-MiniLM-L6-v2/resolve/main/modules.json "HTTP/1.1 307 Temporary Redirect"
2026-09-12 23:40:32,393 | INFO | httpx | HTTP Request: HEAD https://huggingface.co/api/resolve-cache/models/sentence-transformers/all-MiniLM-L6-v2/1110a243fdf4706b3f48f1d95db1a4f5529b4d41/modules.json "HTTP/1.1 200 OK"
2026-09-12 23:40:32,632 | INFO | httpx | HTTP Request: HEAD https://huggingface.co/sentence-transformers/all-MiniLM-L6-v2/resolve/main/config_sentence_transformers.json "HTTP/1.1 307 Temporary Redirect"
2026-09-12 23:40:32,664 | INFO | httpx | HTTP Request: HEAD https://huggingface.co/api/resolve-cache/models/sentence-transformers/all-MiniLM-L6-v2/1110a243fdf4706b3f48f1d95db1a4f5529b4d41/config_sentence_transformers.json "HTTP/1.1 200 OK"
2026-09-12 23:40:32,666 | INFO | sentence_transformers.base.model | Loading SentenceTransformer model from sentence-transformers/all-MiniLM-L6-v2.
2026-09-12 23:40:32,905 | INFO | httpx | HTTP Request: HEAD https://huggingface.co/sentence-transformers/all-MiniLM-L6-v2/resolve/main/config_sentence_transformers.json "HTTP/1.1 307 Temporary Redirect"
2026-09-12 23:40:32,934 | INFO | httpx | HTTP Request: HEAD https://huggingface.co/api/resolve-cache/models/sentence-transformers/all-MiniLM-L6-v2/1110a243fdf4706b3f48f1d95db1a4f5529b4d41/config_sentence_transformers.json "HTTP/1.1 200 OK"
2026-09-12 23:40:33,172 | INFO | httpx | HTTP Request: HEAD https://huggingface.co/sentence-transformers/all-MiniLM-L6-v2/resolve/main/README.md "HTTP/1.1 307 Temporary Redirect"
2026-09-12 23:40:33,217 | INFO | httpx | HTTP Request: HEAD https://huggingface.co/api/resolve-cache/models/sentence-transformers/all-MiniLM-L6-v2/1110a243fdf4706b3f48f1d95db1a4f5529b4d41/README.md "HTTP/1.1 200 OK"
2026-09-12 23:40:33,462 | INFO | httpx | HTTP Request: HEAD https://huggingface.co/sentence-transformers/all-MiniLM-L6-v2/resolve/main/modules.json "HTTP/1.1 307 Temporary Redirect"
2026-09-12 23:40:33,492 | INFO | httpx | HTTP Request: HEAD https://huggingface.co/api/resolve-cache/models/sentence-transformers/all-MiniLM-L6-v2/1110a243fdf4706b3f48f1d95db1a4f5529b4d41/modules.json "HTTP/1.1 200 OK"
2026-09-12 23:40:33,745 | INFO | httpx | HTTP Request: HEAD https://huggingface.co/sentence-transformers/all-MiniLM-L6-v2/resolve/main/sentence_bert_config.json "HTTP/1.1 307 Temporary Redirect"
2026-09-12 23:40:33,772 | INFO | httpx | HTTP Request: HEAD https://huggingface.co/api/resolve-cache/models/sentence-transformers/all-MiniLM-L6-v2/1110a243fdf4706b3f48f1d95db1a4f5529b4d41/sentence_bert_config.json "HTTP/1.1 200 OK"
2026-09-12 23:40:34,024 | INFO | httpx | HTTP Request: HEAD https://huggingface.co/sentence-transformers/all-MiniLM-L6-v2/resolve/main/adapter_config.json "HTTP/1.1 404 Not Found"
2026-09-12 23:40:34,269 | INFO | httpx | HTTP Request: HEAD https://huggingface.co/sentence-transformers/all-MiniLM-L6-v2/resolve/main/config.json "HTTP/1.1 307 Temporary Redirect"
2026-09-12 23:40:34,301 | INFO | httpx | HTTP Request: HEAD https://huggingface.co/api/resolve-cache/models/sentence-transformers/all-MiniLM-L6-v2/1110a243fdf4706b3f48f1d95db1a4f5529b4d41/config.json "HTTP/1.1 200 OK"
2026-09-12 23:40:34,592 | INFO | httpx | HTTP Request: HEAD https://huggingface.co/sentence-transformers/all-MiniLM-L6-v2/resolve/main/processor_config.json "HTTP/1.1 404 Not Found"
2026-09-12 23:40:34,845 | INFO | httpx | HTTP Request: HEAD https://huggingface.co/sentence-transformers/all-MiniLM-L6-v2/resolve/main/preprocessor_config.json "HTTP/1.1 404 Not Found"
2026-09-12 23:40:35,102 | INFO | httpx | HTTP Request: HEAD https://huggingface.co/sentence-transformers/all-MiniLM-L6-v2/resolve/main/video_preprocessor_config.json "HTTP/1.1 404 Not Found"
2026-09-12 23:40:35,362 | INFO | httpx | HTTP Request: HEAD https://huggingface.co/sentence-transformers/all-MiniLM-L6-v2/resolve/main/preprocessor_config.json "HTTP/1.1 404 Not Found"
2026-09-12 23:40:35,662 | INFO | httpx | HTTP Request: HEAD https://huggingface.co/sentence-transformers/all-MiniLM-L6-v2/resolve/main/tokenizer_config.json "HTTP/1.1 307 Temporary Redirect"
2026-09-12 23:40:35,695 | INFO | httpx | HTTP Request: HEAD https://huggingface.co/api/resolve-cache/models/sentence-transformers/all-MiniLM-L6-v2/1110a243fdf4706b3f48f1d95db1a4f5529b4d41/tokenizer_config.json "HTTP/1.1 200 OK"
2026-09-12 23:40:35,942 | INFO | httpx | HTTP Request: HEAD https://huggingface.co/sentence-transformers/all-MiniLM-L6-v2/resolve/main/config.json "HTTP/1.1 307 Temporary Redirect"
2026-09-12 23:40:35,968 | INFO | httpx | HTTP Request: HEAD https://huggingface.co/api/resolve-cache/models/sentence-transformers/all-MiniLM-L6-v2/1110a243fdf4706b3f48f1d95db1a4f5529b4d41/config.json "HTTP/1.1 200 OK"
2026-09-12 23:40:36,224 | INFO | httpx | HTTP Request: HEAD https://huggingface.co/sentence-transformers/all-MiniLM-L6-v2/resolve/main/config.json "HTTP/1.1 307 Temporary Redirect"
2026-09-12 23:40:36,301 | INFO | httpx | HTTP Request: HEAD https://huggingface.co/api/resolve-cache/models/sentence-transformers/all-MiniLM-L6-v2/1110a243fdf4706b3f48f1d95db1a4f5529b4d41/config.json "HTTP/1.1 200 OK"
2026-09-12 23:40:36,552 | INFO | httpx | HTTP Request: HEAD https://huggingface.co/sentence-transformers/all-MiniLM-L6-v2/resolve/main/tokenizer_config.json "HTTP/1.1 307 Temporary Redirect"
2026-09-12 23:40:36,586 | INFO | httpx | HTTP Request: HEAD https://huggingface.co/api/resolve-cache/models/sentence-transformers/all-MiniLM-L6-v2/1110a243fdf4706b3f48f1d95db1a4f5529b4d41/tokenizer_config.json "HTTP/1.1 200 OK"
2026-09-12 23:40:36,833 | INFO | httpx | HTTP Request: GET https://huggingface.co/api/models/sentence-transformers/all-MiniLM-L6-v2/tree/main/additional_chat_templates?recursive=false&expand=false "HTTP/1.1 404 Not Found"
2026-09-12 23:40:37,072 | INFO | httpx | HTTP Request: GET https://huggingface.co/api/models/sentence-transformers/all-MiniLM-L6-v2/tree/main?recursive=true&expand=false "HTTP/1.1 200 OK"
2026-09-12 23:40:37,372 | INFO | httpx | HTTP Request: HEAD https://huggingface.co/sentence-transformers/all-MiniLM-L6-v2/resolve/main/1_Pooling/config.json "HTTP/1.1 307 Temporary Redirect"
2026-09-12 23:40:37,402 | INFO | httpx | HTTP Request: HEAD https://huggingface.co/api/resolve-cache/models/sentence-transformers/all-MiniLM-L6-v2/1110a243fdf4706b3f48f1d95db1a4f5529b4d41/1_Pooling%2Fconfig.json "HTTP/1.1 200 OK"
2026-09-12 23:40:37,642 | INFO | httpx | HTTP Request: GET https://huggingface.co/api/models/sentence-transformers/all-MiniLM-L6-v2 "HTTP/1.1 200 OK"
2026-09-12 23:40:37,647 | INFO | src.embedders.embedding_generator | Embedding model loaded successfully
2026-09-12 23:40:37,647 | INFO | src.embedders.embedding_generator | Generating embedding for chunk (id=23a49a58-b052-4d07-a444-3f59ecbc4dbd_chunk_1)
2026-09-12 23:40:37,671 | INFO | src.storage.jsonl_store | Saving object to data/processed/embeddings.jsonl
2026-09-12 23:40:37,671 | INFO | src.storage.jsonl_store | Object saved successfully
2026-09-12 23:40:37,671 | INFO | src.embedders.embedding_generator | Generating embedding for chunk (id=23a49a58-b052-4d07-a444-3f59ecbc4dbd_chunk_2)
2026-09-12 23:40:37,688 | INFO | src.storage.jsonl_store | Saving object to data/processed/embeddings.jsonl
2026-09-12 23:40:37,689 | INFO | src.storage.jsonl_store | Object saved successfully
2026-09-12 23:40:37,689 | INFO | src.pipelines.dataset_pipeline | embedding Length=2
2026-09-12 23:40:37,689 | INFO | src.pipelines.dataset_pipeline | Processing URL: https://coddy.tech/docs/python/input-and-print
2026-09-12 23:40:37,689 | INFO | src.collectors.docs_collector | Collecting document from https://coddy.tech/docs/python/input-and-print
2026-09-12 23:40:37,822 | INFO | src.collectors.docs_collector | Successfully downloaded page
2026-09-12 23:40:37,860 | INFO | src.collectors.docs_collector | Document created successfully (id=35bf0b2c-a39d-459c-b0d7-af9e094ccf58)
2026-09-12 23:40:37,862 | INFO | src.cleaners.document_cleaner | Cleaning document (id=35bf0b2c-a39d-459c-b0d7-af9e094ccf58)
2026-09-12 23:40:37,862 | INFO | src.cleaners.document_cleaner | Finished cleaning document (id=35bf0b2c-a39d-459c-b0d7-af9e094ccf58)
2026-09-12 23:40:37,862 | INFO | src.validator.document_validator | Validating document (id=35bf0b2c-a39d-459c-b0d7-af9e094ccf58)
2026-09-12 23:40:37,862 | INFO | src.enrichers.document_enricher | Enriching document (id=35bf0b2c-a39d-459c-b0d7-af9e094ccf58)
2026-09-12 23:40:37,862 | INFO | src.enrichers.document_enricher | Enrichment completed (id=35bf0b2c-a39d-459c-b0d7-af9e094ccf58, words=629, chars=3601, quality=1.00)
2026-09-12 23:40:37,862 | INFO | src.storage.jsonl_store | Saving object to data/raw/documents.jsonl
2026-09-12 23:40:37,862 | INFO | src.storage.jsonl_store | Object saved successfully
2026-09-12 23:40:37,862 | INFO | src.pipelines.dataset_pipeline | Saved document (id=35bf0b2c-a39d-459c-b0d7-af9e094ccf58, title='Runnable Python Docs: Input & Print | Coddy')
2026-09-12 23:40:37,862 | INFO | src.chunkers.document_chunker | Starting chunking for document (id=35bf0b2c-a39d-459c-b0d7-af9e094ccf58)
2026-09-12 23:40:37,862 | INFO | src.chunkers.document_chunker | Chunking completed (id=35bf0b2c-a39d-459c-b0d7-af9e094ccf58, chunks=19)
2026-09-12 23:40:37,862 | INFO | src.storage.jsonl_store | Saving 19 objects
2026-09-12 23:40:37,862 | INFO | src.storage.jsonl_store | Saving object to data/processed/chunks.jsonl
2026-09-12 23:40:37,862 | INFO | src.storage.jsonl_store | Object saved successfully
2026-09-12 23:40:37,862 | INFO | src.storage.jsonl_store | Saving object to data/processed/chunks.jsonl
2026-09-12 23:40:37,862 | INFO | src.storage.jsonl_store | Object saved successfully
2026-09-12 23:40:37,862 | INFO | src.storage.jsonl_store | Saving object to data/processed/chunks.jsonl
2026-09-12 23:40:37,862 | INFO | src.storage.jsonl_store | Object saved successfully
2026-09-12 23:40:37,862 | INFO | src.storage.jsonl_store | Saving object to data/processed/chunks.jsonl
2026-09-12 23:40:37,862 | INFO | src.storage.jsonl_store | Object saved successfully
2026-09-12 23:40:37,862 | INFO | src.storage.jsonl_store | Saving object to data/processed/chunks.jsonl
2026-09-12 23:40:37,862 | INFO | src.storage.jsonl_store | Object saved successfully
2026-09-12 23:40:37,862 | INFO | src.storage.jsonl_store | Saving object to data/processed/chunks.jsonl
2026-09-12 23:40:37,862 | INFO | src.storage.jsonl_store | Object saved successfully
2026-09-12 23:40:37,862 | INFO | src.storage.jsonl_store | Saving object to data/processed/chunks.jsonl
2026-09-12 23:40:37,869 | INFO | src.storage.jsonl_store | Object saved successfully
2026-09-12 23:40:37,869 | INFO | src.storage.jsonl_store | Saving object to data/processed/chunks.jsonl
2026-09-12 23:40:37,869 | INFO | src.storage.jsonl_store | Object saved successfully
2026-09-12 23:40:37,869 | INFO | src.storage.jsonl_store | Saving object to data/processed/chunks.jsonl
2026-09-12 23:40:37,871 | INFO | src.storage.jsonl_store | Object saved successfully
2026-09-12 23:40:37,871 | INFO | src.storage.jsonl_store | Saving object to data/processed/chunks.jsonl
2026-09-12 23:40:37,871 | INFO | src.storage.jsonl_store | Object saved successfully
2026-09-12 23:40:37,871 | INFO | src.storage.jsonl_store | Saving object to data/processed/chunks.jsonl
2026-09-12 23:40:37,872 | INFO | src.storage.jsonl_store | Object saved successfully
2026-09-12 23:40:37,872 | INFO | src.storage.jsonl_store | Saving object to data/processed/chunks.jsonl
2026-09-12 23:40:37,872 | INFO | src.storage.jsonl_store | Object saved successfully
2026-09-12 23:40:37,872 | INFO | src.storage.jsonl_store | Saving object to data/processed/chunks.jsonl
2026-09-12 23:40:37,872 | INFO | src.storage.jsonl_store | Object saved successfully
2026-09-12 23:40:37,872 | INFO | src.storage.jsonl_store | Saving object to data/processed/chunks.jsonl
2026-09-12 23:40:37,872 | INFO | src.storage.jsonl_store | Object saved successfully
2026-09-12 23:40:37,872 | INFO | src.storage.jsonl_store | Saving object to data/processed/chunks.jsonl
2026-09-12 23:40:37,872 | INFO | src.storage.jsonl_store | Object saved successfully
2026-09-12 23:40:37,872 | INFO | src.storage.jsonl_store | Saving object to data/processed/chunks.jsonl
2026-09-12 23:40:37,872 | INFO | src.storage.jsonl_store | Object saved successfully
2026-09-12 23:40:37,872 | INFO | src.storage.jsonl_store | Saving object to data/processed/chunks.jsonl
2026-09-12 23:40:37,872 | INFO | src.storage.jsonl_store | Object saved successfully
2026-09-12 23:40:37,872 | INFO | src.storage.jsonl_store | Saving object to data/processed/chunks.jsonl
2026-09-12 23:40:37,872 | INFO | src.storage.jsonl_store | Object saved successfully
2026-09-12 23:40:37,872 | INFO | src.storage.jsonl_store | Saving object to data/processed/chunks.jsonl
2026-09-12 23:40:37,872 | INFO | src.storage.jsonl_store | Object saved successfully
2026-09-12 23:40:37,872 | INFO | src.storage.jsonl_store | Finished saving 19 objects
2026-09-12 23:40:37,872 | INFO | src.pipelines.dataset_pipeline | chunk Length=19
2026-09-12 23:40:37,872 | INFO | src.embedders.embedding_generator | Loading embedding model: all-MiniLM-L6-v2
2026-09-12 23:40:37,872 | INFO | sentence_transformers.base.model | No device provided, using cpu
2026-09-12 23:40:38,114 | INFO | httpx | HTTP Request: HEAD https://huggingface.co/sentence-transformers/all-MiniLM-L6-v2/resolve/main/modules.json "HTTP/1.1 307 Temporary Redirect"
2026-09-12 23:40:38,141 | INFO | httpx | HTTP Request: HEAD https://huggingface.co/api/resolve-cache/models/sentence-transformers/all-MiniLM-L6-v2/1110a243fdf4706b3f48f1d95db1a4f5529b4d41/modules.json "HTTP/1.1 200 OK"
2026-09-12 23:40:38,396 | INFO | httpx | HTTP Request: HEAD https://huggingface.co/sentence-transformers/all-MiniLM-L6-v2/resolve/main/config_sentence_transformers.json "HTTP/1.1 307 Temporary Redirect"
2026-09-12 23:40:38,425 | INFO | httpx | HTTP Request: HEAD https://huggingface.co/api/resolve-cache/models/sentence-transformers/all-MiniLM-L6-v2/1110a243fdf4706b3f48f1d95db1a4f5529b4d41/config_sentence_transformers.json "HTTP/1.1 200 OK"
2026-09-12 23:40:38,431 | INFO | sentence_transformers.base.model | Loading SentenceTransformer model from sentence-transformers/all-MiniLM-L6-v2.
2026-09-12 23:40:38,671 | INFO | httpx | HTTP Request: HEAD https://huggingface.co/sentence-transformers/all-MiniLM-L6-v2/resolve/main/config_sentence_transformers.json "HTTP/1.1 307 Temporary Redirect"
2026-09-12 23:40:38,693 | INFO | httpx | HTTP Request: HEAD https://huggingface.co/api/resolve-cache/models/sentence-transformers/all-MiniLM-L6-v2/1110a243fdf4706b3f48f1d95db1a4f5529b4d41/config_sentence_transformers.json "HTTP/1.1 200 OK"
2026-09-12 23:40:38,942 | INFO | httpx | HTTP Request: HEAD https://huggingface.co/sentence-transformers/all-MiniLM-L6-v2/resolve/main/README.md "HTTP/1.1 307 Temporary Redirect"
2026-09-12 23:40:38,962 | INFO | httpx | HTTP Request: HEAD https://huggingface.co/api/resolve-cache/models/sentence-transformers/all-MiniLM-L6-v2/1110a243fdf4706b3f48f1d95db1a4f5529b4d41/README.md "HTTP/1.1 200 OK"
2026-09-12 23:40:39,220 | INFO | httpx | HTTP Request: HEAD https://huggingface.co/sentence-transformers/all-MiniLM-L6-v2/resolve/main/modules.json "HTTP/1.1 307 Temporary Redirect"
2026-09-12 23:40:39,245 | INFO | httpx | HTTP Request: HEAD https://huggingface.co/api/resolve-cache/models/sentence-transformers/all-MiniLM-L6-v2/1110a243fdf4706b3f48f1d95db1a4f5529b4d41/modules.json "HTTP/1.1 200 OK"
2026-09-12 23:40:39,490 | INFO | httpx | HTTP Request: HEAD https://huggingface.co/sentence-transformers/all-MiniLM-L6-v2/resolve/main/sentence_bert_config.json "HTTP/1.1 307 Temporary Redirect"
2026-09-12 23:40:39,515 | INFO | httpx | HTTP Request: HEAD https://huggingface.co/api/resolve-cache/models/sentence-transformers/all-MiniLM-L6-v2/1110a243fdf4706b3f48f1d95db1a4f5529b4d41/sentence_bert_config.json "HTTP/1.1 200 OK"
2026-09-12 23:40:39,758 | INFO | httpx | HTTP Request: HEAD https://huggingface.co/sentence-transformers/all-MiniLM-L6-v2/resolve/main/adapter_config.json "HTTP/1.1 404 Not Found"
2026-09-12 23:40:40,012 | INFO | httpx | HTTP Request: HEAD https://huggingface.co/sentence-transformers/all-MiniLM-L6-v2/resolve/main/config.json "HTTP/1.1 307 Temporary Redirect"
2026-09-12 23:40:40,035 | INFO | httpx | HTTP Request: HEAD https://huggingface.co/api/resolve-cache/models/sentence-transformers/all-MiniLM-L6-v2/1110a243fdf4706b3f48f1d95db1a4f5529b4d41/config.json "HTTP/1.1 200 OK"
2026-09-12 23:40:40,317 | INFO | httpx | HTTP Request: HEAD https://huggingface.co/sentence-transformers/all-MiniLM-L6-v2/resolve/main/processor_config.json "HTTP/1.1 404 Not Found"
2026-09-12 23:40:40,579 | INFO | httpx | HTTP Request: HEAD https://huggingface.co/sentence-transformers/all-MiniLM-L6-v2/resolve/main/preprocessor_config.json "HTTP/1.1 404 Not Found"
2026-09-12 23:40:40,822 | INFO | httpx | HTTP Request: HEAD https://huggingface.co/sentence-transformers/all-MiniLM-L6-v2/resolve/main/video_preprocessor_config.json "HTTP/1.1 404 Not Found"
2026-09-12 23:40:41,066 | INFO | httpx | HTTP Request: HEAD https://huggingface.co/sentence-transformers/all-MiniLM-L6-v2/resolve/main/preprocessor_config.json "HTTP/1.1 404 Not Found"
2026-09-12 23:40:41,312 | INFO | httpx | HTTP Request: HEAD https://huggingface.co/sentence-transformers/all-MiniLM-L6-v2/resolve/main/tokenizer_config.json "HTTP/1.1 307 Temporary Redirect"
2026-09-12 23:40:41,335 | INFO | httpx | HTTP Request: HEAD https://huggingface.co/api/resolve-cache/models/sentence-transformers/all-MiniLM-L6-v2/1110a243fdf4706b3f48f1d95db1a4f5529b4d41/tokenizer_config.json "HTTP/1.1 200 OK"
2026-09-12 23:40:41,582 | INFO | httpx | HTTP Request: HEAD https://huggingface.co/sentence-transformers/all-MiniLM-L6-v2/resolve/main/config.json "HTTP/1.1 307 Temporary Redirect"
2026-09-12 23:40:41,617 | INFO | httpx | HTTP Request: HEAD https://huggingface.co/api/resolve-cache/models/sentence-transformers/all-MiniLM-L6-v2/1110a243fdf4706b3f48f1d95db1a4f5529b4d41/config.json "HTTP/1.1 200 OK"
2026-09-12 23:40:41,872 | INFO | httpx | HTTP Request: HEAD https://huggingface.co/sentence-transformers/all-MiniLM-L6-v2/resolve/main/config.json "HTTP/1.1 307 Temporary Redirect"
2026-09-12 23:40:41,902 | INFO | httpx | HTTP Request: HEAD https://huggingface.co/api/resolve-cache/models/sentence-transformers/all-MiniLM-L6-v2/1110a243fdf4706b3f48f1d95db1a4f5529b4d41/config.json "HTTP/1.1 200 OK"
2026-09-12 23:40:42,162 | INFO | httpx | HTTP Request: HEAD https://huggingface.co/sentence-transformers/all-MiniLM-L6-v2/resolve/main/tokenizer_config.json "HTTP/1.1 307 Temporary Redirect"
2026-09-12 23:40:42,192 | INFO | httpx | HTTP Request: HEAD https://huggingface.co/api/resolve-cache/models/sentence-transformers/all-MiniLM-L6-v2/1110a243fdf4706b3f48f1d95db1a4f5529b4d41/tokenizer_config.json "HTTP/1.1 200 OK"
2026-09-12 23:40:42,439 | INFO | httpx | HTTP Request: GET https://huggingface.co/api/models/sentence-transformers/all-MiniLM-L6-v2/tree/main/additional_chat_templates?recursive=false&expand=false "HTTP/1.1 404 Not Found"
2026-09-12 23:40:42,683 | INFO | httpx | HTTP Request: GET https://huggingface.co/api/models/sentence-transformers/all-MiniLM-L6-v2/tree/main?recursive=true&expand=false "HTTP/1.1 200 OK"
2026-09-12 23:40:42,995 | INFO | httpx | HTTP Request: HEAD https://huggingface.co/sentence-transformers/all-MiniLM-L6-v2/resolve/main/1_Pooling/config.json "HTTP/1.1 307 Temporary Redirect"
2026-09-12 23:40:43,012 | INFO | httpx | HTTP Request: HEAD https://huggingface.co/api/resolve-cache/models/sentence-transformers/all-MiniLM-L6-v2/1110a243fdf4706b3f48f1d95db1a4f5529b4d41/1_Pooling%2Fconfig.json "HTTP/1.1 200 OK"
2026-09-12 23:40:43,266 | INFO | httpx | HTTP Request: GET https://huggingface.co/api/models/sentence-transformers/all-MiniLM-L6-v2 "HTTP/1.1 200 OK"
2026-09-12 23:40:43,267 | INFO | src.embedders.embedding_generator | Embedding model loaded successfully
2026-09-12 23:40:43,267 | INFO | src.embedders.embedding_generator | Generating embedding for chunk (id=35bf0b2c-a39d-459c-b0d7-af9e094ccf58_chunk_1)
2026-09-12 23:40:43,292 | INFO | src.storage.jsonl_store | Saving object to data/processed/embeddings.jsonl
2026-09-12 23:40:43,292 | INFO | src.storage.jsonl_store | Object saved successfully
2026-09-12 23:40:43,292 | INFO | src.embedders.embedding_generator | Generating embedding for chunk (id=35bf0b2c-a39d-459c-b0d7-af9e094ccf58_chunk_2)
2026-09-12 23:40:43,301 | INFO | src.storage.jsonl_store | Saving object to data/processed/embeddings.jsonl
2026-09-12 23:40:43,312 | INFO | src.storage.jsonl_store | Object saved successfully
2026-09-12 23:40:43,312 | INFO | src.embedders.embedding_generator | Generating embedding for chunk (id=35bf0b2c-a39d-459c-b0d7-af9e094ccf58_chunk_3)
2026-09-12 23:40:43,331 | INFO | src.storage.jsonl_store | Saving object to data/processed/embeddings.jsonl
2026-09-12 23:40:43,334 | INFO | src.storage.jsonl_store | Object saved successfully
2026-09-12 23:40:43,334 | INFO | src.embedders.embedding_generator | Generating embedding for chunk (id=35bf0b2c-a39d-459c-b0d7-af9e094ccf58_chunk_4)
2026-09-12 23:40:43,355 | INFO | src.storage.jsonl_store | Saving object to data/processed/embeddings.jsonl
2026-09-12 23:40:43,356 | INFO | src.storage.jsonl_store | Object saved successfully
2026-09-12 23:40:43,356 | INFO | src.embedders.embedding_generator | Generating embedding for chunk (id=35bf0b2c-a39d-459c-b0d7-af9e094ccf58_chunk_5)
2026-09-12 23:40:43,375 | INFO | src.storage.jsonl_store | Saving object to data/processed/embeddings.jsonl
2026-09-12 23:40:43,376 | INFO | src.storage.jsonl_store | Object saved successfully
2026-09-12 23:40:43,376 | INFO | src.embedders.embedding_generator | Generating embedding for chunk (id=35bf0b2c-a39d-459c-b0d7-af9e094ccf58_chunk_6)
2026-09-12 23:40:43,394 | INFO | src.storage.jsonl_store | Saving object to data/processed/embeddings.jsonl
2026-09-12 23:40:43,395 | INFO | src.storage.jsonl_store | Object saved successfully
2026-09-12 23:40:43,396 | INFO | src.embedders.embedding_generator | Generating embedding for chunk (id=35bf0b2c-a39d-459c-b0d7-af9e094ccf58_chunk_7)
2026-09-12 23:40:43,411 | INFO | src.storage.jsonl_store | Saving object to data/processed/embeddings.jsonl
2026-09-12 23:40:43,413 | INFO | src.storage.jsonl_store | Object saved successfully
2026-09-12 23:40:43,413 | INFO | src.embedders.embedding_generator | Generating embedding for chunk (id=35bf0b2c-a39d-459c-b0d7-af9e094ccf58_chunk_8)
2026-09-12 23:40:43,434 | INFO | src.storage.jsonl_store | Saving object to data/processed/embeddings.jsonl
2026-09-12 23:40:43,435 | INFO | src.storage.jsonl_store | Object saved successfully
2026-09-12 23:40:43,435 | INFO | src.embedders.embedding_generator | Generating embedding for chunk (id=35bf0b2c-a39d-459c-b0d7-af9e094ccf58_chunk_9)
2026-09-12 23:40:43,454 | INFO | src.storage.jsonl_store | Saving object to data/processed/embeddings.jsonl
2026-09-12 23:40:43,454 | INFO | src.storage.jsonl_store | Object saved successfully
2026-09-12 23:40:43,454 | INFO | src.embedders.embedding_generator | Generating embedding for chunk (id=35bf0b2c-a39d-459c-b0d7-af9e094ccf58_chunk_10)
2026-09-12 23:40:43,473 | INFO | src.storage.jsonl_store | Saving object to data/processed/embeddings.jsonl
2026-09-12 23:40:43,473 | INFO | src.storage.jsonl_store | Object saved successfully
2026-09-12 23:40:43,473 | INFO | src.embedders.embedding_generator | Generating embedding for chunk (id=35bf0b2c-a39d-459c-b0d7-af9e094ccf58_chunk_11)
2026-09-12 23:40:43,492 | INFO | src.storage.jsonl_store | Saving object to data/processed/embeddings.jsonl
2026-09-12 23:40:43,492 | INFO | src.storage.jsonl_store | Object saved successfully
2026-09-12 23:40:43,492 | INFO | src.embedders.embedding_generator | Generating embedding for chunk (id=35bf0b2c-a39d-459c-b0d7-af9e094ccf58_chunk_12)
2026-09-12 23:40:43,511 | INFO | src.storage.jsonl_store | Saving object to data/processed/embeddings.jsonl
2026-09-12 23:40:43,511 | INFO | src.storage.jsonl_store | Object saved successfully
2026-09-12 23:40:43,511 | INFO | src.embedders.embedding_generator | Generating embedding for chunk (id=35bf0b2c-a39d-459c-b0d7-af9e094ccf58_chunk_13)
2026-09-12 23:40:43,521 | INFO | src.storage.jsonl_store | Saving object to data/processed/embeddings.jsonl
2026-09-12 23:40:43,532 | INFO | src.storage.jsonl_store | Object saved successfully
2026-09-12 23:40:43,532 | INFO | src.embedders.embedding_generator | Generating embedding for chunk (id=35bf0b2c-a39d-459c-b0d7-af9e094ccf58_chunk_14)
2026-09-12 23:40:43,554 | INFO | src.storage.jsonl_store | Saving object to data/processed/embeddings.jsonl
2026-09-12 23:40:43,556 | INFO | src.storage.jsonl_store | Object saved successfully
2026-09-12 23:40:43,556 | INFO | src.embedders.embedding_generator | Generating embedding for chunk (id=35bf0b2c-a39d-459c-b0d7-af9e094ccf58_chunk_15)
2026-09-12 23:40:43,574 | INFO | src.storage.jsonl_store | Saving object to data/processed/embeddings.jsonl
2026-09-12 23:40:43,576 | INFO | src.storage.jsonl_store | Object saved successfully
2026-09-12 23:40:43,576 | INFO | src.embedders.embedding_generator | Generating embedding for chunk (id=35bf0b2c-a39d-459c-b0d7-af9e094ccf58_chunk_16)
2026-09-12 23:40:43,591 | INFO | src.storage.jsonl_store | Saving object to data/processed/embeddings.jsonl
2026-09-12 23:40:43,591 | INFO | src.storage.jsonl_store | Object saved successfully
2026-09-12 23:40:43,591 | INFO | src.embedders.embedding_generator | Generating embedding for chunk (id=35bf0b2c-a39d-459c-b0d7-af9e094ccf58_chunk_17)
2026-09-12 23:40:43,616 | INFO | src.storage.jsonl_store | Saving object to data/processed/embeddings.jsonl
2026-09-12 23:40:43,622 | INFO | src.storage.jsonl_store | Object saved successfully
2026-09-12 23:40:43,622 | INFO | src.embedders.embedding_generator | Generating embedding for chunk (id=35bf0b2c-a39d-459c-b0d7-af9e094ccf58_chunk_18)
2026-09-12 23:40:43,644 | INFO | src.storage.jsonl_store | Saving object to data/processed/embeddings.jsonl
2026-09-12 23:40:43,646 | INFO | src.storage.jsonl_store | Object saved successfully
2026-09-12 23:40:43,646 | INFO | src.embedders.embedding_generator | Generating embedding for chunk (id=35bf0b2c-a39d-459c-b0d7-af9e094ccf58_chunk_19)
2026-09-12 23:40:43,657 | INFO | src.storage.jsonl_store | Saving object to data/processed/embeddings.jsonl
2026-09-12 23:40:43,658 | INFO | src.storage.jsonl_store | Object saved successfully
2026-09-12 23:40:43,658 | INFO | src.pipelines.dataset_pipeline | embedding Length=19
2026-09-12 23:40:43,658 | INFO | src.pipelines.dataset_pipeline | Processing URL: https://.tech/docs/python/input-and-print
2026-09-12 23:40:43,658 | INFO | src.collectors.docs_collector | Collecting document from https://.tech/docs/python/input-and-print
2026-09-12 23:40:43,659 | ERROR | src.collectors.docs_collector | Failed to download https://.tech/docs/python/input-and-print
2026-09-12 23:40:43,659 | ERROR | src.pipelines.dataset_pipeline | Failed to collect https://.tech/docs/python/input-and-print: Unable to download document from https://.tech/docs/python/input-and-print
2026-09-12 23:40:43,659 | INFO | src.pipelines.dataset_pipeline | Processing URL: https://.tech/docs/python/input-and-print
2026-09-12 23:40:43,659 | INFO | src.collectors.docs_collector | Collecting document from https://.tech/docs/python/input-and-print
2026-09-12 23:40:43,659 | ERROR | src.collectors.docs_collector | Failed to download https://.tech/docs/python/input-and-print
2026-09-12 23:40:43,659 | ERROR | src.pipelines.dataset_pipeline | Failed to collect https://.tech/docs/python/input-and-print: Unable to download document from https://.tech/docs/python/input-and-print
2026-09-12 23:40:43,659 | INFO | src.storage.jsonl_store | Reading records from data/processed/embeddings.jsonl
2026-09-12 23:40:43,892 | INFO | src.storage.jsonl_store | Loaded 302 objects
2026-09-12 23:40:43,901 | INFO | src.pipelines.dataset_pipeline | FAISS index contains 302 vectors
2026-09-13 00:14:24,898 | INFO | src.embedders.embedding_generator | Loading embedding model: all-MiniLM-L6-v2
2026-09-13 00:14:24,898 | INFO | sentence_transformers.base.model | No device provided, using cpu
2026-09-13 00:14:25,645 | INFO | httpx | HTTP Request: HEAD https://huggingface.co/sentence-transformers/all-MiniLM-L6-v2/resolve/main/modules.json "HTTP/1.1 307 Temporary Redirect"
2026-09-13 00:14:25,658 | WARNING | huggingface_hub.utils._http | Warning: You are sending unauthenticated requests to the HF Hub. Please set a HF_TOKEN to enable higher rate limits and faster downloads.
2026-09-13 00:14:25,709 | INFO | httpx | HTTP Request: HEAD https://huggingface.co/api/resolve-cache/models/sentence-transformers/all-MiniLM-L6-v2/1110a243fdf4706b3f48f1d95db1a4f5529b4d41/modules.json "HTTP/1.1 200 OK"
2026-09-13 00:14:26,033 | INFO | httpx | HTTP Request: HEAD https://huggingface.co/sentence-transformers/all-MiniLM-L6-v2/resolve/main/config_sentence_transformers.json "HTTP/1.1 307 Temporary Redirect"
2026-09-13 00:14:26,065 | INFO | httpx | HTTP Request: HEAD https://huggingface.co/api/resolve-cache/models/sentence-transformers/all-MiniLM-L6-v2/1110a243fdf4706b3f48f1d95db1a4f5529b4d41/config_sentence_transformers.json "HTTP/1.1 200 OK"
2026-09-13 00:14:26,082 | INFO | sentence_transformers.base.model | Loading SentenceTransformer model from sentence-transformers/all-MiniLM-L6-v2.
2026-09-13 00:14:26,516 | INFO | httpx | HTTP Request: HEAD https://huggingface.co/sentence-transformers/all-MiniLM-L6-v2/resolve/main/config_sentence_transformers.json "HTTP/1.1 307 Temporary Redirect"
2026-09-13 00:14:26,771 | INFO | httpx | HTTP Request: HEAD https://huggingface.co/api/resolve-cache/models/sentence-transformers/all-MiniLM-L6-v2/1110a243fdf4706b3f48f1d95db1a4f5529b4d41/config_sentence_transformers.json "HTTP/1.1 200 OK"
2026-09-13 00:14:27,080 | INFO | httpx | HTTP Request: HEAD https://huggingface.co/sentence-transformers/all-MiniLM-L6-v2/resolve/main/README.md "HTTP/1.1 307 Temporary Redirect"
2026-09-13 00:14:27,113 | INFO | httpx | HTTP Request: HEAD https://huggingface.co/api/resolve-cache/models/sentence-transformers/all-MiniLM-L6-v2/1110a243fdf4706b3f48f1d95db1a4f5529b4d41/README.md "HTTP/1.1 200 OK"
2026-09-13 00:14:27,443 | INFO | httpx | HTTP Request: HEAD https://huggingface.co/sentence-transformers/all-MiniLM-L6-v2/resolve/main/modules.json "HTTP/1.1 307 Temporary Redirect"
2026-09-13 00:14:27,499 | INFO | httpx | HTTP Request: HEAD https://huggingface.co/api/resolve-cache/models/sentence-transformers/all-MiniLM-L6-v2/1110a243fdf4706b3f48f1d95db1a4f5529b4d41/modules.json "HTTP/1.1 200 OK"
2026-09-13 00:14:27,948 | INFO | httpx | HTTP Request: HEAD https://huggingface.co/sentence-transformers/all-MiniLM-L6-v2/resolve/main/sentence_bert_config.json "HTTP/1.1 307 Temporary Redirect"
2026-09-13 00:14:27,982 | INFO | httpx | HTTP Request: HEAD https://huggingface.co/api/resolve-cache/models/sentence-transformers/all-MiniLM-L6-v2/1110a243fdf4706b3f48f1d95db1a4f5529b4d41/sentence_bert_config.json "HTTP/1.1 200 OK"
2026-09-13 00:14:28,260 | INFO | httpx | HTTP Request: HEAD https://huggingface.co/sentence-transformers/all-MiniLM-L6-v2/resolve/main/adapter_config.json "HTTP/1.1 404 Not Found"
2026-09-13 00:14:28,662 | INFO | httpx | HTTP Request: HEAD https://huggingface.co/sentence-transformers/all-MiniLM-L6-v2/resolve/main/config.json "HTTP/1.1 307 Temporary Redirect"
2026-09-13 00:14:28,755 | INFO | httpx | HTTP Request: HEAD https://huggingface.co/api/resolve-cache/models/sentence-transformers/all-MiniLM-L6-v2/1110a243fdf4706b3f48f1d95db1a4f5529b4d41/config.json "HTTP/1.1 200 OK"
2026-09-13 00:14:29,599 | INFO | httpx | HTTP Request: HEAD https://huggingface.co/sentence-transformers/all-MiniLM-L6-v2/resolve/main/processor_config.json "HTTP/1.1 404 Not Found"
2026-09-13 00:14:30,224 | INFO | httpx | HTTP Request: HEAD https://huggingface.co/sentence-transformers/all-MiniLM-L6-v2/resolve/main/preprocessor_config.json "HTTP/1.1 404 Not Found"
2026-09-13 00:14:30,630 | INFO | httpx | HTTP Request: HEAD https://huggingface.co/sentence-transformers/all-MiniLM-L6-v2/resolve/main/video_preprocessor_config.json "HTTP/1.1 404 Not Found"
2026-09-13 00:14:31,081 | INFO | httpx | HTTP Request: HEAD https://huggingface.co/sentence-transformers/all-MiniLM-L6-v2/resolve/main/preprocessor_config.json "HTTP/1.1 404 Not Found"
2026-09-13 00:14:31,849 | INFO | httpx | HTTP Request: HEAD https://huggingface.co/sentence-transformers/all-MiniLM-L6-v2/resolve/main/tokenizer_config.json "HTTP/1.1 307 Temporary Redirect"
2026-09-13 00:14:32,067 | INFO | httpx | HTTP Request: HEAD https://huggingface.co/api/resolve-cache/models/sentence-transformers/all-MiniLM-L6-v2/1110a243fdf4706b3f48f1d95db1a4f5529b4d41/tokenizer_config.json "HTTP/1.1 200 OK"
2026-09-13 00:14:32,662 | INFO | httpx | HTTP Request: HEAD https://huggingface.co/sentence-transformers/all-MiniLM-L6-v2/resolve/main/config.json "HTTP/1.1 307 Temporary Redirect"
2026-09-13 00:14:32,720 | INFO | httpx | HTTP Request: HEAD https://huggingface.co/api/resolve-cache/models/sentence-transformers/all-MiniLM-L6-v2/1110a243fdf4706b3f48f1d95db1a4f5529b4d41/config.json "HTTP/1.1 200 OK"
2026-09-13 00:14:32,981 | INFO | httpx | HTTP Request: HEAD https://huggingface.co/sentence-transformers/all-MiniLM-L6-v2/resolve/main/config.json "HTTP/1.1 307 Temporary Redirect"
2026-09-13 00:14:33,021 | INFO | httpx | HTTP Request: HEAD https://huggingface.co/api/resolve-cache/models/sentence-transformers/all-MiniLM-L6-v2/1110a243fdf4706b3f48f1d95db1a4f5529b4d41/config.json "HTTP/1.1 200 OK"
2026-09-13 00:14:33,281 | INFO | httpx | HTTP Request: HEAD https://huggingface.co/sentence-transformers/all-MiniLM-L6-v2/resolve/main/tokenizer_config.json "HTTP/1.1 307 Temporary Redirect"
2026-09-13 00:14:33,330 | INFO | httpx | HTTP Request: HEAD https://huggingface.co/api/resolve-cache/models/sentence-transformers/all-MiniLM-L6-v2/1110a243fdf4706b3f48f1d95db1a4f5529b4d41/tokenizer_config.json "HTTP/1.1 200 OK"
2026-09-13 00:14:33,693 | INFO | httpx | HTTP Request: GET https://huggingface.co/api/models/sentence-transformers/all-MiniLM-L6-v2/tree/main/additional_chat_templates?recursive=false&expand=false "HTTP/1.1 404 Not Found"
2026-09-13 00:14:33,956 | INFO | httpx | HTTP Request: GET https://huggingface.co/api/models/sentence-transformers/all-MiniLM-L6-v2/tree/main?recursive=true&expand=false "HTTP/1.1 200 OK"
2026-09-13 00:14:34,599 | INFO | httpx | HTTP Request: HEAD https://huggingface.co/sentence-transformers/all-MiniLM-L6-v2/resolve/main/1_Pooling/config.json "HTTP/1.1 307 Temporary Redirect"
2026-09-13 00:14:34,948 | INFO | httpx | HTTP Request: HEAD https://huggingface.co/api/resolve-cache/models/sentence-transformers/all-MiniLM-L6-v2/1110a243fdf4706b3f48f1d95db1a4f5529b4d41/1_Pooling%2Fconfig.json "HTTP/1.1 200 OK"
2026-09-13 00:14:35,602 | INFO | httpx | HTTP Request: GET https://huggingface.co/api/models/sentence-transformers/all-MiniLM-L6-v2 "HTTP/1.1 200 OK"
2026-09-13 00:14:35,787 | INFO | src.embedders.embedding_generator | Embedding model loaded successfully
2026-09-13 00:14:35,792 | INFO | src.storage.jsonl_store | Reading records from data/processed/chunks.jsonl
2026-09-13 00:14:35,830 | INFO | src.storage.jsonl_store | Loaded 302 objects
2026-09-13 00:15:27,185 | INFO | src.pipelines.dataset_pipeline | Processing URL: https://docs.python.org/3/tutorial/
2026-09-13 00:15:27,185 | INFO | src.collectors.docs_collector | Collecting document from https://docs.python.org/3/tutorial/
2026-09-13 00:15:28,293 | INFO | src.collectors.docs_collector | Successfully downloaded page
2026-09-13 00:15:28,325 | INFO | src.collectors.docs_collector | Document created successfully (id=201cf361-f36b-4144-834c-6146b9ca1a1f)
2026-09-13 00:15:28,325 | INFO | src.cleaners.document_cleaner | Cleaning document (id=201cf361-f36b-4144-834c-6146b9ca1a1f)
2026-09-13 00:15:28,325 | INFO | src.cleaners.document_cleaner | Finished cleaning document (id=201cf361-f36b-4144-834c-6146b9ca1a1f)
2026-09-13 00:15:28,325 | INFO | src.validator.document_validator | Validating document (id=201cf361-f36b-4144-834c-6146b9ca1a1f)
2026-09-13 00:15:28,325 | INFO | src.enrichers.document_enricher | Enriching document (id=201cf361-f36b-4144-834c-6146b9ca1a1f)
2026-09-13 00:15:28,340 | INFO | src.enrichers.document_enricher | Enrichment completed (id=201cf361-f36b-4144-834c-6146b9ca1a1f, words=362, chars=2293, quality=0.50)
2026-09-13 00:15:28,340 | INFO | src.storage.jsonl_store | Saving object to data/raw/documents.jsonl
2026-09-13 00:15:28,341 | INFO | src.storage.jsonl_store | Object saved successfully
2026-09-13 00:15:28,341 | INFO | src.pipelines.dataset_pipeline | Saved document (id=201cf361-f36b-4144-834c-6146b9ca1a1f, title='The Python Tutorial — Python 3.14.7 documentation')
2026-09-13 00:15:28,341 | INFO | src.chunkers.document_chunker | Starting chunking for document (id=201cf361-f36b-4144-834c-6146b9ca1a1f)
2026-09-13 00:15:28,341 | INFO | src.chunkers.document_chunker | Chunking completed (id=201cf361-f36b-4144-834c-6146b9ca1a1f, chunks=12)
2026-09-13 00:15:28,341 | INFO | src.storage.jsonl_store | Saving 12 objects
2026-09-13 00:15:28,341 | INFO | src.storage.jsonl_store | Saving object to data/processed/chunks.jsonl
2026-09-13 00:15:28,341 | INFO | src.storage.jsonl_store | Object saved successfully
2026-09-13 00:15:28,341 | INFO | src.storage.jsonl_store | Saving object to data/processed/chunks.jsonl
2026-09-13 00:15:28,341 | INFO | src.storage.jsonl_store | Object saved successfully
2026-09-13 00:15:28,341 | INFO | src.storage.jsonl_store | Saving object to data/processed/chunks.jsonl
2026-09-13 00:15:28,341 | INFO | src.storage.jsonl_store | Object saved successfully
2026-09-13 00:15:28,347 | INFO | src.storage.jsonl_store | Saving object to data/processed/chunks.jsonl
2026-09-13 00:15:28,347 | INFO | src.storage.jsonl_store | Object saved successfully
2026-09-13 00:15:28,347 | INFO | src.storage.jsonl_store | Saving object to data/processed/chunks.jsonl
2026-09-13 00:15:28,347 | INFO | src.storage.jsonl_store | Object saved successfully
2026-09-13 00:15:28,347 | INFO | src.storage.jsonl_store | Saving object to data/processed/chunks.jsonl
2026-09-13 00:15:28,347 | INFO | src.storage.jsonl_store | Object saved successfully
2026-09-13 00:15:28,347 | INFO | src.storage.jsonl_store | Saving object to data/processed/chunks.jsonl
2026-09-13 00:15:28,350 | INFO | src.storage.jsonl_store | Object saved successfully
2026-09-13 00:15:28,350 | INFO | src.storage.jsonl_store | Saving object to data/processed/chunks.jsonl
2026-09-13 00:15:28,350 | INFO | src.storage.jsonl_store | Object saved successfully
2026-09-13 00:15:28,350 | INFO | src.storage.jsonl_store | Saving object to data/processed/chunks.jsonl
2026-09-13 00:15:28,350 | INFO | src.storage.jsonl_store | Object saved successfully
2026-09-13 00:15:28,350 | INFO | src.storage.jsonl_store | Saving object to data/processed/chunks.jsonl
2026-09-13 00:15:28,350 | INFO | src.storage.jsonl_store | Object saved successfully
2026-09-13 00:15:28,350 | INFO | src.storage.jsonl_store | Saving object to data/processed/chunks.jsonl
2026-09-13 00:15:28,352 | INFO | src.storage.jsonl_store | Object saved successfully
2026-09-13 00:15:28,352 | INFO | src.storage.jsonl_store | Saving object to data/processed/chunks.jsonl
2026-09-13 00:15:28,352 | INFO | src.storage.jsonl_store | Object saved successfully
2026-09-13 00:15:28,353 | INFO | src.storage.jsonl_store | Finished saving 12 objects
2026-09-13 00:15:28,353 | INFO | src.pipelines.dataset_pipeline | chunk Length=12
2026-09-13 00:15:28,353 | INFO | src.embedders.embedding_generator | Loading embedding model: all-MiniLM-L6-v2
2026-09-13 00:15:28,353 | INFO | sentence_transformers.base.model | No device provided, using cpu
2026-09-13 00:15:30,065 | INFO | httpx | HTTP Request: HEAD https://huggingface.co/sentence-transformers/all-MiniLM-L6-v2/resolve/main/modules.json "HTTP/1.1 307 Temporary Redirect"
2026-09-13 00:15:30,678 | INFO | httpx | HTTP Request: HEAD https://huggingface.co/api/resolve-cache/models/sentence-transformers/all-MiniLM-L6-v2/1110a243fdf4706b3f48f1d95db1a4f5529b4d41/modules.json "HTTP/1.1 200 OK"
2026-09-13 00:15:31,536 | INFO | httpx | HTTP Request: HEAD https://huggingface.co/sentence-transformers/all-MiniLM-L6-v2/resolve/main/config_sentence_transformers.json "HTTP/1.1 307 Temporary Redirect"
2026-09-13 00:15:32,082 | INFO | httpx | HTTP Request: HEAD https://huggingface.co/api/resolve-cache/models/sentence-transformers/all-MiniLM-L6-v2/1110a243fdf4706b3f48f1d95db1a4f5529b4d41/config_sentence_transformers.json "HTTP/1.1 200 OK"
2026-09-13 00:15:32,094 | INFO | sentence_transformers.base.model | Loading SentenceTransformer model from sentence-transformers/all-MiniLM-L6-v2.
2026-09-13 00:15:32,880 | INFO | httpx | HTTP Request: HEAD https://huggingface.co/sentence-transformers/all-MiniLM-L6-v2/resolve/main/config_sentence_transformers.json "HTTP/1.1 307 Temporary Redirect"
2026-09-13 00:15:33,364 | INFO | httpx | HTTP Request: HEAD https://huggingface.co/api/resolve-cache/models/sentence-transformers/all-MiniLM-L6-v2/1110a243fdf4706b3f48f1d95db1a4f5529b4d41/config_sentence_transformers.json "HTTP/1.1 200 OK"
2026-09-13 00:15:33,615 | INFO | httpx | HTTP Request: HEAD https://huggingface.co/sentence-transformers/all-MiniLM-L6-v2/resolve/main/README.md "HTTP/1.1 307 Temporary Redirect"
2026-09-13 00:15:33,676 | INFO | httpx | HTTP Request: HEAD https://huggingface.co/api/resolve-cache/models/sentence-transformers/all-MiniLM-L6-v2/1110a243fdf4706b3f48f1d95db1a4f5529b4d41/README.md "HTTP/1.1 200 OK"
2026-09-13 00:15:34,380 | INFO | httpx | HTTP Request: HEAD https://huggingface.co/sentence-transformers/all-MiniLM-L6-v2/resolve/main/modules.json "HTTP/1.1 307 Temporary Redirect"
2026-09-13 00:15:34,913 | INFO | httpx | HTTP Request: HEAD https://huggingface.co/api/resolve-cache/models/sentence-transformers/all-MiniLM-L6-v2/1110a243fdf4706b3f48f1d95db1a4f5529b4d41/modules.json "HTTP/1.1 200 OK"
2026-09-13 00:15:35,757 | INFO | httpx | HTTP Request: HEAD https://huggingface.co/sentence-transformers/all-MiniLM-L6-v2/resolve/main/sentence_bert_config.json "HTTP/1.1 307 Temporary Redirect"
2026-09-13 00:15:36,381 | INFO | httpx | HTTP Request: HEAD https://huggingface.co/api/resolve-cache/models/sentence-transformers/all-MiniLM-L6-v2/1110a243fdf4706b3f48f1d95db1a4f5529b4d41/sentence_bert_config.json "HTTP/1.1 200 OK"
2026-09-13 00:15:37,140 | INFO | httpx | HTTP Request: HEAD https://huggingface.co/sentence-transformers/all-MiniLM-L6-v2/resolve/main/adapter_config.json "HTTP/1.1 404 Not Found"
2026-09-13 00:15:37,834 | INFO | httpx | HTTP Request: HEAD https://huggingface.co/sentence-transformers/all-MiniLM-L6-v2/resolve/main/config.json "HTTP/1.1 307 Temporary Redirect"
2026-09-13 00:15:38,081 | INFO | httpx | HTTP Request: HEAD https://huggingface.co/api/resolve-cache/models/sentence-transformers/all-MiniLM-L6-v2/1110a243fdf4706b3f48f1d95db1a4f5529b4d41/config.json "HTTP/1.1 200 OK"
2026-09-13 00:15:38,490 | INFO | httpx | HTTP Request: HEAD https://huggingface.co/sentence-transformers/all-MiniLM-L6-v2/resolve/main/processor_config.json "HTTP/1.1 404 Not Found"
2026-09-13 00:15:39,181 | INFO | httpx | HTTP Request: HEAD https://huggingface.co/sentence-transformers/all-MiniLM-L6-v2/resolve/main/preprocessor_config.json "HTTP/1.1 404 Not Found"
2026-09-13 00:15:39,740 | INFO | httpx | HTTP Request: HEAD https://huggingface.co/sentence-transformers/all-MiniLM-L6-v2/resolve/main/video_preprocessor_config.json "HTTP/1.1 404 Not Found"
2026-09-13 00:15:40,288 | INFO | httpx | HTTP Request: HEAD https://huggingface.co/sentence-transformers/all-MiniLM-L6-v2/resolve/main/preprocessor_config.json "HTTP/1.1 404 Not Found"
2026-09-13 00:15:40,804 | INFO | httpx | HTTP Request: HEAD https://huggingface.co/sentence-transformers/all-MiniLM-L6-v2/resolve/main/tokenizer_config.json "HTTP/1.1 307 Temporary Redirect"
2026-09-13 00:15:41,029 | INFO | httpx | HTTP Request: HEAD https://huggingface.co/api/resolve-cache/models/sentence-transformers/all-MiniLM-L6-v2/1110a243fdf4706b3f48f1d95db1a4f5529b4d41/tokenizer_config.json "HTTP/1.1 200 OK"
2026-09-13 00:15:41,300 | INFO | httpx | HTTP Request: HEAD https://huggingface.co/sentence-transformers/all-MiniLM-L6-v2/resolve/main/config.json "HTTP/1.1 307 Temporary Redirect"
2026-09-13 00:15:41,386 | INFO | httpx | HTTP Request: HEAD https://huggingface.co/api/resolve-cache/models/sentence-transformers/all-MiniLM-L6-v2/1110a243fdf4706b3f48f1d95db1a4f5529b4d41/config.json "HTTP/1.1 200 OK"
2026-09-13 00:15:41,849 | INFO | httpx | HTTP Request: HEAD https://huggingface.co/sentence-transformers/all-MiniLM-L6-v2/resolve/main/config.json "HTTP/1.1 307 Temporary Redirect"
2026-09-13 00:15:42,165 | INFO | httpx | HTTP Request: HEAD https://huggingface.co/api/resolve-cache/models/sentence-transformers/all-MiniLM-L6-v2/1110a243fdf4706b3f48f1d95db1a4f5529b4d41/config.json "HTTP/1.1 200 OK"
2026-09-13 00:15:43,817 | INFO | httpx | HTTP Request: HEAD https://huggingface.co/sentence-transformers/all-MiniLM-L6-v2/resolve/main/tokenizer_config.json "HTTP/1.1 307 Temporary Redirect"
2026-09-13 00:15:44,034 | INFO | httpx | HTTP Request: HEAD https://huggingface.co/api/resolve-cache/models/sentence-transformers/all-MiniLM-L6-v2/1110a243fdf4706b3f48f1d95db1a4f5529b4d41/tokenizer_config.json "HTTP/1.1 200 OK"
2026-09-13 00:15:44,312 | INFO | httpx | HTTP Request: GET https://huggingface.co/api/models/sentence-transformers/all-MiniLM-L6-v2/tree/main/additional_chat_templates?recursive=false&expand=false "HTTP/1.1 404 Not Found"
2026-09-13 00:15:44,882 | INFO | httpx | HTTP Request: GET https://huggingface.co/api/models/sentence-transformers/all-MiniLM-L6-v2/tree/main?recursive=true&expand=false "HTTP/1.1 200 OK"
2026-09-13 00:15:45,365 | INFO | httpx | HTTP Request: HEAD https://huggingface.co/sentence-transformers/all-MiniLM-L6-v2/resolve/main/1_Pooling/config.json "HTTP/1.1 307 Temporary Redirect"
2026-09-13 00:15:45,523 | INFO | httpx | HTTP Request: HEAD https://huggingface.co/api/resolve-cache/models/sentence-transformers/all-MiniLM-L6-v2/1110a243fdf4706b3f48f1d95db1a4f5529b4d41/1_Pooling%2Fconfig.json "HTTP/1.1 200 OK"
2026-09-13 00:15:45,802 | INFO | httpx | HTTP Request: GET https://huggingface.co/api/models/sentence-transformers/all-MiniLM-L6-v2 "HTTP/1.1 200 OK"
2026-09-13 00:15:45,818 | INFO | src.embedders.embedding_generator | Embedding model loaded successfully
2026-09-13 00:15:45,818 | INFO | src.embedders.embedding_generator | Generating embedding for chunk (id=201cf361-f36b-4144-834c-6146b9ca1a1f_chunk_1)
2026-09-13 00:15:46,197 | INFO | src.storage.jsonl_store | Saving object to data/processed/embeddings.jsonl
2026-09-13 00:15:46,204 | INFO | src.storage.jsonl_store | Object saved successfully
2026-09-13 00:15:46,204 | INFO | src.embedders.embedding_generator | Generating embedding for chunk (id=201cf361-f36b-4144-834c-6146b9ca1a1f_chunk_2)
2026-09-13 00:15:46,232 | INFO | src.storage.jsonl_store | Saving object to data/processed/embeddings.jsonl
2026-09-13 00:15:46,232 | INFO | src.storage.jsonl_store | Object saved successfully
2026-09-13 00:15:46,232 | INFO | src.embedders.embedding_generator | Generating embedding for chunk (id=201cf361-f36b-4144-834c-6146b9ca1a1f_chunk_3)
2026-09-13 00:15:46,255 | INFO | src.storage.jsonl_store | Saving object to data/processed/embeddings.jsonl
2026-09-13 00:15:46,255 | INFO | src.storage.jsonl_store | Object saved successfully
2026-09-13 00:15:46,255 | INFO | src.embedders.embedding_generator | Generating embedding for chunk (id=201cf361-f36b-4144-834c-6146b9ca1a1f_chunk_4)
2026-09-13 00:15:46,283 | INFO | src.storage.jsonl_store | Saving object to data/processed/embeddings.jsonl
2026-09-13 00:15:46,284 | INFO | src.storage.jsonl_store | Object saved successfully
2026-09-13 00:15:46,284 | INFO | src.embedders.embedding_generator | Generating embedding for chunk (id=201cf361-f36b-4144-834c-6146b9ca1a1f_chunk_5)
2026-09-13 00:15:46,302 | INFO | src.storage.jsonl_store | Saving object to data/processed/embeddings.jsonl
2026-09-13 00:15:46,302 | INFO | src.storage.jsonl_store | Object saved successfully
2026-09-13 00:15:46,311 | INFO | src.embedders.embedding_generator | Generating embedding for chunk (id=201cf361-f36b-4144-834c-6146b9ca1a1f_chunk_6)
2026-09-13 00:15:46,334 | INFO | src.storage.jsonl_store | Saving object to data/processed/embeddings.jsonl
2026-09-13 00:15:46,336 | INFO | src.storage.jsonl_store | Object saved successfully
2026-09-13 00:15:46,337 | INFO | src.embedders.embedding_generator | Generating embedding for chunk (id=201cf361-f36b-4144-834c-6146b9ca1a1f_chunk_7)
2026-09-13 00:15:46,359 | INFO | src.storage.jsonl_store | Saving object to data/processed/embeddings.jsonl
2026-09-13 00:15:46,361 | INFO | src.storage.jsonl_store | Object saved successfully
2026-09-13 00:15:46,361 | INFO | src.embedders.embedding_generator | Generating embedding for chunk (id=201cf361-f36b-4144-834c-6146b9ca1a1f_chunk_8)
2026-09-13 00:15:46,383 | INFO | src.storage.jsonl_store | Saving object to data/processed/embeddings.jsonl
2026-09-13 00:15:46,387 | INFO | src.storage.jsonl_store | Object saved successfully
2026-09-13 00:15:46,387 | INFO | src.embedders.embedding_generator | Generating embedding for chunk (id=201cf361-f36b-4144-834c-6146b9ca1a1f_chunk_9)
2026-09-13 00:15:46,410 | INFO | src.storage.jsonl_store | Saving object to data/processed/embeddings.jsonl
2026-09-13 00:15:46,412 | INFO | src.storage.jsonl_store | Object saved successfully
2026-09-13 00:15:46,412 | INFO | src.embedders.embedding_generator | Generating embedding for chunk (id=201cf361-f36b-4144-834c-6146b9ca1a1f_chunk_10)
2026-09-13 00:15:46,434 | INFO | src.storage.jsonl_store | Saving object to data/processed/embeddings.jsonl
2026-09-13 00:15:46,436 | INFO | src.storage.jsonl_store | Object saved successfully
2026-09-13 00:15:46,436 | INFO | src.embedders.embedding_generator | Generating embedding for chunk (id=201cf361-f36b-4144-834c-6146b9ca1a1f_chunk_11)
2026-09-13 00:15:46,458 | INFO | src.storage.jsonl_store | Saving object to data/processed/embeddings.jsonl
2026-09-13 00:15:46,460 | INFO | src.storage.jsonl_store | Object saved successfully
2026-09-13 00:15:46,460 | INFO | src.embedders.embedding_generator | Generating embedding for chunk (id=201cf361-f36b-4144-834c-6146b9ca1a1f_chunk_12)
2026-09-13 00:15:46,479 | INFO | src.storage.jsonl_store | Saving object to data/processed/embeddings.jsonl
2026-09-13 00:15:46,481 | INFO | src.storage.jsonl_store | Object saved successfully
2026-09-13 00:15:46,481 | INFO | src.pipelines.dataset_pipeline | embedding Length=12
2026-09-13 00:15:46,481 | INFO | src.pipelines.dataset_pipeline | Processing URL: https://www.programiz.com/python-programming
2026-09-13 00:15:46,481 | INFO | src.collectors.docs_collector | Collecting document from https://www.programiz.com/python-programming
2026-09-13 00:15:48,755 | INFO | src.collectors.docs_collector | Successfully downloaded page
2026-09-13 00:15:48,793 | INFO | src.collectors.docs_collector | Document created successfully (id=4b690a52-ad67-4ada-ae50-bad486324131)
2026-09-13 00:15:48,797 | INFO | src.cleaners.document_cleaner | Cleaning document (id=4b690a52-ad67-4ada-ae50-bad486324131)
2026-09-13 00:15:48,797 | INFO | src.cleaners.document_cleaner | Finished cleaning document (id=4b690a52-ad67-4ada-ae50-bad486324131)
2026-09-13 00:15:48,797 | INFO | src.validator.document_validator | Validating document (id=4b690a52-ad67-4ada-ae50-bad486324131)
2026-09-13 00:15:48,797 | INFO | src.enrichers.document_enricher | Enriching document (id=4b690a52-ad67-4ada-ae50-bad486324131)
2026-09-13 00:15:48,797 | INFO | src.enrichers.document_enricher | Enrichment completed (id=4b690a52-ad67-4ada-ae50-bad486324131, words=539, chars=3053, quality=1.00)
2026-09-13 00:15:48,797 | INFO | src.storage.jsonl_store | Saving object to data/raw/documents.jsonl
2026-09-13 00:15:48,797 | INFO | src.storage.jsonl_store | Object saved successfully
2026-09-13 00:15:48,797 | INFO | src.pipelines.dataset_pipeline | Saved document (id=4b690a52-ad67-4ada-ae50-bad486324131, title='Learn Python: Programming Tutorials for Beginners')
2026-09-13 00:15:48,797 | INFO | src.chunkers.document_chunker | Starting chunking for document (id=4b690a52-ad67-4ada-ae50-bad486324131)
2026-09-13 00:15:48,797 | INFO | src.chunkers.document_chunker | Chunking completed (id=4b690a52-ad67-4ada-ae50-bad486324131, chunks=16)
2026-09-13 00:15:48,797 | INFO | src.storage.jsonl_store | Saving 16 objects
2026-09-13 00:15:48,797 | INFO | src.storage.jsonl_store | Saving object to data/processed/chunks.jsonl
2026-09-13 00:15:48,797 | INFO | src.storage.jsonl_store | Object saved successfully
2026-09-13 00:15:48,797 | INFO | src.storage.jsonl_store | Saving object to data/processed/chunks.jsonl
2026-09-13 00:15:48,801 | INFO | src.storage.jsonl_store | Object saved successfully
2026-09-13 00:15:48,801 | INFO | src.storage.jsonl_store | Saving object to data/processed/chunks.jsonl
2026-09-13 00:15:48,801 | INFO | src.storage.jsonl_store | Object saved successfully
2026-09-13 00:15:48,801 | INFO | src.storage.jsonl_store | Saving object to data/processed/chunks.jsonl
2026-09-13 00:15:48,801 | INFO | src.storage.jsonl_store | Object saved successfully
2026-09-13 00:15:48,801 | INFO | src.storage.jsonl_store | Saving object to data/processed/chunks.jsonl
2026-09-13 00:15:48,801 | INFO | src.storage.jsonl_store | Object saved successfully
2026-09-13 00:15:48,803 | INFO | src.storage.jsonl_store | Saving object to data/processed/chunks.jsonl
2026-09-13 00:15:48,803 | INFO | src.storage.jsonl_store | Object saved successfully
2026-09-13 00:15:48,803 | INFO | src.storage.jsonl_store | Saving object to data/processed/chunks.jsonl
2026-09-13 00:15:48,805 | INFO | src.storage.jsonl_store | Object saved successfully
2026-09-13 00:15:48,805 | INFO | src.storage.jsonl_store | Saving object to data/processed/chunks.jsonl
2026-09-13 00:15:48,805 | INFO | src.storage.jsonl_store | Object saved successfully
2026-09-13 00:15:48,806 | INFO | src.storage.jsonl_store | Saving object to data/processed/chunks.jsonl
2026-09-13 00:15:48,806 | INFO | src.storage.jsonl_store | Object saved successfully
2026-09-13 00:15:48,806 | INFO | src.storage.jsonl_store | Saving object to data/processed/chunks.jsonl
2026-09-13 00:15:48,807 | INFO | src.storage.jsonl_store | Object saved successfully
2026-09-13 00:15:48,807 | INFO | src.storage.jsonl_store | Saving object to data/processed/chunks.jsonl
2026-09-13 00:15:48,807 | INFO | src.storage.jsonl_store | Object saved successfully
2026-09-13 00:15:48,807 | INFO | src.storage.jsonl_store | Saving object to data/processed/chunks.jsonl
2026-09-13 00:15:48,808 | INFO | src.storage.jsonl_store | Object saved successfully
2026-09-13 00:15:48,808 | INFO | src.storage.jsonl_store | Saving object to data/processed/chunks.jsonl
2026-09-13 00:15:48,809 | INFO | src.storage.jsonl_store | Object saved successfully
2026-09-13 00:15:48,809 | INFO | src.storage.jsonl_store | Saving object to data/processed/chunks.jsonl
2026-09-13 00:15:48,809 | INFO | src.storage.jsonl_store | Object saved successfully
2026-09-13 00:15:48,809 | INFO | src.storage.jsonl_store | Saving object to data/processed/chunks.jsonl
2026-09-13 00:15:48,810 | INFO | src.storage.jsonl_store | Object saved successfully
2026-09-13 00:15:48,810 | INFO | src.storage.jsonl_store | Saving object to data/processed/chunks.jsonl
2026-09-13 00:15:48,810 | INFO | src.storage.jsonl_store | Object saved successfully
2026-09-13 00:15:48,810 | INFO | src.storage.jsonl_store | Finished saving 16 objects
2026-09-13 00:15:48,811 | INFO | src.pipelines.dataset_pipeline | chunk Length=16
2026-09-13 00:15:48,811 | INFO | src.embedders.embedding_generator | Loading embedding model: all-MiniLM-L6-v2
2026-09-13 00:15:48,813 | INFO | sentence_transformers.base.model | No device provided, using cpu
2026-09-13 00:15:49,312 | INFO | httpx | HTTP Request: HEAD https://huggingface.co/sentence-transformers/all-MiniLM-L6-v2/resolve/main/modules.json "HTTP/1.1 307 Temporary Redirect"
2026-09-13 00:15:49,616 | INFO | httpx | HTTP Request: HEAD https://huggingface.co/api/resolve-cache/models/sentence-transformers/all-MiniLM-L6-v2/1110a243fdf4706b3f48f1d95db1a4f5529b4d41/modules.json "HTTP/1.1 200 OK"
2026-09-13 00:15:50,147 | INFO | httpx | HTTP Request: HEAD https://huggingface.co/sentence-transformers/all-MiniLM-L6-v2/resolve/main/config_sentence_transformers.json "HTTP/1.1 307 Temporary Redirect"
2026-09-13 00:15:50,851 | INFO | httpx | HTTP Request: HEAD https://huggingface.co/api/resolve-cache/models/sentence-transformers/all-MiniLM-L6-v2/1110a243fdf4706b3f48f1d95db1a4f5529b4d41/config_sentence_transformers.json "HTTP/1.1 200 OK"
2026-09-13 00:15:50,851 | INFO | sentence_transformers.base.model | Loading SentenceTransformer model from sentence-transformers/all-MiniLM-L6-v2.
2026-09-13 00:15:51,755 | INFO | httpx | HTTP Request: HEAD https://huggingface.co/sentence-transformers/all-MiniLM-L6-v2/resolve/main/config_sentence_transformers.json "HTTP/1.1 307 Temporary Redirect"
2026-09-13 00:15:52,224 | INFO | httpx | HTTP Request: HEAD https://huggingface.co/api/resolve-cache/models/sentence-transformers/all-MiniLM-L6-v2/1110a243fdf4706b3f48f1d95db1a4f5529b4d41/config_sentence_transformers.json "HTTP/1.1 200 OK"
2026-09-13 00:15:52,569 | INFO | httpx | HTTP Request: HEAD https://huggingface.co/sentence-transformers/all-MiniLM-L6-v2/resolve/main/README.md "HTTP/1.1 307 Temporary Redirect"
2026-09-13 00:15:53,003 | INFO | httpx | HTTP Request: HEAD https://huggingface.co/api/resolve-cache/models/sentence-transformers/all-MiniLM-L6-v2/1110a243fdf4706b3f48f1d95db1a4f5529b4d41/README.md "HTTP/1.1 200 OK"
2026-09-13 00:15:54,096 | INFO | httpx | HTTP Request: HEAD https://huggingface.co/sentence-transformers/all-MiniLM-L6-v2/resolve/main/modules.json "HTTP/1.1 307 Temporary Redirect"
2026-09-13 00:15:54,537 | INFO | httpx | HTTP Request: HEAD https://huggingface.co/api/resolve-cache/models/sentence-transformers/all-MiniLM-L6-v2/1110a243fdf4706b3f48f1d95db1a4f5529b4d41/modules.json "HTTP/1.1 200 OK"
2026-09-13 00:15:54,819 | INFO | httpx | HTTP Request: HEAD https://huggingface.co/sentence-transformers/all-MiniLM-L6-v2/resolve/main/sentence_bert_config.json "HTTP/1.1 307 Temporary Redirect"
2026-09-13 00:15:54,851 | INFO | httpx | HTTP Request: HEAD https://huggingface.co/api/resolve-cache/models/sentence-transformers/all-MiniLM-L6-v2/1110a243fdf4706b3f48f1d95db1a4f5529b4d41/sentence_bert_config.json "HTTP/1.1 200 OK"
2026-09-13 00:15:55,130 | INFO | httpx | HTTP Request: HEAD https://huggingface.co/sentence-transformers/all-MiniLM-L6-v2/resolve/main/adapter_config.json "HTTP/1.1 404 Not Found"
2026-09-13 00:15:55,584 | INFO | httpx | HTTP Request: HEAD https://huggingface.co/sentence-transformers/all-MiniLM-L6-v2/resolve/main/config.json "HTTP/1.1 307 Temporary Redirect"
2026-09-13 00:15:55,676 | INFO | httpx | HTTP Request: HEAD https://huggingface.co/api/resolve-cache/models/sentence-transformers/all-MiniLM-L6-v2/1110a243fdf4706b3f48f1d95db1a4f5529b4d41/config.json "HTTP/1.1 200 OK"
2026-09-13 00:15:56,345 | INFO | httpx | HTTP Request: HEAD https://huggingface.co/sentence-transformers/all-MiniLM-L6-v2/resolve/main/processor_config.json "HTTP/1.1 404 Not Found"
2026-09-13 00:15:56,887 | INFO | httpx | HTTP Request: HEAD https://huggingface.co/sentence-transformers/all-MiniLM-L6-v2/resolve/main/preprocessor_config.json "HTTP/1.1 404 Not Found"
2026-09-13 00:15:57,159 | INFO | httpx | HTTP Request: HEAD https://huggingface.co/sentence-transformers/all-MiniLM-L6-v2/resolve/main/video_preprocessor_config.json "HTTP/1.1 404 Not Found"
2026-09-13 00:15:57,679 | INFO | httpx | HTTP Request: HEAD https://huggingface.co/sentence-transformers/all-MiniLM-L6-v2/resolve/main/preprocessor_config.json "HTTP/1.1 404 Not Found"
2026-09-13 00:15:58,165 | INFO | httpx | HTTP Request: HEAD https://huggingface.co/sentence-transformers/all-MiniLM-L6-v2/resolve/main/tokenizer_config.json "HTTP/1.1 307 Temporary Redirect"
2026-09-13 00:15:58,413 | INFO | httpx | HTTP Request: HEAD https://huggingface.co/api/resolve-cache/models/sentence-transformers/all-MiniLM-L6-v2/1110a243fdf4706b3f48f1d95db1a4f5529b4d41/tokenizer_config.json "HTTP/1.1 200 OK"
2026-09-13 00:15:58,818 | INFO | httpx | HTTP Request: HEAD https://huggingface.co/sentence-transformers/all-MiniLM-L6-v2/resolve/main/config.json "HTTP/1.1 307 Temporary Redirect"
2026-09-13 00:15:59,200 | INFO | httpx | HTTP Request: HEAD https://huggingface.co/api/resolve-cache/models/sentence-transformers/all-MiniLM-L6-v2/1110a243fdf4706b3f48f1d95db1a4f5529b4d41/config.json "HTTP/1.1 200 OK"
2026-09-13 00:15:59,537 | INFO | httpx | HTTP Request: HEAD https://huggingface.co/sentence-transformers/all-MiniLM-L6-v2/resolve/main/config.json "HTTP/1.1 307 Temporary Redirect"
2026-09-13 00:16:00,030 | INFO | httpx | HTTP Request: HEAD https://huggingface.co/api/resolve-cache/models/sentence-transformers/all-MiniLM-L6-v2/1110a243fdf4706b3f48f1d95db1a4f5529b4d41/config.json "HTTP/1.1 200 OK"
2026-09-13 00:16:00,802 | INFO | httpx | HTTP Request: HEAD https://huggingface.co/sentence-transformers/all-MiniLM-L6-v2/resolve/main/tokenizer_config.json "HTTP/1.1 307 Temporary Redirect"
2026-09-13 00:16:01,201 | INFO | httpx | HTTP Request: HEAD https://huggingface.co/api/resolve-cache/models/sentence-transformers/all-MiniLM-L6-v2/1110a243fdf4706b3f48f1d95db1a4f5529b4d41/tokenizer_config.json "HTTP/1.1 200 OK"
2026-09-13 00:16:01,803 | INFO | httpx | HTTP Request: GET https://huggingface.co/api/models/sentence-transformers/all-MiniLM-L6-v2/tree/main/additional_chat_templates?recursive=false&expand=false "HTTP/1.1 404 Not Found"
2026-09-13 00:16:02,647 | INFO | httpx | HTTP Request: GET https://huggingface.co/api/models/sentence-transformers/all-MiniLM-L6-v2/tree/main?recursive=true&expand=false "HTTP/1.1 200 OK"
2026-09-13 00:16:03,365 | INFO | httpx | HTTP Request: HEAD https://huggingface.co/sentence-transformers/all-MiniLM-L6-v2/resolve/main/1_Pooling/config.json "HTTP/1.1 307 Temporary Redirect"
2026-09-13 00:16:03,725 | INFO | httpx | HTTP Request: HEAD https://huggingface.co/api/resolve-cache/models/sentence-transformers/all-MiniLM-L6-v2/1110a243fdf4706b3f48f1d95db1a4f5529b4d41/1_Pooling%2Fconfig.json "HTTP/1.1 200 OK"
2026-09-13 00:16:04,427 | INFO | httpx | HTTP Request: GET https://huggingface.co/api/models/sentence-transformers/all-MiniLM-L6-v2 "HTTP/1.1 200 OK"
2026-09-13 00:16:04,437 | INFO | src.embedders.embedding_generator | Embedding model loaded successfully
2026-09-13 00:16:04,437 | INFO | src.embedders.embedding_generator | Generating embedding for chunk (id=4b690a52-ad67-4ada-ae50-bad486324131_chunk_1)
2026-09-13 00:16:04,630 | INFO | src.storage.jsonl_store | Saving object to data/processed/embeddings.jsonl
2026-09-13 00:16:04,638 | INFO | src.storage.jsonl_store | Object saved successfully
2026-09-13 00:16:04,638 | INFO | src.embedders.embedding_generator | Generating embedding for chunk (id=4b690a52-ad67-4ada-ae50-bad486324131_chunk_2)
2026-09-13 00:16:04,658 | INFO | src.storage.jsonl_store | Saving object to data/processed/embeddings.jsonl
2026-09-13 00:16:04,662 | INFO | src.storage.jsonl_store | Object saved successfully
2026-09-13 00:16:04,664 | INFO | src.embedders.embedding_generator | Generating embedding for chunk (id=4b690a52-ad67-4ada-ae50-bad486324131_chunk_3)
2026-09-13 00:16:04,683 | INFO | src.storage.jsonl_store | Saving object to data/processed/embeddings.jsonl
2026-09-13 00:16:04,689 | INFO | src.storage.jsonl_store | Object saved successfully
2026-09-13 00:16:04,689 | INFO | src.embedders.embedding_generator | Generating embedding for chunk (id=4b690a52-ad67-4ada-ae50-bad486324131_chunk_4)
2026-09-13 00:16:04,709 | INFO | src.storage.jsonl_store | Saving object to data/processed/embeddings.jsonl
2026-09-13 00:16:04,709 | INFO | src.storage.jsonl_store | Object saved successfully
2026-09-13 00:16:04,713 | INFO | src.embedders.embedding_generator | Generating embedding for chunk (id=4b690a52-ad67-4ada-ae50-bad486324131_chunk_5)
2026-09-13 00:16:04,737 | INFO | src.storage.jsonl_store | Saving object to data/processed/embeddings.jsonl
2026-09-13 00:16:04,738 | INFO | src.storage.jsonl_store | Object saved successfully
2026-09-13 00:16:04,738 | INFO | src.embedders.embedding_generator | Generating embedding for chunk (id=4b690a52-ad67-4ada-ae50-bad486324131_chunk_6)
2026-09-13 00:16:04,756 | INFO | src.storage.jsonl_store | Saving object to data/processed/embeddings.jsonl
2026-09-13 00:16:04,763 | INFO | src.storage.jsonl_store | Object saved successfully
2026-09-13 00:16:04,763 | INFO | src.embedders.embedding_generator | Generating embedding for chunk (id=4b690a52-ad67-4ada-ae50-bad486324131_chunk_7)
2026-09-13 00:16:04,786 | INFO | src.storage.jsonl_store | Saving object to data/processed/embeddings.jsonl
2026-09-13 00:16:04,786 | INFO | src.storage.jsonl_store | Object saved successfully
2026-09-13 00:16:04,788 | INFO | src.embedders.embedding_generator | Generating embedding for chunk (id=4b690a52-ad67-4ada-ae50-bad486324131_chunk_8)
2026-09-13 00:16:04,809 | INFO | src.storage.jsonl_store | Saving object to data/processed/embeddings.jsonl
2026-09-13 00:16:04,810 | INFO | src.storage.jsonl_store | Object saved successfully
2026-09-13 00:16:04,810 | INFO | src.embedders.embedding_generator | Generating embedding for chunk (id=4b690a52-ad67-4ada-ae50-bad486324131_chunk_9)
2026-09-13 00:16:04,836 | INFO | src.storage.jsonl_store | Saving object to data/processed/embeddings.jsonl
2026-09-13 00:16:04,837 | INFO | src.storage.jsonl_store | Object saved successfully
2026-09-13 00:16:04,837 | INFO | src.embedders.embedding_generator | Generating embedding for chunk (id=4b690a52-ad67-4ada-ae50-bad486324131_chunk_10)
2026-09-13 00:16:04,859 | INFO | src.storage.jsonl_store | Saving object to data/processed/embeddings.jsonl
2026-09-13 00:16:04,859 | INFO | src.storage.jsonl_store | Object saved successfully
2026-09-13 00:16:04,861 | INFO | src.embedders.embedding_generator | Generating embedding for chunk (id=4b690a52-ad67-4ada-ae50-bad486324131_chunk_11)
2026-09-13 00:16:04,880 | INFO | src.storage.jsonl_store | Saving object to data/processed/embeddings.jsonl
2026-09-13 00:16:04,880 | INFO | src.storage.jsonl_store | Object saved successfully
2026-09-13 00:16:04,880 | INFO | src.embedders.embedding_generator | Generating embedding for chunk (id=4b690a52-ad67-4ada-ae50-bad486324131_chunk_12)
2026-09-13 00:16:04,905 | INFO | src.storage.jsonl_store | Saving object to data/processed/embeddings.jsonl
2026-09-13 00:16:04,905 | INFO | src.storage.jsonl_store | Object saved successfully
2026-09-13 00:16:04,905 | INFO | src.embedders.embedding_generator | Generating embedding for chunk (id=4b690a52-ad67-4ada-ae50-bad486324131_chunk_13)
2026-09-13 00:16:04,932 | INFO | src.storage.jsonl_store | Saving object to data/processed/embeddings.jsonl
2026-09-13 00:16:04,935 | INFO | src.storage.jsonl_store | Object saved successfully
2026-09-13 00:16:04,935 | INFO | src.embedders.embedding_generator | Generating embedding for chunk (id=4b690a52-ad67-4ada-ae50-bad486324131_chunk_14)
2026-09-13 00:16:04,957 | INFO | src.storage.jsonl_store | Saving object to data/processed/embeddings.jsonl
2026-09-13 00:16:04,958 | INFO | src.storage.jsonl_store | Object saved successfully
2026-09-13 00:16:04,958 | INFO | src.embedders.embedding_generator | Generating embedding for chunk (id=4b690a52-ad67-4ada-ae50-bad486324131_chunk_15)
2026-09-13 00:16:04,980 | INFO | src.storage.jsonl_store | Saving object to data/processed/embeddings.jsonl
2026-09-13 00:16:04,981 | INFO | src.storage.jsonl_store | Object saved successfully
2026-09-13 00:16:04,984 | INFO | src.embedders.embedding_generator | Generating embedding for chunk (id=4b690a52-ad67-4ada-ae50-bad486324131_chunk_16)
2026-09-13 00:16:04,997 | INFO | src.storage.jsonl_store | Saving object to data/processed/embeddings.jsonl
2026-09-13 00:16:04,997 | INFO | src.storage.jsonl_store | Object saved successfully
2026-09-13 00:16:04,997 | INFO | src.pipelines.dataset_pipeline | embedding Length=16
2026-09-13 00:16:04,997 | INFO | src.pipelines.dataset_pipeline | Processing URL: https://developer.mozilla.org/en-US/docs/Glossary/Python
2026-09-13 00:16:04,997 | INFO | src.collectors.docs_collector | Collecting document from https://developer.mozilla.org/en-US/docs/Glossary/Python
2026-09-13 00:16:05,880 | INFO | src.collectors.docs_collector | Successfully downloaded page
2026-09-13 00:16:05,946 | INFO | src.collectors.docs_collector | Document created successfully (id=229cd837-d0d9-4318-a732-7a66ab35a33f)
2026-09-13 00:16:05,947 | INFO | src.cleaners.document_cleaner | Cleaning document (id=229cd837-d0d9-4318-a732-7a66ab35a33f)
2026-09-13 00:16:05,947 | INFO | src.cleaners.document_cleaner | Finished cleaning document (id=229cd837-d0d9-4318-a732-7a66ab35a33f)
2026-09-13 00:16:05,947 | INFO | src.validator.document_validator | Validating document (id=229cd837-d0d9-4318-a732-7a66ab35a33f)
2026-09-13 00:16:05,947 | INFO | src.enrichers.document_enricher | Enriching document (id=229cd837-d0d9-4318-a732-7a66ab35a33f)
2026-09-13 00:16:05,947 | INFO | src.enrichers.document_enricher | Enrichment completed (id=229cd837-d0d9-4318-a732-7a66ab35a33f, words=104, chars=705, quality=0.50)
2026-09-13 00:16:05,947 | INFO | src.storage.jsonl_store | Saving object to data/raw/documents.jsonl
2026-09-13 00:16:05,947 | INFO | src.storage.jsonl_store | Object saved successfully
2026-09-13 00:16:05,947 | INFO | src.pipelines.dataset_pipeline | Saved document (id=229cd837-d0d9-4318-a732-7a66ab35a33f, title='Python - Glossary | MDN')
2026-09-13 00:16:05,947 | INFO | src.chunkers.document_chunker | Starting chunking for document (id=229cd837-d0d9-4318-a732-7a66ab35a33f)
2026-09-13 00:16:05,947 | INFO | src.chunkers.document_chunker | Chunking completed (id=229cd837-d0d9-4318-a732-7a66ab35a33f, chunks=4)
2026-09-13 00:16:05,947 | INFO | src.storage.jsonl_store | Saving 4 objects
2026-09-13 00:16:05,947 | INFO | src.storage.jsonl_store | Saving object to data/processed/chunks.jsonl
2026-09-13 00:16:05,947 | INFO | src.storage.jsonl_store | Object saved successfully
2026-09-13 00:16:05,947 | INFO | src.storage.jsonl_store | Saving object to data/processed/chunks.jsonl
2026-09-13 00:16:05,947 | INFO | src.storage.jsonl_store | Object saved successfully
2026-09-13 00:16:05,947 | INFO | src.storage.jsonl_store | Saving object to data/processed/chunks.jsonl
2026-09-13 00:16:05,952 | INFO | src.storage.jsonl_store | Object saved successfully
2026-09-13 00:16:05,952 | INFO | src.storage.jsonl_store | Saving object to data/processed/chunks.jsonl
2026-09-13 00:16:05,952 | INFO | src.storage.jsonl_store | Object saved successfully
2026-09-13 00:16:05,952 | INFO | src.storage.jsonl_store | Finished saving 4 objects
2026-09-13 00:16:05,952 | INFO | src.pipelines.dataset_pipeline | chunk Length=4
2026-09-13 00:16:05,952 | INFO | src.embedders.embedding_generator | Loading embedding model: all-MiniLM-L6-v2
2026-09-13 00:16:05,952 | INFO | sentence_transformers.base.model | No device provided, using cpu
2026-09-13 00:16:06,395 | INFO | httpx | HTTP Request: HEAD https://huggingface.co/sentence-transformers/all-MiniLM-L6-v2/resolve/main/modules.json "HTTP/1.1 307 Temporary Redirect"
2026-09-13 00:16:06,880 | INFO | httpx | HTTP Request: HEAD https://huggingface.co/api/resolve-cache/models/sentence-transformers/all-MiniLM-L6-v2/1110a243fdf4706b3f48f1d95db1a4f5529b4d41/modules.json "HTTP/1.1 200 OK"
2026-09-13 00:16:07,585 | INFO | httpx | HTTP Request: HEAD https://huggingface.co/sentence-transformers/all-MiniLM-L6-v2/resolve/main/config_sentence_transformers.json "HTTP/1.1 307 Temporary Redirect"
2026-09-13 00:16:08,021 | INFO | httpx | HTTP Request: HEAD https://huggingface.co/api/resolve-cache/models/sentence-transformers/all-MiniLM-L6-v2/1110a243fdf4706b3f48f1d95db1a4f5529b4d41/config_sentence_transformers.json "HTTP/1.1 200 OK"
2026-09-13 00:16:08,021 | INFO | sentence_transformers.base.model | Loading SentenceTransformer model from sentence-transformers/all-MiniLM-L6-v2.
2026-09-13 00:16:09,230 | INFO | httpx | HTTP Request: HEAD https://huggingface.co/sentence-transformers/all-MiniLM-L6-v2/resolve/main/config_sentence_transformers.json "HTTP/1.1 307 Temporary Redirect"
2026-09-13 00:16:09,770 | INFO | httpx | HTTP Request: HEAD https://huggingface.co/api/resolve-cache/models/sentence-transformers/all-MiniLM-L6-v2/1110a243fdf4706b3f48f1d95db1a4f5529b4d41/config_sentence_transformers.json "HTTP/1.1 200 OK"
2026-09-13 00:16:10,599 | INFO | httpx | HTTP Request: HEAD https://huggingface.co/sentence-transformers/all-MiniLM-L6-v2/resolve/main/README.md "HTTP/1.1 307 Temporary Redirect"
2026-09-13 00:16:10,997 | INFO | httpx | HTTP Request: HEAD https://huggingface.co/api/resolve-cache/models/sentence-transformers/all-MiniLM-L6-v2/1110a243fdf4706b3f48f1d95db1a4f5529b4d41/README.md "HTTP/1.1 200 OK"
2026-09-13 00:16:11,724 | INFO | httpx | HTTP Request: HEAD https://huggingface.co/sentence-transformers/all-MiniLM-L6-v2/resolve/main/modules.json "HTTP/1.1 307 Temporary Redirect"
2026-09-13 00:16:11,830 | INFO | httpx | HTTP Request: HEAD https://huggingface.co/api/resolve-cache/models/sentence-transformers/all-MiniLM-L6-v2/1110a243fdf4706b3f48f1d95db1a4f5529b4d41/modules.json "HTTP/1.1 200 OK"
2026-09-13 00:16:12,198 | INFO | httpx | HTTP Request: HEAD https://huggingface.co/sentence-transformers/all-MiniLM-L6-v2/resolve/main/sentence_bert_config.json "HTTP/1.1 307 Temporary Redirect"
2026-09-13 00:16:12,381 | INFO | httpx | HTTP Request: HEAD https://huggingface.co/api/resolve-cache/models/sentence-transformers/all-MiniLM-L6-v2/1110a243fdf4706b3f48f1d95db1a4f5529b4d41/sentence_bert_config.json "HTTP/1.1 200 OK"
2026-09-13 00:16:13,520 | INFO | httpx | HTTP Request: HEAD https://huggingface.co/sentence-transformers/all-MiniLM-L6-v2/resolve/main/adapter_config.json "HTTP/1.1 404 Not Found"
2026-09-13 00:16:13,965 | INFO | httpx | HTTP Request: HEAD https://huggingface.co/sentence-transformers/all-MiniLM-L6-v2/resolve/main/config.json "HTTP/1.1 307 Temporary Redirect"
2026-09-13 00:16:14,965 | INFO | httpx | HTTP Request: HEAD https://huggingface.co/api/resolve-cache/models/sentence-transformers/all-MiniLM-L6-v2/1110a243fdf4706b3f48f1d95db1a4f5529b4d41/config.json "HTTP/1.1 200 OK"
2026-09-13 00:16:15,818 | INFO | httpx | HTTP Request: HEAD https://huggingface.co/sentence-transformers/all-MiniLM-L6-v2/resolve/main/processor_config.json "HTTP/1.1 404 Not Found"
2026-09-13 00:16:16,693 | INFO | httpx | HTTP Request: HEAD https://huggingface.co/sentence-transformers/all-MiniLM-L6-v2/resolve/main/preprocessor_config.json "HTTP/1.1 404 Not Found"
2026-09-13 00:16:17,880 | INFO | httpx | HTTP Request: HEAD https://huggingface.co/sentence-transformers/all-MiniLM-L6-v2/resolve/main/video_preprocessor_config.json "HTTP/1.1 404 Not Found"
2026-09-13 00:16:18,426 | INFO | httpx | HTTP Request: HEAD https://huggingface.co/sentence-transformers/all-MiniLM-L6-v2/resolve/main/preprocessor_config.json "HTTP/1.1 404 Not Found"
2026-09-13 00:16:18,680 | INFO | httpx | HTTP Request: HEAD https://huggingface.co/sentence-transformers/all-MiniLM-L6-v2/resolve/main/tokenizer_config.json "HTTP/1.1 307 Temporary Redirect"
2026-09-13 00:16:18,740 | INFO | httpx | HTTP Request: HEAD https://huggingface.co/api/resolve-cache/models/sentence-transformers/all-MiniLM-L6-v2/1110a243fdf4706b3f48f1d95db1a4f5529b4d41/tokenizer_config.json "HTTP/1.1 200 OK"
2026-09-13 00:16:18,996 | INFO | httpx | HTTP Request: HEAD https://huggingface.co/sentence-transformers/all-MiniLM-L6-v2/resolve/main/config.json "HTTP/1.1 307 Temporary Redirect"
2026-09-13 00:16:19,080 | INFO | httpx | HTTP Request: HEAD https://huggingface.co/api/resolve-cache/models/sentence-transformers/all-MiniLM-L6-v2/1110a243fdf4706b3f48f1d95db1a4f5529b4d41/config.json "HTTP/1.1 200 OK"
2026-09-13 00:16:19,412 | INFO | httpx | HTTP Request: HEAD https://huggingface.co/sentence-transformers/all-MiniLM-L6-v2/resolve/main/config.json "HTTP/1.1 307 Temporary Redirect"
2026-09-13 00:16:19,740 | INFO | httpx | HTTP Request: HEAD https://huggingface.co/api/resolve-cache/models/sentence-transformers/all-MiniLM-L6-v2/1110a243fdf4706b3f48f1d95db1a4f5529b4d41/config.json "HTTP/1.1 200 OK"
2026-09-13 00:16:20,600 | INFO | httpx | HTTP Request: HEAD https://huggingface.co/sentence-transformers/all-MiniLM-L6-v2/resolve/main/tokenizer_config.json "HTTP/1.1 307 Temporary Redirect"
2026-09-13 00:16:20,699 | INFO | httpx | HTTP Request: HEAD https://huggingface.co/api/resolve-cache/models/sentence-transformers/all-MiniLM-L6-v2/1110a243fdf4706b3f48f1d95db1a4f5529b4d41/tokenizer_config.json "HTTP/1.1 200 OK"
2026-09-13 00:16:21,090 | INFO | httpx | HTTP Request: GET https://huggingface.co/api/models/sentence-transformers/all-MiniLM-L6-v2/tree/main/additional_chat_templates?recursive=false&expand=false "HTTP/1.1 404 Not Found"
2026-09-13 00:16:21,973 | INFO | httpx | HTTP Request: GET https://huggingface.co/api/models/sentence-transformers/all-MiniLM-L6-v2/tree/main?recursive=true&expand=false "HTTP/1.1 200 OK"
2026-09-13 00:16:22,663 | INFO | httpx | HTTP Request: HEAD https://huggingface.co/sentence-transformers/all-MiniLM-L6-v2/resolve/main/1_Pooling/config.json "HTTP/1.1 307 Temporary Redirect"
2026-09-13 00:16:23,013 | INFO | httpx | HTTP Request: HEAD https://huggingface.co/api/resolve-cache/models/sentence-transformers/all-MiniLM-L6-v2/1110a243fdf4706b3f48f1d95db1a4f5529b4d41/1_Pooling%2Fconfig.json "HTTP/1.1 200 OK"
2026-09-13 00:16:23,680 | INFO | httpx | HTTP Request: GET https://huggingface.co/api/models/sentence-transformers/all-MiniLM-L6-v2 "HTTP/1.1 200 OK"
2026-09-13 00:16:23,698 | INFO | src.embedders.embedding_generator | Embedding model loaded successfully
2026-09-13 00:16:23,698 | INFO | src.embedders.embedding_generator | Generating embedding for chunk (id=229cd837-d0d9-4318-a732-7a66ab35a33f_chunk_1)
2026-09-13 00:16:23,897 | INFO | src.storage.jsonl_store | Saving object to data/processed/embeddings.jsonl
2026-09-13 00:16:23,897 | INFO | src.storage.jsonl_store | Object saved successfully
2026-09-13 00:16:23,897 | INFO | src.embedders.embedding_generator | Generating embedding for chunk (id=229cd837-d0d9-4318-a732-7a66ab35a33f_chunk_2)
2026-09-13 00:16:23,919 | INFO | src.storage.jsonl_store | Saving object to data/processed/embeddings.jsonl
2026-09-13 00:16:23,919 | INFO | src.storage.jsonl_store | Object saved successfully
2026-09-13 00:16:23,919 | INFO | src.embedders.embedding_generator | Generating embedding for chunk (id=229cd837-d0d9-4318-a732-7a66ab35a33f_chunk_3)
2026-09-13 00:16:23,952 | INFO | src.storage.jsonl_store | Saving object to data/processed/embeddings.jsonl
2026-09-13 00:16:23,952 | INFO | src.storage.jsonl_store | Object saved successfully
2026-09-13 00:16:23,952 | INFO | src.embedders.embedding_generator | Generating embedding for chunk (id=229cd837-d0d9-4318-a732-7a66ab35a33f_chunk_4)
2026-09-13 00:16:23,973 | INFO | src.storage.jsonl_store | Saving object to data/processed/embeddings.jsonl
2026-09-13 00:16:23,973 | INFO | src.storage.jsonl_store | Object saved successfully
2026-09-13 00:16:23,973 | INFO | src.pipelines.dataset_pipeline | embedding Length=4
2026-09-13 00:16:23,973 | INFO | src.pipelines.dataset_pipeline | Processing URL: https://codehs.com/textbook/intropython_textbook/
2026-09-13 00:16:23,973 | INFO | src.collectors.docs_collector | Collecting document from https://codehs.com/textbook/intropython_textbook/
2026-09-13 00:16:25,505 | INFO | src.collectors.docs_collector | Successfully downloaded page
2026-09-13 00:16:25,573 | INFO | src.collectors.docs_collector | Document created successfully (id=881708c0-5cb3-4a4b-83d6-98fbd8008acc)
2026-09-13 00:16:25,573 | INFO | src.cleaners.document_cleaner | Cleaning document (id=881708c0-5cb3-4a4b-83d6-98fbd8008acc)
2026-09-13 00:16:25,573 | INFO | src.cleaners.document_cleaner | Finished cleaning document (id=881708c0-5cb3-4a4b-83d6-98fbd8008acc)
2026-09-13 00:16:25,573 | INFO | src.validator.document_validator | Validating document (id=881708c0-5cb3-4a4b-83d6-98fbd8008acc)
2026-09-13 00:16:25,573 | INFO | src.enrichers.document_enricher | Enriching document (id=881708c0-5cb3-4a4b-83d6-98fbd8008acc)
2026-09-13 00:16:25,573 | INFO | src.enrichers.document_enricher | Enrichment completed (id=881708c0-5cb3-4a4b-83d6-98fbd8008acc, words=45, chars=275, quality=0.50)
2026-09-13 00:16:25,573 | INFO | src.storage.jsonl_store | Saving object to data/raw/documents.jsonl
2026-09-13 00:16:25,573 | INFO | src.storage.jsonl_store | Object saved successfully
2026-09-13 00:16:25,573 | INFO | src.pipelines.dataset_pipeline | Saved document (id=881708c0-5cb3-4a4b-83d6-98fbd8008acc, title='Textbook: Intro to Python Textbook | CodeHS')
2026-09-13 00:16:25,573 | INFO | src.chunkers.document_chunker | Starting chunking for document (id=881708c0-5cb3-4a4b-83d6-98fbd8008acc)
2026-09-13 00:16:25,573 | INFO | src.chunkers.document_chunker | Chunking completed (id=881708c0-5cb3-4a4b-83d6-98fbd8008acc, chunks=2)
2026-09-13 00:16:25,573 | INFO | src.storage.jsonl_store | Saving 2 objects
2026-09-13 00:16:25,573 | INFO | src.storage.jsonl_store | Saving object to data/processed/chunks.jsonl
2026-09-13 00:16:25,573 | INFO | src.storage.jsonl_store | Object saved successfully
2026-09-13 00:16:25,573 | INFO | src.storage.jsonl_store | Saving object to data/processed/chunks.jsonl
2026-09-13 00:16:25,573 | INFO | src.storage.jsonl_store | Object saved successfully
2026-09-13 00:16:25,573 | INFO | src.storage.jsonl_store | Finished saving 2 objects
2026-09-13 00:16:25,573 | INFO | src.pipelines.dataset_pipeline | chunk Length=2
2026-09-13 00:16:25,573 | INFO | src.embedders.embedding_generator | Loading embedding model: all-MiniLM-L6-v2
2026-09-13 00:16:25,573 | INFO | sentence_transformers.base.model | No device provided, using cpu
2026-09-13 00:16:25,912 | INFO | httpx | HTTP Request: HEAD https://huggingface.co/sentence-transformers/all-MiniLM-L6-v2/resolve/main/modules.json "HTTP/1.1 307 Temporary Redirect"
2026-09-13 00:16:26,239 | INFO | httpx | HTTP Request: HEAD https://huggingface.co/api/resolve-cache/models/sentence-transformers/all-MiniLM-L6-v2/1110a243fdf4706b3f48f1d95db1a4f5529b4d41/modules.json "HTTP/1.1 200 OK"
2026-09-13 00:16:26,879 | INFO | httpx | HTTP Request: HEAD https://huggingface.co/sentence-transformers/all-MiniLM-L6-v2/resolve/main/config_sentence_transformers.json "HTTP/1.1 307 Temporary Redirect"
2026-09-13 00:16:27,623 | INFO | httpx | HTTP Request: HEAD https://huggingface.co/api/resolve-cache/models/sentence-transformers/all-MiniLM-L6-v2/1110a243fdf4706b3f48f1d95db1a4f5529b4d41/config_sentence_transformers.json "HTTP/1.1 200 OK"
2026-09-13 00:16:27,626 | INFO | sentence_transformers.base.model | Loading SentenceTransformer model from sentence-transformers/all-MiniLM-L6-v2.
2026-09-13 00:16:28,646 | INFO | httpx | HTTP Request: HEAD https://huggingface.co/sentence-transformers/all-MiniLM-L6-v2/resolve/main/config_sentence_transformers.json "HTTP/1.1 307 Temporary Redirect"
2026-09-13 00:16:29,106 | INFO | httpx | HTTP Request: HEAD https://huggingface.co/api/resolve-cache/models/sentence-transformers/all-MiniLM-L6-v2/1110a243fdf4706b3f48f1d95db1a4f5529b4d41/config_sentence_transformers.json "HTTP/1.1 200 OK"
2026-09-13 00:16:29,649 | INFO | httpx | HTTP Request: HEAD https://huggingface.co/sentence-transformers/all-MiniLM-L6-v2/resolve/main/README.md "HTTP/1.1 307 Temporary Redirect"
2026-09-13 00:16:30,098 | INFO | httpx | HTTP Request: HEAD https://huggingface.co/api/resolve-cache/models/sentence-transformers/all-MiniLM-L6-v2/1110a243fdf4706b3f48f1d95db1a4f5529b4d41/README.md "HTTP/1.1 200 OK"
2026-09-13 00:16:30,458 | INFO | httpx | HTTP Request: HEAD https://huggingface.co/sentence-transformers/all-MiniLM-L6-v2/resolve/main/modules.json "HTTP/1.1 307 Temporary Redirect"
2026-09-13 00:16:30,864 | INFO | httpx | HTTP Request: HEAD https://huggingface.co/api/resolve-cache/models/sentence-transformers/all-MiniLM-L6-v2/1110a243fdf4706b3f48f1d95db1a4f5529b4d41/modules.json "HTTP/1.1 200 OK"
2026-09-13 00:16:31,130 | INFO | httpx | HTTP Request: HEAD https://huggingface.co/sentence-transformers/all-MiniLM-L6-v2/resolve/main/sentence_bert_config.json "HTTP/1.1 307 Temporary Redirect"
2026-09-13 00:16:31,350 | INFO | httpx | HTTP Request: HEAD https://huggingface.co/api/resolve-cache/models/sentence-transformers/all-MiniLM-L6-v2/1110a243fdf4706b3f48f1d95db1a4f5529b4d41/sentence_bert_config.json "HTTP/1.1 200 OK"
2026-09-13 00:16:32,598 | INFO | httpx | HTTP Request: HEAD https://huggingface.co/sentence-transformers/all-MiniLM-L6-v2/resolve/main/adapter_config.json "HTTP/1.1 404 Not Found"
2026-09-13 00:16:33,309 | INFO | httpx | HTTP Request: HEAD https://huggingface.co/sentence-transformers/all-MiniLM-L6-v2/resolve/main/config.json "HTTP/1.1 307 Temporary Redirect"
2026-09-13 00:16:33,582 | INFO | httpx | HTTP Request: HEAD https://huggingface.co/api/resolve-cache/models/sentence-transformers/all-MiniLM-L6-v2/1110a243fdf4706b3f48f1d95db1a4f5529b4d41/config.json "HTTP/1.1 200 OK"
2026-09-13 00:16:33,911 | INFO | httpx | HTTP Request: HEAD https://huggingface.co/sentence-transformers/all-MiniLM-L6-v2/resolve/main/processor_config.json "HTTP/1.1 404 Not Found"
2026-09-13 00:16:34,296 | INFO | httpx | HTTP Request: HEAD https://huggingface.co/sentence-transformers/all-MiniLM-L6-v2/resolve/main/preprocessor_config.json "HTTP/1.1 404 Not Found"
2026-09-13 00:16:34,725 | INFO | httpx | HTTP Request: HEAD https://huggingface.co/sentence-transformers/all-MiniLM-L6-v2/resolve/main/video_preprocessor_config.json "HTTP/1.1 404 Not Found"
2026-09-13 00:16:35,112 | INFO | httpx | HTTP Request: HEAD https://huggingface.co/sentence-transformers/all-MiniLM-L6-v2/resolve/main/preprocessor_config.json "HTTP/1.1 404 Not Found"
2026-09-13 00:16:35,520 | INFO | httpx | HTTP Request: HEAD https://huggingface.co/sentence-transformers/all-MiniLM-L6-v2/resolve/main/tokenizer_config.json "HTTP/1.1 307 Temporary Redirect"
2026-09-13 00:16:35,756 | INFO | httpx | HTTP Request: HEAD https://huggingface.co/api/resolve-cache/models/sentence-transformers/all-MiniLM-L6-v2/1110a243fdf4706b3f48f1d95db1a4f5529b4d41/tokenizer_config.json "HTTP/1.1 200 OK"
2026-09-13 00:16:36,287 | INFO | httpx | HTTP Request: HEAD https://huggingface.co/sentence-transformers/all-MiniLM-L6-v2/resolve/main/config.json "HTTP/1.1 307 Temporary Redirect"
2026-09-13 00:16:36,459 | INFO | httpx | HTTP Request: HEAD https://huggingface.co/api/resolve-cache/models/sentence-transformers/all-MiniLM-L6-v2/1110a243fdf4706b3f48f1d95db1a4f5529b4d41/config.json "HTTP/1.1 200 OK"
2026-09-13 00:16:37,059 | INFO | httpx | HTTP Request: HEAD https://huggingface.co/sentence-transformers/all-MiniLM-L6-v2/resolve/main/config.json "HTTP/1.1 307 Temporary Redirect"
2026-09-13 00:16:37,164 | INFO | httpx | HTTP Request: HEAD https://huggingface.co/api/resolve-cache/models/sentence-transformers/all-MiniLM-L6-v2/1110a243fdf4706b3f48f1d95db1a4f5529b4d41/config.json "HTTP/1.1 200 OK"
2026-09-13 00:16:37,896 | INFO | httpx | HTTP Request: HEAD https://huggingface.co/sentence-transformers/all-MiniLM-L6-v2/resolve/main/tokenizer_config.json "HTTP/1.1 307 Temporary Redirect"
2026-09-13 00:16:38,271 | INFO | httpx | HTTP Request: HEAD https://huggingface.co/api/resolve-cache/models/sentence-transformers/all-MiniLM-L6-v2/1110a243fdf4706b3f48f1d95db1a4f5529b4d41/tokenizer_config.json "HTTP/1.1 200 OK"
2026-09-13 00:16:38,575 | INFO | httpx | HTTP Request: GET https://huggingface.co/api/models/sentence-transformers/all-MiniLM-L6-v2/tree/main/additional_chat_templates?recursive=false&expand=false "HTTP/1.1 404 Not Found"
2026-09-13 00:16:38,931 | INFO | httpx | HTTP Request: GET https://huggingface.co/api/models/sentence-transformers/all-MiniLM-L6-v2/tree/main?recursive=true&expand=false "HTTP/1.1 200 OK"
2026-09-13 00:16:39,361 | INFO | httpx | HTTP Request: HEAD https://huggingface.co/sentence-transformers/all-MiniLM-L6-v2/resolve/main/1_Pooling/config.json "HTTP/1.1 307 Temporary Redirect"
2026-09-13 00:16:39,724 | INFO | httpx | HTTP Request: HEAD https://huggingface.co/api/resolve-cache/models/sentence-transformers/all-MiniLM-L6-v2/1110a243fdf4706b3f48f1d95db1a4f5529b4d41/1_Pooling%2Fconfig.json "HTTP/1.1 200 OK"
2026-09-13 00:16:40,381 | INFO | httpx | HTTP Request: GET https://huggingface.co/api/models/sentence-transformers/all-MiniLM-L6-v2 "HTTP/1.1 200 OK"
2026-09-13 00:16:40,381 | INFO | src.embedders.embedding_generator | Embedding model loaded successfully
2026-09-13 00:16:40,381 | INFO | src.embedders.embedding_generator | Generating embedding for chunk (id=881708c0-5cb3-4a4b-83d6-98fbd8008acc_chunk_1)
2026-09-13 00:16:40,422 | INFO | src.storage.jsonl_store | Saving object to data/processed/embeddings.jsonl
2026-09-13 00:16:40,424 | INFO | src.storage.jsonl_store | Object saved successfully
2026-09-13 00:16:40,425 | INFO | src.embedders.embedding_generator | Generating embedding for chunk (id=881708c0-5cb3-4a4b-83d6-98fbd8008acc_chunk_2)
2026-09-13 00:16:40,441 | INFO | src.storage.jsonl_store | Saving object to data/processed/embeddings.jsonl
2026-09-13 00:16:40,442 | INFO | src.storage.jsonl_store | Object saved successfully
2026-09-13 00:16:40,442 | INFO | src.pipelines.dataset_pipeline | embedding Length=2
2026-09-13 00:16:40,442 | INFO | src.pipelines.dataset_pipeline | Processing URL: https://coddy.tech/docs/python/input-and-print
2026-09-13 00:16:40,442 | INFO | src.collectors.docs_collector | Collecting document from https://coddy.tech/docs/python/input-and-print
2026-09-13 00:16:43,981 | INFO | src.collectors.docs_collector | Successfully downloaded page
2026-09-13 00:16:44,022 | INFO | src.collectors.docs_collector | Document created successfully (id=14f29be7-f723-41ef-87b7-5d4c43b2bf36)
2026-09-13 00:16:44,024 | INFO | src.cleaners.document_cleaner | Cleaning document (id=14f29be7-f723-41ef-87b7-5d4c43b2bf36)
2026-09-13 00:16:44,024 | INFO | src.cleaners.document_cleaner | Finished cleaning document (id=14f29be7-f723-41ef-87b7-5d4c43b2bf36)
2026-09-13 00:16:44,024 | INFO | src.validator.document_validator | Validating document (id=14f29be7-f723-41ef-87b7-5d4c43b2bf36)
2026-09-13 00:16:44,024 | INFO | src.enrichers.document_enricher | Enriching document (id=14f29be7-f723-41ef-87b7-5d4c43b2bf36)
2026-09-13 00:16:44,024 | INFO | src.enrichers.document_enricher | Enrichment completed (id=14f29be7-f723-41ef-87b7-5d4c43b2bf36, words=629, chars=3601, quality=1.00)
2026-09-13 00:16:44,024 | INFO | src.storage.jsonl_store | Saving object to data/raw/documents.jsonl
2026-09-13 00:16:44,025 | INFO | src.storage.jsonl_store | Object saved successfully
2026-09-13 00:16:44,026 | INFO | src.pipelines.dataset_pipeline | Saved document (id=14f29be7-f723-41ef-87b7-5d4c43b2bf36, title='Runnable Python Docs: Input & Print | Coddy')
2026-09-13 00:16:44,026 | INFO | src.chunkers.document_chunker | Starting chunking for document (id=14f29be7-f723-41ef-87b7-5d4c43b2bf36)
2026-09-13 00:16:44,026 | INFO | src.chunkers.document_chunker | Chunking completed (id=14f29be7-f723-41ef-87b7-5d4c43b2bf36, chunks=19)
2026-09-13 00:16:44,026 | INFO | src.storage.jsonl_store | Saving 19 objects
2026-09-13 00:16:44,026 | INFO | src.storage.jsonl_store | Saving object to data/processed/chunks.jsonl
2026-09-13 00:16:44,027 | INFO | src.storage.jsonl_store | Object saved successfully
2026-09-13 00:16:44,027 | INFO | src.storage.jsonl_store | Saving object to data/processed/chunks.jsonl
2026-09-13 00:16:44,027 | INFO | src.storage.jsonl_store | Object saved successfully
2026-09-13 00:16:44,028 | INFO | src.storage.jsonl_store | Saving object to data/processed/chunks.jsonl
2026-09-13 00:16:44,029 | INFO | src.storage.jsonl_store | Object saved successfully
2026-09-13 00:16:44,030 | INFO | src.storage.jsonl_store | Saving object to data/processed/chunks.jsonl
2026-09-13 00:16:44,031 | INFO | src.storage.jsonl_store | Object saved successfully
2026-09-13 00:16:44,031 | INFO | src.storage.jsonl_store | Saving object to data/processed/chunks.jsonl
2026-09-13 00:16:44,031 | INFO | src.storage.jsonl_store | Object saved successfully
2026-09-13 00:16:44,031 | INFO | src.storage.jsonl_store | Saving object to data/processed/chunks.jsonl
2026-09-13 00:16:44,032 | INFO | src.storage.jsonl_store | Object saved successfully
2026-09-13 00:16:44,032 | INFO | src.storage.jsonl_store | Saving object to data/processed/chunks.jsonl
2026-09-13 00:16:44,033 | INFO | src.storage.jsonl_store | Object saved successfully
2026-09-13 00:16:44,033 | INFO | src.storage.jsonl_store | Saving object to data/processed/chunks.jsonl
2026-09-13 00:16:44,033 | INFO | src.storage.jsonl_store | Object saved successfully
2026-09-13 00:16:44,034 | INFO | src.storage.jsonl_store | Saving object to data/processed/chunks.jsonl
2026-09-13 00:16:44,034 | INFO | src.storage.jsonl_store | Object saved successfully
2026-09-13 00:16:44,034 | INFO | src.storage.jsonl_store | Saving object to data/processed/chunks.jsonl
2026-09-13 00:16:44,035 | INFO | src.storage.jsonl_store | Object saved successfully
2026-09-13 00:16:44,035 | INFO | src.storage.jsonl_store | Saving object to data/processed/chunks.jsonl
2026-09-13 00:16:44,035 | INFO | src.storage.jsonl_store | Object saved successfully
2026-09-13 00:16:44,035 | INFO | src.storage.jsonl_store | Saving object to data/processed/chunks.jsonl
2026-09-13 00:16:44,035 | INFO | src.storage.jsonl_store | Object saved successfully
2026-09-13 00:16:44,035 | INFO | src.storage.jsonl_store | Saving object to data/processed/chunks.jsonl
2026-09-13 00:16:44,035 | INFO | src.storage.jsonl_store | Object saved successfully
2026-09-13 00:16:44,035 | INFO | src.storage.jsonl_store | Saving object to data/processed/chunks.jsonl
2026-09-13 00:16:44,037 | INFO | src.storage.jsonl_store | Object saved successfully
2026-09-13 00:16:44,037 | INFO | src.storage.jsonl_store | Saving object to data/processed/chunks.jsonl
2026-09-13 00:16:44,037 | INFO | src.storage.jsonl_store | Object saved successfully
2026-09-13 00:16:44,037 | INFO | src.storage.jsonl_store | Saving object to data/processed/chunks.jsonl
2026-09-13 00:16:44,037 | INFO | src.storage.jsonl_store | Object saved successfully
2026-09-13 00:16:44,037 | INFO | src.storage.jsonl_store | Saving object to data/processed/chunks.jsonl
2026-09-13 00:16:44,037 | INFO | src.storage.jsonl_store | Object saved successfully
2026-09-13 00:16:44,037 | INFO | src.storage.jsonl_store | Saving object to data/processed/chunks.jsonl
2026-09-13 00:16:44,039 | INFO | src.storage.jsonl_store | Object saved successfully
2026-09-13 00:16:44,039 | INFO | src.storage.jsonl_store | Saving object to data/processed/chunks.jsonl
2026-09-13 00:16:44,039 | INFO | src.storage.jsonl_store | Object saved successfully
2026-09-13 00:16:44,039 | INFO | src.storage.jsonl_store | Finished saving 19 objects
2026-09-13 00:16:44,039 | INFO | src.pipelines.dataset_pipeline | chunk Length=19
2026-09-13 00:16:44,039 | INFO | src.embedders.embedding_generator | Loading embedding model: all-MiniLM-L6-v2
2026-09-13 00:16:44,039 | INFO | sentence_transformers.base.model | No device provided, using cpu
2026-09-13 00:16:44,865 | INFO | httpx | HTTP Request: HEAD https://huggingface.co/sentence-transformers/all-MiniLM-L6-v2/resolve/main/modules.json "HTTP/1.1 307 Temporary Redirect"
2026-09-13 00:16:45,195 | INFO | httpx | HTTP Request: HEAD https://huggingface.co/api/resolve-cache/models/sentence-transformers/all-MiniLM-L6-v2/1110a243fdf4706b3f48f1d95db1a4f5529b4d41/modules.json "HTTP/1.1 200 OK"
2026-09-13 00:16:46,085 | INFO | httpx | HTTP Request: HEAD https://huggingface.co/sentence-transformers/all-MiniLM-L6-v2/resolve/main/config_sentence_transformers.json "HTTP/1.1 307 Temporary Redirect"
2026-09-13 00:16:46,567 | INFO | httpx | HTTP Request: HEAD https://huggingface.co/api/resolve-cache/models/sentence-transformers/all-MiniLM-L6-v2/1110a243fdf4706b3f48f1d95db1a4f5529b4d41/config_sentence_transformers.json "HTTP/1.1 200 OK"
2026-09-13 00:16:46,567 | INFO | sentence_transformers.base.model | Loading SentenceTransformer model from sentence-transformers/all-MiniLM-L6-v2.
2026-09-13 00:16:47,788 | INFO | httpx | HTTP Request: HEAD https://huggingface.co/sentence-transformers/all-MiniLM-L6-v2/resolve/main/config_sentence_transformers.json "HTTP/1.1 307 Temporary Redirect"
2026-09-13 00:16:48,392 | INFO | httpx | HTTP Request: HEAD https://huggingface.co/api/resolve-cache/models/sentence-transformers/all-MiniLM-L6-v2/1110a243fdf4706b3f48f1d95db1a4f5529b4d41/config_sentence_transformers.json "HTTP/1.1 200 OK"
2026-09-13 00:16:48,833 | INFO | httpx | HTTP Request: HEAD https://huggingface.co/sentence-transformers/all-MiniLM-L6-v2/resolve/main/README.md "HTTP/1.1 307 Temporary Redirect"
2026-09-13 00:16:48,932 | INFO | httpx | HTTP Request: HEAD https://huggingface.co/api/resolve-cache/models/sentence-transformers/all-MiniLM-L6-v2/1110a243fdf4706b3f48f1d95db1a4f5529b4d41/README.md "HTTP/1.1 200 OK"
2026-09-13 00:16:49,182 | INFO | httpx | HTTP Request: HEAD https://huggingface.co/sentence-transformers/all-MiniLM-L6-v2/resolve/main/modules.json "HTTP/1.1 307 Temporary Redirect"
2026-09-13 00:16:49,288 | INFO | httpx | HTTP Request: HEAD https://huggingface.co/api/resolve-cache/models/sentence-transformers/all-MiniLM-L6-v2/1110a243fdf4706b3f48f1d95db1a4f5529b4d41/modules.json "HTTP/1.1 200 OK"
2026-09-13 00:16:50,097 | INFO | httpx | HTTP Request: HEAD https://huggingface.co/sentence-transformers/all-MiniLM-L6-v2/resolve/main/sentence_bert_config.json "HTTP/1.1 307 Temporary Redirect"
2026-09-13 00:16:50,567 | INFO | httpx | HTTP Request: HEAD https://huggingface.co/api/resolve-cache/models/sentence-transformers/all-MiniLM-L6-v2/1110a243fdf4706b3f48f1d95db1a4f5529b4d41/sentence_bert_config.json "HTTP/1.1 200 OK"
2026-09-13 00:16:51,391 | INFO | httpx | HTTP Request: HEAD https://huggingface.co/sentence-transformers/all-MiniLM-L6-v2/resolve/main/adapter_config.json "HTTP/1.1 404 Not Found"
2026-09-13 00:16:52,208 | INFO | httpx | HTTP Request: HEAD https://huggingface.co/sentence-transformers/all-MiniLM-L6-v2/resolve/main/config.json "HTTP/1.1 307 Temporary Redirect"
2026-09-13 00:16:52,397 | INFO | httpx | HTTP Request: HEAD https://huggingface.co/api/resolve-cache/models/sentence-transformers/all-MiniLM-L6-v2/1110a243fdf4706b3f48f1d95db1a4f5529b4d41/config.json "HTTP/1.1 200 OK"
2026-09-13 00:16:53,098 | INFO | httpx | HTTP Request: HEAD https://huggingface.co/sentence-transformers/all-MiniLM-L6-v2/resolve/main/processor_config.json "HTTP/1.1 404 Not Found"
2026-09-13 00:16:53,536 | INFO | httpx | HTTP Request: HEAD https://huggingface.co/sentence-transformers/all-MiniLM-L6-v2/resolve/main/preprocessor_config.json "HTTP/1.1 404 Not Found"
2026-09-13 00:16:54,214 | INFO | httpx | HTTP Request: HEAD https://huggingface.co/sentence-transformers/all-MiniLM-L6-v2/resolve/main/video_preprocessor_config.json "HTTP/1.1 404 Not Found"
2026-09-13 00:16:54,927 | INFO | httpx | HTTP Request: HEAD https://huggingface.co/sentence-transformers/all-MiniLM-L6-v2/resolve/main/preprocessor_config.json "HTTP/1.1 404 Not Found"
2026-09-13 00:16:55,365 | INFO | httpx | HTTP Request: HEAD https://huggingface.co/sentence-transformers/all-MiniLM-L6-v2/resolve/main/tokenizer_config.json "HTTP/1.1 307 Temporary Redirect"
2026-09-13 00:16:55,424 | INFO | httpx | HTTP Request: HEAD https://huggingface.co/api/resolve-cache/models/sentence-transformers/all-MiniLM-L6-v2/1110a243fdf4706b3f48f1d95db1a4f5529b4d41/tokenizer_config.json "HTTP/1.1 200 OK"
2026-09-13 00:16:56,148 | INFO | httpx | HTTP Request: HEAD https://huggingface.co/sentence-transformers/all-MiniLM-L6-v2/resolve/main/config.json "HTTP/1.1 307 Temporary Redirect"
2026-09-13 00:16:56,660 | INFO | httpx | HTTP Request: HEAD https://huggingface.co/api/resolve-cache/models/sentence-transformers/all-MiniLM-L6-v2/1110a243fdf4706b3f48f1d95db1a4f5529b4d41/config.json "HTTP/1.1 200 OK"
2026-09-13 00:16:57,780 | INFO | httpx | HTTP Request: HEAD https://huggingface.co/sentence-transformers/all-MiniLM-L6-v2/resolve/main/config.json "HTTP/1.1 307 Temporary Redirect"
2026-09-13 00:16:58,012 | INFO | httpx | HTTP Request: HEAD https://huggingface.co/api/resolve-cache/models/sentence-transformers/all-MiniLM-L6-v2/1110a243fdf4706b3f48f1d95db1a4f5529b4d41/config.json "HTTP/1.1 200 OK"
2026-09-13 00:16:58,279 | INFO | httpx | HTTP Request: HEAD https://huggingface.co/sentence-transformers/all-MiniLM-L6-v2/resolve/main/tokenizer_config.json "HTTP/1.1 307 Temporary Redirect"
2026-09-13 00:16:58,648 | INFO | httpx | HTTP Request: HEAD https://huggingface.co/api/resolve-cache/models/sentence-transformers/all-MiniLM-L6-v2/1110a243fdf4706b3f48f1d95db1a4f5529b4d41/tokenizer_config.json "HTTP/1.1 200 OK"
2026-09-13 00:16:59,228 | INFO | httpx | HTTP Request: GET https://huggingface.co/api/models/sentence-transformers/all-MiniLM-L6-v2/tree/main/additional_chat_templates?recursive=false&expand=false "HTTP/1.1 404 Not Found"
2026-09-13 00:16:59,960 | INFO | httpx | HTTP Request: GET https://huggingface.co/api/models/sentence-transformers/all-MiniLM-L6-v2/tree/main?recursive=true&expand=false "HTTP/1.1 200 OK"
2026-09-13 00:17:00,980 | INFO | httpx | HTTP Request: HEAD https://huggingface.co/sentence-transformers/all-MiniLM-L6-v2/resolve/main/1_Pooling/config.json "HTTP/1.1 307 Temporary Redirect"
2026-09-13 00:17:01,350 | INFO | httpx | HTTP Request: HEAD https://huggingface.co/api/resolve-cache/models/sentence-transformers/all-MiniLM-L6-v2/1110a243fdf4706b3f48f1d95db1a4f5529b4d41/1_Pooling%2Fconfig.json "HTTP/1.1 200 OK"
2026-09-13 00:17:01,833 | INFO | httpx | HTTP Request: GET https://huggingface.co/api/models/sentence-transformers/all-MiniLM-L6-v2 "HTTP/1.1 200 OK"
2026-09-13 00:17:01,833 | INFO | src.embedders.embedding_generator | Embedding model loaded successfully
2026-09-13 00:17:01,833 | INFO | src.embedders.embedding_generator | Generating embedding for chunk (id=14f29be7-f723-41ef-87b7-5d4c43b2bf36_chunk_1)
2026-09-13 00:17:02,039 | INFO | src.storage.jsonl_store | Saving object to data/processed/embeddings.jsonl
2026-09-13 00:17:02,041 | INFO | src.storage.jsonl_store | Object saved successfully
2026-09-13 00:17:02,041 | INFO | src.embedders.embedding_generator | Generating embedding for chunk (id=14f29be7-f723-41ef-87b7-5d4c43b2bf36_chunk_2)
2026-09-13 00:17:02,064 | INFO | src.storage.jsonl_store | Saving object to data/processed/embeddings.jsonl
2026-09-13 00:17:02,066 | INFO | src.storage.jsonl_store | Object saved successfully
2026-09-13 00:17:02,066 | INFO | src.embedders.embedding_generator | Generating embedding for chunk (id=14f29be7-f723-41ef-87b7-5d4c43b2bf36_chunk_3)
2026-09-13 00:17:02,082 | INFO | src.storage.jsonl_store | Saving object to data/processed/embeddings.jsonl
2026-09-13 00:17:02,082 | INFO | src.storage.jsonl_store | Object saved successfully
2026-09-13 00:17:02,082 | INFO | src.embedders.embedding_generator | Generating embedding for chunk (id=14f29be7-f723-41ef-87b7-5d4c43b2bf36_chunk_4)
2026-09-13 00:17:02,115 | INFO | src.storage.jsonl_store | Saving object to data/processed/embeddings.jsonl
2026-09-13 00:17:02,115 | INFO | src.storage.jsonl_store | Object saved successfully
2026-09-13 00:17:02,115 | INFO | src.embedders.embedding_generator | Generating embedding for chunk (id=14f29be7-f723-41ef-87b7-5d4c43b2bf36_chunk_5)
2026-09-13 00:17:02,133 | INFO | src.storage.jsonl_store | Saving object to data/processed/embeddings.jsonl
2026-09-13 00:17:02,148 | INFO | src.storage.jsonl_store | Object saved successfully
2026-09-13 00:17:02,149 | INFO | src.embedders.embedding_generator | Generating embedding for chunk (id=14f29be7-f723-41ef-87b7-5d4c43b2bf36_chunk_6)
2026-09-13 00:17:02,169 | INFO | src.storage.jsonl_store | Saving object to data/processed/embeddings.jsonl
2026-09-13 00:17:02,169 | INFO | src.storage.jsonl_store | Object saved successfully
2026-09-13 00:17:02,169 | INFO | src.embedders.embedding_generator | Generating embedding for chunk (id=14f29be7-f723-41ef-87b7-5d4c43b2bf36_chunk_7)
2026-09-13 00:17:02,192 | INFO | src.storage.jsonl_store | Saving object to data/processed/embeddings.jsonl
2026-09-13 00:17:02,192 | INFO | src.storage.jsonl_store | Object saved successfully
2026-09-13 00:17:02,198 | INFO | src.embedders.embedding_generator | Generating embedding for chunk (id=14f29be7-f723-41ef-87b7-5d4c43b2bf36_chunk_8)
2026-09-13 00:17:02,219 | INFO | src.storage.jsonl_store | Saving object to data/processed/embeddings.jsonl
2026-09-13 00:17:02,223 | INFO | src.storage.jsonl_store | Object saved successfully
2026-09-13 00:17:02,223 | INFO | src.embedders.embedding_generator | Generating embedding for chunk (id=14f29be7-f723-41ef-87b7-5d4c43b2bf36_chunk_9)
2026-09-13 00:17:02,248 | INFO | src.storage.jsonl_store | Saving object to data/processed/embeddings.jsonl
2026-09-13 00:17:02,248 | INFO | src.storage.jsonl_store | Object saved successfully
2026-09-13 00:17:02,248 | INFO | src.embedders.embedding_generator | Generating embedding for chunk (id=14f29be7-f723-41ef-87b7-5d4c43b2bf36_chunk_10)
2026-09-13 00:17:02,275 | INFO | src.storage.jsonl_store | Saving object to data/processed/embeddings.jsonl
2026-09-13 00:17:02,277 | INFO | src.storage.jsonl_store | Object saved successfully
2026-09-13 00:17:02,277 | INFO | src.embedders.embedding_generator | Generating embedding for chunk (id=14f29be7-f723-41ef-87b7-5d4c43b2bf36_chunk_11)
2026-09-13 00:17:02,300 | INFO | src.storage.jsonl_store | Saving object to data/processed/embeddings.jsonl
2026-09-13 00:17:02,302 | INFO | src.storage.jsonl_store | Object saved successfully
2026-09-13 00:17:02,302 | INFO | src.embedders.embedding_generator | Generating embedding for chunk (id=14f29be7-f723-41ef-87b7-5d4c43b2bf36_chunk_12)
2026-09-13 00:17:02,317 | INFO | src.storage.jsonl_store | Saving object to data/processed/embeddings.jsonl
2026-09-13 00:17:02,327 | INFO | src.storage.jsonl_store | Object saved successfully
2026-09-13 00:17:02,328 | INFO | src.embedders.embedding_generator | Generating embedding for chunk (id=14f29be7-f723-41ef-87b7-5d4c43b2bf36_chunk_13)
2026-09-13 00:17:02,356 | INFO | src.storage.jsonl_store | Saving object to data/processed/embeddings.jsonl
2026-09-13 00:17:02,356 | INFO | src.storage.jsonl_store | Object saved successfully
2026-09-13 00:17:02,356 | INFO | src.embedders.embedding_generator | Generating embedding for chunk (id=14f29be7-f723-41ef-87b7-5d4c43b2bf36_chunk_14)
2026-09-13 00:17:02,381 | INFO | src.storage.jsonl_store | Saving object to data/processed/embeddings.jsonl
2026-09-13 00:17:02,381 | INFO | src.storage.jsonl_store | Object saved successfully
2026-09-13 00:17:02,381 | INFO | src.embedders.embedding_generator | Generating embedding for chunk (id=14f29be7-f723-41ef-87b7-5d4c43b2bf36_chunk_15)
2026-09-13 00:17:02,407 | INFO | src.storage.jsonl_store | Saving object to data/processed/embeddings.jsonl
2026-09-13 00:17:02,409 | INFO | src.storage.jsonl_store | Object saved successfully
2026-09-13 00:17:02,409 | INFO | src.embedders.embedding_generator | Generating embedding for chunk (id=14f29be7-f723-41ef-87b7-5d4c43b2bf36_chunk_16)
2026-09-13 00:17:02,431 | INFO | src.storage.jsonl_store | Saving object to data/processed/embeddings.jsonl
2026-09-13 00:17:02,433 | INFO | src.storage.jsonl_store | Object saved successfully
2026-09-13 00:17:02,434 | INFO | src.embedders.embedding_generator | Generating embedding for chunk (id=14f29be7-f723-41ef-87b7-5d4c43b2bf36_chunk_17)
2026-09-13 00:17:02,452 | INFO | src.storage.jsonl_store | Saving object to data/processed/embeddings.jsonl
2026-09-13 00:17:02,459 | INFO | src.storage.jsonl_store | Object saved successfully
2026-09-13 00:17:02,459 | INFO | src.embedders.embedding_generator | Generating embedding for chunk (id=14f29be7-f723-41ef-87b7-5d4c43b2bf36_chunk_18)
2026-09-13 00:17:02,477 | INFO | src.storage.jsonl_store | Saving object to data/processed/embeddings.jsonl
2026-09-13 00:17:02,477 | INFO | src.storage.jsonl_store | Object saved successfully
2026-09-13 00:17:02,477 | INFO | src.embedders.embedding_generator | Generating embedding for chunk (id=14f29be7-f723-41ef-87b7-5d4c43b2bf36_chunk_19)
2026-09-13 00:17:02,497 | INFO | src.storage.jsonl_store | Saving object to data/processed/embeddings.jsonl
2026-09-13 00:17:02,497 | INFO | src.storage.jsonl_store | Object saved successfully
2026-09-13 00:17:02,499 | INFO | src.pipelines.dataset_pipeline | embedding Length=19
2026-09-13 00:17:02,499 | INFO | src.pipelines.dataset_pipeline | Processing URL: https://.tech/docs/python/input-and-print
2026-09-13 00:17:02,499 | INFO | src.collectors.docs_collector | Collecting document from https://.tech/docs/python/input-and-print
2026-09-13 00:17:02,499 | ERROR | src.collectors.docs_collector | Failed to download https://.tech/docs/python/input-and-print
2026-09-13 00:17:02,499 | ERROR | src.pipelines.dataset_pipeline | Failed to collect https://.tech/docs/python/input-and-print: Unable to download document from https://.tech/docs/python/input-and-print
2026-09-13 00:17:02,499 | INFO | src.pipelines.dataset_pipeline | Processing URL: https://.tech/docs/python/input-and-print
2026-09-13 00:17:02,499 | INFO | src.collectors.docs_collector | Collecting document from https://.tech/docs/python/input-and-print
2026-09-13 00:17:02,499 | ERROR | src.collectors.docs_collector | Failed to download https://.tech/docs/python/input-and-print
2026-09-13 00:17:02,499 | ERROR | src.pipelines.dataset_pipeline | Failed to collect https://.tech/docs/python/input-and-print: Unable to download document from https://.tech/docs/python/input-and-print
2026-09-13 00:17:02,499 | INFO | src.storage.jsonl_store | Reading records from data/processed/embeddings.jsonl
2026-09-13 00:17:02,583 | INFO | src.storage.jsonl_store | Loaded 355 objects
2026-09-13 00:17:02,606 | INFO | src.pipelines.dataset_pipeline | FAISS index contains 355 vectors
2026-09-22 22:43:29,301 | INFO | src.embedders.embedding_generator | Loading embedding model: all-MiniLM-L6-v2
2026-09-22 22:43:29,303 | INFO | sentence_transformers.base.model | No device provided, using cpu
2026-09-22 22:43:29,678 | INFO | httpx | HTTP Request: GET https://huggingface.co/api/agent-harnesses "HTTP/1.1 200 OK"
2026-09-22 22:43:29,926 | INFO | httpx | HTTP Request: HEAD https://huggingface.co/sentence-transformers/all-MiniLM-L6-v2/resolve/main/modules.json "HTTP/1.1 307 Temporary Redirect"
2026-09-22 22:43:29,928 | WARNING | huggingface_hub.utils._http | Warning: You are sending unauthenticated requests to the HF Hub. Please set a HF_TOKEN to enable higher rate limits and faster downloads.
2026-09-22 22:43:29,960 | INFO | httpx | HTTP Request: HEAD https://huggingface.co/api/resolve-cache/models/sentence-transformers/all-MiniLM-L6-v2/1110a243fdf4706b3f48f1d95db1a4f5529b4d41/modules.json "HTTP/1.1 200 OK"
2026-09-22 22:43:30,228 | INFO | httpx | HTTP Request: HEAD https://huggingface.co/sentence-transformers/all-MiniLM-L6-v2/resolve/main/config_sentence_transformers.json "HTTP/1.1 307 Temporary Redirect"
2026-09-22 22:43:30,268 | INFO | httpx | HTTP Request: HEAD https://huggingface.co/api/resolve-cache/models/sentence-transformers/all-MiniLM-L6-v2/1110a243fdf4706b3f48f1d95db1a4f5529b4d41/config_sentence_transformers.json "HTTP/1.1 200 OK"
2026-09-22 22:43:30,290 | INFO | sentence_transformers.base.model | Loading SentenceTransformer model from sentence-transformers/all-MiniLM-L6-v2.
2026-09-22 22:43:30,531 | INFO | httpx | HTTP Request: HEAD https://huggingface.co/sentence-transformers/all-MiniLM-L6-v2/resolve/main/config_sentence_transformers.json "HTTP/1.1 307 Temporary Redirect"
2026-09-22 22:43:30,560 | INFO | httpx | HTTP Request: HEAD https://huggingface.co/api/resolve-cache/models/sentence-transformers/all-MiniLM-L6-v2/1110a243fdf4706b3f48f1d95db1a4f5529b4d41/config_sentence_transformers.json "HTTP/1.1 200 OK"
2026-09-22 22:43:30,814 | INFO | httpx | HTTP Request: HEAD https://huggingface.co/sentence-transformers/all-MiniLM-L6-v2/resolve/main/README.md "HTTP/1.1 307 Temporary Redirect"
2026-09-22 22:43:30,841 | INFO | httpx | HTTP Request: HEAD https://huggingface.co/api/resolve-cache/models/sentence-transformers/all-MiniLM-L6-v2/1110a243fdf4706b3f48f1d95db1a4f5529b4d41/README.md "HTTP/1.1 200 OK"
2026-09-22 22:43:31,110 | INFO | httpx | HTTP Request: HEAD https://huggingface.co/sentence-transformers/all-MiniLM-L6-v2/resolve/main/modules.json "HTTP/1.1 307 Temporary Redirect"
2026-09-22 22:43:31,143 | INFO | httpx | HTTP Request: HEAD https://huggingface.co/api/resolve-cache/models/sentence-transformers/all-MiniLM-L6-v2/1110a243fdf4706b3f48f1d95db1a4f5529b4d41/modules.json "HTTP/1.1 200 OK"
2026-09-22 22:43:31,398 | INFO | httpx | HTTP Request: HEAD https://huggingface.co/sentence-transformers/all-MiniLM-L6-v2/resolve/main/sentence_bert_config.json "HTTP/1.1 307 Temporary Redirect"
2026-09-22 22:43:31,432 | INFO | httpx | HTTP Request: HEAD https://huggingface.co/api/resolve-cache/models/sentence-transformers/all-MiniLM-L6-v2/1110a243fdf4706b3f48f1d95db1a4f5529b4d41/sentence_bert_config.json "HTTP/1.1 200 OK"
2026-09-22 22:43:31,695 | INFO | httpx | HTTP Request: HEAD https://huggingface.co/sentence-transformers/all-MiniLM-L6-v2/resolve/main/adapter_config.json "HTTP/1.1 404 Not Found"
2026-09-22 22:43:31,941 | INFO | httpx | HTTP Request: HEAD https://huggingface.co/sentence-transformers/all-MiniLM-L6-v2/resolve/main/config.json "HTTP/1.1 307 Temporary Redirect"
2026-09-22 22:43:31,973 | INFO | httpx | HTTP Request: HEAD https://huggingface.co/api/resolve-cache/models/sentence-transformers/all-MiniLM-L6-v2/1110a243fdf4706b3f48f1d95db1a4f5529b4d41/config.json "HTTP/1.1 200 OK"
2026-09-22 22:43:32,656 | INFO | httpx | HTTP Request: HEAD https://huggingface.co/sentence-transformers/all-MiniLM-L6-v2/resolve/main/processor_config.json "HTTP/1.1 404 Not Found"
2026-09-22 22:43:32,911 | INFO | httpx | HTTP Request: HEAD https://huggingface.co/sentence-transformers/all-MiniLM-L6-v2/resolve/main/preprocessor_config.json "HTTP/1.1 404 Not Found"
2026-09-22 22:43:33,161 | INFO | httpx | HTTP Request: HEAD https://huggingface.co/sentence-transformers/all-MiniLM-L6-v2/resolve/main/video_preprocessor_config.json "HTTP/1.1 404 Not Found"
2026-09-22 22:43:33,456 | INFO | httpx | HTTP Request: HEAD https://huggingface.co/sentence-transformers/all-MiniLM-L6-v2/resolve/main/preprocessor_config.json "HTTP/1.1 404 Not Found"
2026-09-22 22:43:33,693 | INFO | httpx | HTTP Request: HEAD https://huggingface.co/sentence-transformers/all-MiniLM-L6-v2/resolve/main/tokenizer_config.json "HTTP/1.1 307 Temporary Redirect"
2026-09-22 22:43:33,727 | INFO | httpx | HTTP Request: HEAD https://huggingface.co/api/resolve-cache/models/sentence-transformers/all-MiniLM-L6-v2/1110a243fdf4706b3f48f1d95db1a4f5529b4d41/tokenizer_config.json "HTTP/1.1 200 OK"
2026-09-22 22:43:33,999 | INFO | httpx | HTTP Request: HEAD https://huggingface.co/sentence-transformers/all-MiniLM-L6-v2/resolve/main/config.json "HTTP/1.1 307 Temporary Redirect"
2026-09-22 22:43:34,028 | INFO | httpx | HTTP Request: HEAD https://huggingface.co/api/resolve-cache/models/sentence-transformers/all-MiniLM-L6-v2/1110a243fdf4706b3f48f1d95db1a4f5529b4d41/config.json "HTTP/1.1 200 OK"
2026-09-22 22:43:34,283 | INFO | httpx | HTTP Request: HEAD https://huggingface.co/sentence-transformers/all-MiniLM-L6-v2/resolve/main/config.json "HTTP/1.1 307 Temporary Redirect"
2026-09-22 22:43:34,317 | INFO | httpx | HTTP Request: HEAD https://huggingface.co/api/resolve-cache/models/sentence-transformers/all-MiniLM-L6-v2/1110a243fdf4706b3f48f1d95db1a4f5529b4d41/config.json "HTTP/1.1 200 OK"
2026-09-22 22:43:34,561 | INFO | httpx | HTTP Request: HEAD https://huggingface.co/sentence-transformers/all-MiniLM-L6-v2/resolve/main/tokenizer_config.json "HTTP/1.1 307 Temporary Redirect"
2026-09-22 22:43:34,591 | INFO | httpx | HTTP Request: HEAD https://huggingface.co/api/resolve-cache/models/sentence-transformers/all-MiniLM-L6-v2/1110a243fdf4706b3f48f1d95db1a4f5529b4d41/tokenizer_config.json "HTTP/1.1 200 OK"
2026-09-22 22:43:34,847 | INFO | httpx | HTTP Request: GET https://huggingface.co/api/models/sentence-transformers/all-MiniLM-L6-v2/tree/main/additional_chat_templates?recursive=false&expand=false "HTTP/1.1 404 Not Found"
2026-09-22 22:43:35,103 | INFO | httpx | HTTP Request: GET https://huggingface.co/api/models/sentence-transformers/all-MiniLM-L6-v2/tree/main?recursive=true&expand=false "HTTP/1.1 200 OK"
2026-09-22 22:43:35,421 | INFO | httpx | HTTP Request: HEAD https://huggingface.co/sentence-transformers/all-MiniLM-L6-v2/resolve/main/1_Pooling/config.json "HTTP/1.1 307 Temporary Redirect"
2026-09-22 22:43:35,454 | INFO | httpx | HTTP Request: HEAD https://huggingface.co/api/resolve-cache/models/sentence-transformers/all-MiniLM-L6-v2/1110a243fdf4706b3f48f1d95db1a4f5529b4d41/1_Pooling%2Fconfig.json "HTTP/1.1 200 OK"
2026-09-22 22:43:35,722 | INFO | httpx | HTTP Request: GET https://huggingface.co/api/models/sentence-transformers/all-MiniLM-L6-v2 "HTTP/1.1 200 OK"
2026-09-22 22:43:35,730 | INFO | src.embedders.embedding_generator | Embedding model loaded successfully
2026-09-22 22:43:35,731 | INFO | src.storage.jsonl_store | Reading records from data/processed/chunks.jsonl
2026-09-22 22:43:35,750 | INFO | src.storage.jsonl_store | Loaded 355 objects
2026-09-22 22:43:49,688 | INFO | src.pipelines.analytics_pipeline | Starting dataset analytics
2026-09-22 22:43:49,688 | INFO | src.storage.jsonl_store | Reading records from data/raw/documents.jsonl
2026-09-22 22:43:49,698 | INFO | src.storage.jsonl_store | Loaded 15 objects
2026-09-22 22:43:49,698 | INFO | src.pipelines.analytics_pipeline | Generated Dataset Report
